ncm;nome;aliquota_ipi;origem
01012100;Reprodutores de raça pura;0.00;oca-l10n-brazil/tipi
01012900;Outros;0.00;oca-l10n-brazil/tipi
01013000;Asininos;0.00;oca-l10n-brazil/tipi
01019000;Outros;0.00;oca-l10n-brazil/tipi
01022110;Prenhes ou com cria ao pé;0.00;oca-l10n-brazil/tipi
01022190;Outros;0.00;oca-l10n-brazil/tipi
01022911;Prenhes ou com cria ao pé;0.00;oca-l10n-brazil/tipi
01022919;Outros;0.00;oca-l10n-brazil/tipi
01022990;Outros;0.00;oca-l10n-brazil/tipi
01023110;Prenhes ou com cria ao pé;0.00;oca-l10n-brazil/tipi
01023190;Outros;0.00;oca-l10n-brazil/tipi
01023911;Prenhes ou com cria ao pé;0.00;oca-l10n-brazil/tipi
01023919;Outros;0.00;oca-l10n-brazil/tipi
01023990;Outros;0.00;oca-l10n-brazil/tipi
01029000;Outros;0.00;oca-l10n-brazil/tipi
01031000;Reprodutores de raça pura;0.00;oca-l10n-brazil/tipi
01039100;De peso inferior a 50 kg;0.00;oca-l10n-brazil/tipi
01039200;De peso igual ou superior a 50 kg;0.00;oca-l10n-brazil/tipi
01041011;Prenhes ou com cria ao pé;0.00;oca-l10n-brazil/tipi
01041019;Outros;0.00;oca-l10n-brazil/tipi
01041090;Outros;0.00;oca-l10n-brazil/tipi
01042010;Reprodutores de raça pura;0.00;oca-l10n-brazil/tipi
01042090;Outros;0.00;oca-l10n-brazil/tipi
01051110;De linhas puras ou híbridas, para reprodução;0.00;oca-l10n-brazil/tipi
01051190;Outros;0.00;oca-l10n-brazil/tipi
01051200;Peruas e perus;0.00;oca-l10n-brazil/tipi
01051300;Patos;0.00;oca-l10n-brazil/tipi
01051400;Gansos;0.00;oca-l10n-brazil/tipi
01051500;Galinhas-d'angola (pintadas);0.00;oca-l10n-brazil/tipi
01059400;Aves da espécie Gallus domesticus;0.00;oca-l10n-brazil/tipi
01059900;Outros;0.00;oca-l10n-brazil/tipi
01061100;Primatas;0.00;oca-l10n-brazil/tipi
01061200;"Baleias, golfinhos e botos (mamíferos da ordem Cetacea); peixes-boi (manatins) e dugongos (mamífe...";0.00;oca-l10n-brazil/tipi
01061300;Camelos e outros camelídeos (Camelidae);0.00;oca-l10n-brazil/tipi
01061400;Coelhos e lebres;0.00;oca-l10n-brazil/tipi
01061900;Outros;0.00;oca-l10n-brazil/tipi
01062000;Répteis (incluindo as serpentes e as tartarugas marinhas);0.00;oca-l10n-brazil/tipi
01063100;Aves de rapina;0.00;oca-l10n-brazil/tipi
01063200;Psitaciformes (incluindo os papagaios, os periquitos, as araras e as catatuas);0.00;oca-l10n-brazil/tipi
01063310;Avestruzes (Struthio camelus), para reprodução;0.00;oca-l10n-brazil/tipi
01063390;Outros;0.00;oca-l10n-brazil/tipi
01063900;Outras;0.00;oca-l10n-brazil/tipi
01064100;Abelhas;0.00;oca-l10n-brazil/tipi
01064900;Outros;0.00;oca-l10n-brazil/tipi
01069000;Outros;0.00;oca-l10n-brazil/tipi
02011000;Carcaças e meias-carcaças;0.00;oca-l10n-brazil/tipi
02012010;Quartos dianteiros;0.00;oca-l10n-brazil/tipi
02012020;Quartos traseiros;0.00;oca-l10n-brazil/tipi
02012090;Outras;0.00;oca-l10n-brazil/tipi
02013000;Desossadas;0.00;oca-l10n-brazil/tipi
02021000;Carcaças e meias-carcaças;0.00;oca-l10n-brazil/tipi
02022010;Quartos dianteiros;0.00;oca-l10n-brazil/tipi
02022020;Quartos traseiros;0.00;oca-l10n-brazil/tipi
02022090;Outras;0.00;oca-l10n-brazil/tipi
02023000;Desossadas;0.00;oca-l10n-brazil/tipi
02031100;Carcaças e meias-carcaças;0.00;oca-l10n-brazil/tipi
02031200;Pernas, pás e respectivos pedaços, não desossados;0.00;oca-l10n-brazil/tipi
02031900;Outras;0.00;oca-l10n-brazil/tipi
02032100;Carcaças e meias-carcaças;0.00;oca-l10n-brazil/tipi
02032200;Pernas, pás e respectivos pedaços, não desossados;0.00;oca-l10n-brazil/tipi
02032900;Outras;0.00;oca-l10n-brazil/tipi
02041000;Carcaças e meias-carcaças de cordeiro, frescas ou refrigeradas;0.00;oca-l10n-brazil/tipi
02042100;Carcaças e meias-carcaças;0.00;oca-l10n-brazil/tipi
02042200;Outras peças não desossadas;0.00;oca-l10n-brazil/tipi
02042300;Desossadas;0.00;oca-l10n-brazil/tipi
02043000;Carcaças e meias-carcaças de cordeiro, congeladas;0.00;oca-l10n-brazil/tipi
02044100;Carcaças e meias-carcaças;0.00;oca-l10n-brazil/tipi
02044200;Outras peças não desossadas;0.00;oca-l10n-brazil/tipi
02044300;Desossadas;0.00;oca-l10n-brazil/tipi
02045000;Carnes de animais da espécie caprina;0.00;oca-l10n-brazil/tipi
02050000;Carnes de animais das espécies cavalar, asinina e muar, frescas, refrigeradas ou congeladas.;0.00;oca-l10n-brazil/tipi
02061000;Da espécie bovina, frescas ou refrigeradas;0.00;oca-l10n-brazil/tipi
02062100;Línguas;0.00;oca-l10n-brazil/tipi
02062200;Fígados;0.00;oca-l10n-brazil/tipi
02062910;Rabos;0.00;oca-l10n-brazil/tipi
02062990;Outros;0.00;oca-l10n-brazil/tipi
02063000;Da espécie suína, frescas ou refrigeradas;0.00;oca-l10n-brazil/tipi
02064100;Fígados;0.00;oca-l10n-brazil/tipi
02064900;Outras;0.00;oca-l10n-brazil/tipi
02068000;Outras, frescas ou refrigeradas;0.00;oca-l10n-brazil/tipi
02069000;Outras, congeladas;0.00;oca-l10n-brazil/tipi
02071100;Não cortadas em pedaços, frescas ou refrigeradas;0.00;oca-l10n-brazil/tipi
02071210;Com miudezas;;sem-ipi-na-fonte
02071220;Sem miudezas;;sem-ipi-na-fonte
02071300;Pedaços e miudezas, frescos ou refrigerados;0.00;oca-l10n-brazil/tipi
02071411;Peitos;;sem-ipi-na-fonte
02071412;Coxas com sobrecoxas;;sem-ipi-na-fonte
02071413;Asas;;sem-ipi-na-fonte
02071419;Outros;;sem-ipi-na-fonte
02071421;Peitos, coxas e sobrecoxas, formando uma só peça;;sem-ipi-na-fonte
02071422;Peitos;;sem-ipi-na-fonte
02071423;Coxas com sobrecoxas;;sem-ipi-na-fonte
02071424;Carne mecanicamente separada;;sem-ipi-na-fonte
02071429;Outros;;sem-ipi-na-fonte
02071431;Fígados;;sem-ipi-na-fonte
02071432;Moelas;;sem-ipi-na-fonte
02071433;Corações;;sem-ipi-na-fonte
02071434;Pés e patas;;sem-ipi-na-fonte
02071439;Outras;;sem-ipi-na-fonte
02072400;Não cortadas em pedaços, frescas ou refrigeradas;0.00;oca-l10n-brazil/tipi
02072500;Não cortadas em pedaços, congeladas;0.00;oca-l10n-brazil/tipi
02072600;Pedaços e miudezas, frescos ou refrigerados;0.00;oca-l10n-brazil/tipi
02072700;Pedaços e miudezas, congelados;0.00;oca-l10n-brazil/tipi
02074100;Não cortadas em pedaços, frescas ou refrigeradas;0.00;oca-l10n-brazil/tipi
02074200;Não cortadas em pedaços, congeladas;0.00;oca-l10n-brazil/tipi
02074300;Fígados gordos (foies gras), frescos ou refrigerados;0.00;oca-l10n-brazil/tipi
02074400;Outras, frescas ou refrigeradas;0.00;oca-l10n-brazil/tipi
02074500;Outras, congeladas;0.00;oca-l10n-brazil/tipi
02075100;Não cortadas em pedaços, frescas ou refrigeradas;0.00;oca-l10n-brazil/tipi
02075200;Não cortadas em pedaços, congeladas;0.00;oca-l10n-brazil/tipi
02075300;Fígados gordos (foies gras), frescos ou refrigerados;0.00;oca-l10n-brazil/tipi
02075400;Outras, frescas ou refrigeradas;0.00;oca-l10n-brazil/tipi
02075500;Outras, congeladas;0.00;oca-l10n-brazil/tipi
02076000;De galinhas-d'angola (pintadas);0.00;oca-l10n-brazil/tipi
02081000;De coelhos ou lebres;0.00;oca-l10n-brazil/tipi
02083000;De primatas;0.00;oca-l10n-brazil/tipi
02084000;"De baleias, golfinhos e botos (mamíferos da ordem Cetacea); de peixes-boi (manatins) e dugongos (...";0.00;oca-l10n-brazil/tipi
02085000;De répteis (incluindo as serpentes e as tartarugas marinhas);0.00;oca-l10n-brazil/tipi
02086000;De camelos e outros camelídeos (Camelidae);0.00;oca-l10n-brazil/tipi
02089000;Outras;0.00;oca-l10n-brazil/tipi
02091011;Fresco, refrigerado ou congelado;0.00;oca-l10n-brazil/tipi
02091019;Outros;0.00;oca-l10n-brazil/tipi
02091021;Fresca, refrigerada ou congelada;0.00;oca-l10n-brazil/tipi
02091029;Outras;0.00;oca-l10n-brazil/tipi
02099000;Outros;0.00;oca-l10n-brazil/tipi
02101100;Pernas, pás e respectivos pedaços, não desossados;0.00;oca-l10n-brazil/tipi
02101200;Toucinhos entremeados (Barrigas (entremeadas)*) e seus pedaços;0.00;oca-l10n-brazil/tipi
02101900;Outras;0.00;oca-l10n-brazil/tipi
02102000;Carnes da espécie bovina;0.00;oca-l10n-brazil/tipi
02109100;De primatas;0.00;oca-l10n-brazil/tipi
02109200;"De baleias, golfinhos e botos (mamíferos da ordem Cetacea); de peixes-boi (manatins) e dugongos (...";0.00;oca-l10n-brazil/tipi
02109300;De répteis (incluindo as serpentes e as tartarugas marinhas);0.00;oca-l10n-brazil/tipi
02109911;De galos e de galinhas;0.00;oca-l10n-brazil/tipi
02109919;Outras;0.00;oca-l10n-brazil/tipi
02109920;Carnes da espécie ovina;0.00;oca-l10n-brazil/tipi
02109930;Carnes da espécie cavalar;0.00;oca-l10n-brazil/tipi
02109940;Miudezas comestíveis;0.00;oca-l10n-brazil/tipi
02109990;Outras;0.00;oca-l10n-brazil/tipi
03011110;Aruanã (Osteoglossum bicirrhosum);0.00;oca-l10n-brazil/tipi
03011190;Outros;0.00;oca-l10n-brazil/tipi
03011900;Outros;0.00;oca-l10n-brazil/tipi
03019110;Para reprodução;0.00;oca-l10n-brazil/tipi
03019190;Outras;0.00;oca-l10n-brazil/tipi
03019210;Para reprodução;0.00;oca-l10n-brazil/tipi
03019290;Outras;0.00;oca-l10n-brazil/tipi
03019310;Para reprodução;0.00;oca-l10n-brazil/tipi
03019390;Outras;0.00;oca-l10n-brazil/tipi
03019410;Para reprodução;0.00;oca-l10n-brazil/tipi
03019490;Outras;0.00;oca-l10n-brazil/tipi
03019510;Para reprodução;0.00;oca-l10n-brazil/tipi
03019590;Outros;0.00;oca-l10n-brazil/tipi
03019911;"Tilápias (Tilapia spp., Oreochromis spp., Sarotherodon spp., Danakilia spp.; seus híbridos)";0.00;oca-l10n-brazil/tipi
03019912;Esturjões (Acipenser baerii, Acipenser gueldenstaedtii, Acipenser persicus, Acipenser stellatus);0.00;oca-l10n-brazil/tipi
03019919;Outros;0.00;oca-l10n-brazil/tipi
03019991;"Tilápias (Tilapia spp., Oreochromis spp., Sarotherodon spp., Danakilia spp.; seus híbridos)";0.00;oca-l10n-brazil/tipi
03019992;Esturjões (Acipenser baerii, Acipenser gueldenstaedtii, Acipenser persicus, Acipenser stellatus);0.00;oca-l10n-brazil/tipi
03019999;Outros;0.00;oca-l10n-brazil/tipi
03021100;Trutas (Salmo trutta, Oncorhynchus mykiss, Oncorhynchus clarki, Oncorhynchus aguabonita, Oncorhyn...;0.00;oca-l10n-brazil/tipi
03021300;Salmões-do-pacífico (Oncorhynchus nerka, Oncorhynchus gorbuscha, Oncorhynchus keta, Oncorhynchus...;0.00;oca-l10n-brazil/tipi
03021400;Salmão-do-atlântico (Salmo salar) e salmão-do-danúbio (Hucho hucho);0.00;oca-l10n-brazil/tipi
03021900;Outros;0.00;oca-l10n-brazil/tipi
03022100;Linguados-gigantes (Alabotes*) (Reinhardtius hippoglossoides, Hippoglossus hippoglossus, Hippoglo...;0.00;oca-l10n-brazil/tipi
03022200;Solha (Pleuronectes platessa);0.00;oca-l10n-brazil/tipi
03022300;Linguados (Solea spp.);0.00;oca-l10n-brazil/tipi
03022400;Pregado (Psetta maxima);0.00;oca-l10n-brazil/tipi
03022900;Outros;0.00;oca-l10n-brazil/tipi
03023100;Albacora-branca (atum) (Thunnus alalunga);0.00;oca-l10n-brazil/tipi
03023200;Albacora-laje (atum) (Thunnus albacares);0.00;oca-l10n-brazil/tipi
03023300;Bonito-listrado (Gaiado*) (Katsuwonus pelamis);0.00;oca-l10n-brazil/tipi
03023400;Albacora-bandolim (atum) (Thunnus obesus);0.00;oca-l10n-brazil/tipi
03023500;Atuns-azuis (atuns) (Thunnus thynnus, Thunnus orientalis);0.00;oca-l10n-brazil/tipi
03023600;Atum-azul do sul (atum) (Thunnus maccoyii);0.00;oca-l10n-brazil/tipi
03023900;Outros;0.00;oca-l10n-brazil/tipi
03024100;Arenques (Clupea harengus, Clupea pallasii);0.00;oca-l10n-brazil/tipi
03024210;Anchoita (Engraulis anchoita);0.00;oca-l10n-brazil/tipi
03024290;Outros;0.00;oca-l10n-brazil/tipi
03024300;Sardinhas (Sardina pilchardus, Sardinops spp., Sardinella spp.) (Sardinha (Sardina pilchardus) e...;0.00;oca-l10n-brazil/tipi
03024400;Cavalinhas (Sardas e cavalas*) (Scomber scombrus, Scomber australasicus, Scomber japonicus);0.00;oca-l10n-brazil/tipi
03024500;Carapaus (Trachurus spp.);0.00;oca-l10n-brazil/tipi
03024600;Bijupirá (Cobia*) (Rachycentron canadum);0.00;oca-l10n-brazil/tipi
03024700;Espadarte (Xiphias gladius);0.00;oca-l10n-brazil/tipi
03024910;Espadins, marlins, veleiros (Istiophoridae);0.00;oca-l10n-brazil/tipi
03024990;Outros;0.00;oca-l10n-brazil/tipi
03025100;Bacalhau-do-atlântico (Gadus morhua), bacalhau-da-groelândia (Gadus ogac) e bacalhau-do-pacífico...;0.00;oca-l10n-brazil/tipi
03025200;Hadoque (Arinca*) (Melanogrammus aeglefinus);0.00;oca-l10n-brazil/tipi
03025300;Saithe (Escamudo*) (Pollachius virens);0.00;oca-l10n-brazil/tipi
03025400;Merluzas (Pescadas*) e abróteas (Merluccius spp., Urophycis spp.);0.00;oca-l10n-brazil/tipi
03025500;Polaca-do-alasca (Escamudo-do-alasca*) (Theragra chalcogramma);0.00;oca-l10n-brazil/tipi
03025600;Verdinhos (Micromesistius poutassou, Micromesistius australis);0.00;oca-l10n-brazil/tipi
03025900;Outros;0.00;oca-l10n-brazil/tipi
03027100;Tilápias (Oreochromis spp.);0.00;oca-l10n-brazil/tipi
03027210;Bagre americano (Ictalurus punctatus);0.00;oca-l10n-brazil/tipi
03027290;Outros;0.00;oca-l10n-brazil/tipi
03027300;Carpas (Cyprinus spp., Carassius spp., Ctenopharyngodon idellus, Hypophthalmichthys spp., Cirrhin...;0.00;oca-l10n-brazil/tipi
03027400;Enguias (Anguilla spp.);0.00;oca-l10n-brazil/tipi
03027900;Outros;0.00;oca-l10n-brazil/tipi
03028100;Cação e outros tubarões;0.00;oca-l10n-brazil/tipi
03028200;Raias (Rajidae);0.00;oca-l10n-brazil/tipi
03028310;Merluza negra (Dissostichus eleginoides);0.00;oca-l10n-brazil/tipi
03028320;Merluza antártica (Dissostichus mawsoni);0.00;oca-l10n-brazil/tipi
03028400;Robalos (Dicentrarchus spp.);0.00;oca-l10n-brazil/tipi
03028500;Esparídeos (Sparidae);0.00;oca-l10n-brazil/tipi
03028910;Pargo (Lutjanus purpureus);0.00;oca-l10n-brazil/tipi
03028921;Cherne-poveiro (Polyprion americanus);0.00;oca-l10n-brazil/tipi
03028922;Garoupas (Acanthistius spp.);0.00;oca-l10n-brazil/tipi
03028923;Esturjão (Acipenser baerii);0.00;oca-l10n-brazil/tipi
03028924;Peixes-rei (Atherina spp.);0.00;oca-l10n-brazil/tipi
03028931;Curimatãs (Prochilodus spp.);0.00;oca-l10n-brazil/tipi
03028932;"Tilápias (Tilapia spp., Sarotherodon spp., Danakilia spp.; seus híbridos)";0.00;oca-l10n-brazil/tipi
03028933;Surubins (Pseudoplatystoma spp.);0.00;oca-l10n-brazil/tipi
03028934;Traíra (Hoplias malabaricus & H. cf. lacerdae);0.00;oca-l10n-brazil/tipi
03028935;Piaus (Leporinus spp.);0.00;oca-l10n-brazil/tipi
03028936;Tainhas (Mugil spp.);0.00;oca-l10n-brazil/tipi
03028937;Pirarucu (Arapaima gigas);0.00;oca-l10n-brazil/tipi
03028938;Pescadas (Cynoscion spp.);0.00;oca-l10n-brazil/tipi
03028941;Piramutaba (Brachyplatystoma vaillantii);0.00;oca-l10n-brazil/tipi
03028942;Dourada (Brachyplatystoma flavicans);0.00;oca-l10n-brazil/tipi
03028943;Pacu (Piaractus mesopotamicus);0.00;oca-l10n-brazil/tipi
03028944;Tambaqui (Colossoma macropomum);0.00;oca-l10n-brazil/tipi
03028945;Tambacu (híbrido de tambaqui e pacu);0.00;oca-l10n-brazil/tipi
03028990;Outros;0.00;oca-l10n-brazil/tipi
03029110;Ovas de tainhas (Mugil spp.);;sem-ipi-na-fonte
03029190;Outros;;sem-ipi-na-fonte
03029200;Barbatanas de tubarão;0.00;oca-l10n-brazil/tipi
03029900;Outros;0.00;oca-l10n-brazil/tipi
03031100;Salmão-do-pacífico (salmão-vermelho) (Oncorhynchus nerka);0.00;oca-l10n-brazil/tipi
03031200;Outros salmões-do-pacífico (Oncorhynchus gorbuscha, Oncorhynchus keta, Oncorhynchus tschawytscha,...;0.00;oca-l10n-brazil/tipi
03031300;Salmão-do-atlântico (Salmo salar) e salmão-do-danúbio (Hucho hucho);0.00;oca-l10n-brazil/tipi
03031400;Trutas (Salmo trutta, Oncorhynchus mykiss, Oncorhynchus clarki, Oncorhynchus aguabonita, Oncorhyn...;0.00;oca-l10n-brazil/tipi
03031900;Outros;0.00;oca-l10n-brazil/tipi
03032300;Tilápias (Oreochromis spp.);0.00;oca-l10n-brazil/tipi
03032410;Bagre americano (Ictalurus punctatus);0.00;oca-l10n-brazil/tipi
03032490;Outros;0.00;oca-l10n-brazil/tipi
03032500;Carpas (Cyprinus spp., Carassius spp., Ctenopharyngodon idellus, Hypophthalmichthys spp., Cirrhin...;0.00;oca-l10n-brazil/tipi
03032600;Enguias (Anguilla spp.);0.00;oca-l10n-brazil/tipi
03032900;Outros;0.00;oca-l10n-brazil/tipi
03033100;Linguados-gigantes (Alabotes*) (Reinhardtius hippoglossoides, Hippoglossus hippoglossus, Hippoglo...;0.00;oca-l10n-brazil/tipi
03033200;Solha (Pleuronectes platessa);0.00;oca-l10n-brazil/tipi
03033300;Linguados (Solea spp.);0.00;oca-l10n-brazil/tipi
03033400;Pregado (Psetta maxima);0.00;oca-l10n-brazil/tipi
03033900;Outros;0.00;oca-l10n-brazil/tipi
03034100;Albacora-branca (atum) (Thunnus alalunga);0.00;oca-l10n-brazil/tipi
03034200;Albacora-laje (atum) (Thunnus albacares);0.00;oca-l10n-brazil/tipi
03034300;Bonito-listrado (Gaiado*) (Katsuwonus pelamis);0.00;oca-l10n-brazil/tipi
03034400;Albacora-bandolim (atum) (Thunnus obesus);0.00;oca-l10n-brazil/tipi
03034500;Atuns-azuis (atuns) (Thunnus thynnus, Thunnus orientalis);0.00;oca-l10n-brazil/tipi
03034600;Atum-azul do sul (atum) (Thunnus maccoyii);0.00;oca-l10n-brazil/tipi
03034900;Outros;0.00;oca-l10n-brazil/tipi
03035100;Arenques (Clupea harengus, Clupea pallasii);0.00;oca-l10n-brazil/tipi
03035300;Sardinhas (Sardina pilchardus, Sardinops spp., Sardinella spp.) (Sardinha (Sardina pilchardus) e...;0.00;oca-l10n-brazil/tipi
03035400;Cavalinhas (Sardas e cavalas*) (Scomber scombrus, Scomber australasicus, Scomber japonicus);0.00;oca-l10n-brazil/tipi
03035500;Carapaus (Trachurus spp.);0.00;oca-l10n-brazil/tipi
03035600;Bijupirá (Cobia*) (Rachycentron canadum);0.00;oca-l10n-brazil/tipi
03035700;Espadarte (Xiphias gladius);0.00;oca-l10n-brazil/tipi
03035910;Espadins, marlins, veleiros (Istiophoridae);0.00;oca-l10n-brazil/tipi
03035920;Anchoita (Engraulis anchoita);0.00;oca-l10n-brazil/tipi
03035990;Outros;0.00;oca-l10n-brazil/tipi
03036300;Bacalhau-do-atlântico (Gadus morhua), bacalhau-da-groelândia (Gadus ogac) e bacalhau-do-pacífico...;0.00;oca-l10n-brazil/tipi
03036400;Hadoque (Arinca*) (Melanogrammus aeglefinus);0.00;oca-l10n-brazil/tipi
03036500;Saithe (Escamudo*) (Pollachius virens);0.00;oca-l10n-brazil/tipi
03036600;Merluzas (Pescadas*) e abróteas (Merluccius spp., Urophycis spp.);0.00;oca-l10n-brazil/tipi
03036700;Polaca-do-alasca (Escamudo-do-alasca*) (Theragra chalcogramma);0.00;oca-l10n-brazil/tipi
03036800;Verdinhos (Micromesistius poutassou, Micromesistius australis);0.00;oca-l10n-brazil/tipi
03036910;Merluza rosada (Macruronus magellanicus);0.00;oca-l10n-brazil/tipi
03036990;Outros;0.00;oca-l10n-brazil/tipi
03038111;Inteiro;0.00;oca-l10n-brazil/tipi
03038112;Eviscerado, sem cabeça e sem barbatanas;0.00;oca-l10n-brazil/tipi
03038113;Em pedaços, com pele;0.00;oca-l10n-brazil/tipi
03038114;Em pedaços, sem pele;0.00;oca-l10n-brazil/tipi
03038119;Outros;0.00;oca-l10n-brazil/tipi
03038190;Outros;0.00;oca-l10n-brazil/tipi
03038200;Raias (Rajidae);0.00;oca-l10n-brazil/tipi
03038311;Evisceradas, sem cabeça e sem cauda;0.00;oca-l10n-brazil/tipi
03038319;Outras;0.00;oca-l10n-brazil/tipi
03038321;Evisceradas, sem cabeça e sem cauda;0.00;oca-l10n-brazil/tipi
03038329;Outras;0.00;oca-l10n-brazil/tipi
03038400;Robalos (Dicentrarchus spp.);0.00;oca-l10n-brazil/tipi
03038910;Corvina (Micropogonias furnieri);0.00;oca-l10n-brazil/tipi
03038920;Pescadas (Cynoscion spp.);0.00;oca-l10n-brazil/tipi
03038932;Pargo (Lutjanus purpureus);0.00;oca-l10n-brazil/tipi
03038933;Peixe-sapo (Lophius gastrophysus);0.00;oca-l10n-brazil/tipi
03038941;Cherne-poveiro (Polyprion americanus);0.00;oca-l10n-brazil/tipi
03038942;Garoupas (Acanthistius spp.);0.00;oca-l10n-brazil/tipi
03038943;Tainhas (Mugil spp.);0.00;oca-l10n-brazil/tipi
03038944;Esturjões (Acipenser baerii, Acipenser gueldenstaedtii, Acipenser persicus, Acipenser stellatus);0.00;oca-l10n-brazil/tipi
03038945;Peixes-rei (Atherina spp.);0.00;oca-l10n-brazil/tipi
03038946;Nototenias (Patagonotothen spp.);0.00;oca-l10n-brazil/tipi
03038951;Curimatãs (Prochilodus spp.);0.00;oca-l10n-brazil/tipi
03038952;"Tilápias (Tilapia spp., Sarotherodon spp., Danakilia spp.; seus híbridos)";0.00;oca-l10n-brazil/tipi
03038953;Surubins (Pseudoplatystoma spp.);0.00;oca-l10n-brazil/tipi
03038954;Traíra (Hoplias malabaricus & H. cf. lacerdae);0.00;oca-l10n-brazil/tipi
03038955;Piaus (Leporinus spp.);0.00;oca-l10n-brazil/tipi
03038956;Pirarucu (Arapaima gigas);0.00;oca-l10n-brazil/tipi
03038961;Piramutaba (Brachyplatystoma vaillantii);0.00;oca-l10n-brazil/tipi
03038962;Dourada (Brachyplatystoma flavicans);0.00;oca-l10n-brazil/tipi
03038963;Pacu (Piaractus mesopotamicus);0.00;oca-l10n-brazil/tipi
03038964;Tambaqui (Colossoma macropomum);0.00;oca-l10n-brazil/tipi
03038965;Tambacu (híbrido de tambaqui e pacu);0.00;oca-l10n-brazil/tipi
03038990;Outros;0.00;oca-l10n-brazil/tipi
03039110;Ovas de tainhas (Mugil spp.);;sem-ipi-na-fonte
03039190;Outros;;sem-ipi-na-fonte
03039200;Barbatanas de tubarão;0.00;oca-l10n-brazil/tipi
03039910;Cabeças de Merluza negra (Dissostichus eleginoides);0.00;oca-l10n-brazil/tipi
03039920;Cabeças de Merluza antártica (Dissostichus mawsoni);0.00;oca-l10n-brazil/tipi
03039990;Outros;0.00;oca-l10n-brazil/tipi
03043100;Tilápias (Oreochromis spp.);0.00;oca-l10n-brazil/tipi
03043210;Bagre americano (Ictalurus punctatus);0.00;oca-l10n-brazil/tipi
03043290;Outros;0.00;oca-l10n-brazil/tipi
03043300;Perca-do-nilo (Lates niloticus);0.00;oca-l10n-brazil/tipi
03043900;Outros;0.00;oca-l10n-brazil/tipi
03044100;Salmões-do-pacífico (Oncorhynchus nerka, Oncorhynchus gorbuscha, Oncorhynchus keta, Oncorhynchus...;0.00;oca-l10n-brazil/tipi
03044200;Trutas (Salmo trutta, Oncorhynchus mykiss, Oncorhynchus clarki, Oncorhynchus aguabonita, Oncorhyn...;0.00;oca-l10n-brazil/tipi
03044300;Peixes chatos (Pleuronectidae, Bothidae, Cynoglossidae, Soleidae, Scophthalmidae e Citharidae);0.00;oca-l10n-brazil/tipi
03044400;Peixes das famílias Bregmacerotidae, Euclichthyidae, Gadidae, Macrouridae, Melanonidae, Merluccii...;0.00;oca-l10n-brazil/tipi
03044500;Espadarte (Xiphias gladius);0.00;oca-l10n-brazil/tipi
03044600;Merluza negra e merluza antártica (Marlongas*) (Dissostichus spp.);0.00;oca-l10n-brazil/tipi
03044700;Cação e outros tubarões;0.00;oca-l10n-brazil/tipi
03044800;Raias (Rajidae);0.00;oca-l10n-brazil/tipi
03044910;Cherne-poveiro (Polyprion americanus);0.00;oca-l10n-brazil/tipi
03044920;Garoupas (Acanthistius spp.);0.00;oca-l10n-brazil/tipi
03044990;Outros;0.00;oca-l10n-brazil/tipi
03045100;Tilápias (Oreochromis spp.), bagres (peixes-gato*) (Pangasius spp., Silurus spp., Clarias spp., I...;0.00;oca-l10n-brazil/tipi
03045200;Salmonídeos;0.00;oca-l10n-brazil/tipi
03045300;Peixes das famílias Bregmacerotidae, Euclichthyidae, Gadidae, Macrouridae, Melanonidae, Merluccii...;0.00;oca-l10n-brazil/tipi
03045400;Espadarte (Xiphias gladius);0.00;oca-l10n-brazil/tipi
03045500;Merluza negra e merluza antártica (Marlongas*) (Dissostichus spp.);0.00;oca-l10n-brazil/tipi
03045600;Cação e outros tubarões;0.00;oca-l10n-brazil/tipi
03045700;Raias (Rajidae);0.00;oca-l10n-brazil/tipi
03045900;Outros;0.00;oca-l10n-brazil/tipi
03046100;Tilápias (Oreochromis spp.);0.00;oca-l10n-brazil/tipi
03046210;Bagre americano (Ictalurus punctatus);0.00;oca-l10n-brazil/tipi
03046290;Outros;0.00;oca-l10n-brazil/tipi
03046300;Perca-do-nilo (Lates niloticus);0.00;oca-l10n-brazil/tipi
03046900;Outros;0.00;oca-l10n-brazil/tipi
03047100;Bacalhau-do-atlântico (Gadus morhua), bacalhau-da-groelândia (Gadus ogac) e bacalhau-do-pacífico...;0.00;oca-l10n-brazil/tipi
03047200;Hadoque (Arinca*) (Melanogrammus aeglefinus);0.00;oca-l10n-brazil/tipi
03047300;Saithe (Escamudo*) (Pollachius virens);0.00;oca-l10n-brazil/tipi
03047400;Merluzas (Pescadas*) e abróteas (Merluccius spp., Urophycis spp.);0.00;oca-l10n-brazil/tipi
03047500;Polaca-do-alasca (Escamudo-do-alasca*) (Theragra chalcogramma);0.00;oca-l10n-brazil/tipi
03047900;Outros;0.00;oca-l10n-brazil/tipi
03048100;Salmões-do-pacífico (Oncorhynchus nerka, Oncorhynchus gorbuscha, Oncorhynchus keta, Oncorhynchus...;0.00;oca-l10n-brazil/tipi
03048200;Trutas (Salmo trutta, Oncorhynchus mykiss, Oncorhynchus clarki, Oncorhynchus aguabonita, Oncorhyn...;0.00;oca-l10n-brazil/tipi
03048300;Peixes chatos (Pleuronectidae, Bothidae, Cynoglossidae, Soleidae, Scophthalmidae e Citharidae);0.00;oca-l10n-brazil/tipi
03048400;Espadarte (Xiphias gladius);0.00;oca-l10n-brazil/tipi
03048510;Merluza negra (Dissostichus eleginoides);0.00;oca-l10n-brazil/tipi
03048520;Merluza antártica (Dissostichus mawsoni);0.00;oca-l10n-brazil/tipi
03048600;Arenques (Clupea harengus, Clupea pallasii);0.00;oca-l10n-brazil/tipi
03048700;Atuns (do gênero Thunnus), bonito-listrado (gaiado*) (Katsuwonus pelamis);0.00;oca-l10n-brazil/tipi
03048810;Tubarão-azul (Prionace glauca);0.00;oca-l10n-brazil/tipi
03048890;Outros;0.00;oca-l10n-brazil/tipi
03048910;Pargo (Lutjanus purpureus);0.00;oca-l10n-brazil/tipi
03048920;Cherne-poveiro (Polyprion americanus);0.00;oca-l10n-brazil/tipi
03048930;Garoupas (Acanthistius spp.);0.00;oca-l10n-brazil/tipi
03048990;Outros;0.00;oca-l10n-brazil/tipi
03049100;Espadarte (Xiphias gladius);0.00;oca-l10n-brazil/tipi
03049211;Bochechas (cheeks);0.00;oca-l10n-brazil/tipi
03049212;Colares (collars);0.00;oca-l10n-brazil/tipi
03049219;Outros;0.00;oca-l10n-brazil/tipi
03049221;Bochechas (cheeks);0.00;oca-l10n-brazil/tipi
03049222;Colares (collars);0.00;oca-l10n-brazil/tipi
03049229;Outros;0.00;oca-l10n-brazil/tipi
03049300;Tilápias (Oreochromis spp.), bagres (peixes-gato*) (Pangasius spp., Silurus spp., Clarias spp., I...;0.00;oca-l10n-brazil/tipi
03049400;Polaca-do-alasca (Escamudo-do-alasca*) (Theragra chalcogramma);0.00;oca-l10n-brazil/tipi
03049500;Peixes das famílias Bregmacerotidae, Euclichthyidae, Gadidae, Macrouridae, Melanonidae, Merluccii...;0.00;oca-l10n-brazil/tipi
03049600;Cação e outros tubarões;0.00;oca-l10n-brazil/tipi
03049700;Raias (Rajidae);0.00;oca-l10n-brazil/tipi
03049900;Outros;0.00;oca-l10n-brazil/tipi
03052010;Ovas de tainhas (Mugil spp.);;sem-ipi-na-fonte
03052090;Outros;;sem-ipi-na-fonte
03053100;Tilápias (Oreochromis spp.), bagres (peixes-gato*) (Pangasius spp., Silurus spp., Clarias spp., I...;0.00;oca-l10n-brazil/tipi
03053210;Bacalhau-do-atlântico (Gadus morhua), bacalhau-da-groelândia (Gadus ogac) e bacalhau-do-pacífico...;0.00;oca-l10n-brazil/tipi
03053220;Saithe (Pollachius virens);0.00;oca-l10n-brazil/tipi
03053230;Ling (Molva molva) e zarbo (Brosme brosme);0.00;oca-l10n-brazil/tipi
03053290;Outros;0.00;oca-l10n-brazil/tipi
03053900;Outros;0.00;oca-l10n-brazil/tipi
03054100;Salmões-do-pacífico (Oncorhynchus nerka, Oncorhynchus gorbuscha, Oncorhynchus keta, Oncorhynchus...;3.25;oca-l10n-brazil/tipi
03054200;Arenques (Clupea harengus, Clupea pallasii);3.25;oca-l10n-brazil/tipi
03054300;Trutas (Salmo trutta, Oncorhynchus mykiss, Oncorhynchus clarki, Oncorhynchus aguabonita, Oncorhyn...;0.00;oca-l10n-brazil/tipi
03054400;Tilápias (Oreochromis spp.), bagres (peixes-gato*) (Pangasius spp., Silurus spp., Clarias spp., I...;0.00;oca-l10n-brazil/tipi
03054910;Bacalhau-do-atlântico (Gadus morhua), bacalhau-da-groelândia (Gadus ogac) e bacalhau-do-pacífico...;3.25;oca-l10n-brazil/tipi
03054920;Saithe (Pollachius virens), ling (Molva molva) e zarbo (Brosme brosme);0.00;oca-l10n-brazil/tipi
03054990;Outros;0.00;oca-l10n-brazil/tipi
03055100;Bacalhau-do-atlântico (Gadus morhua), bacalhau-da-groelândia (Gadus ogac) e bacalhau-do-pacífico...;3.25;oca-l10n-brazil/tipi
03055200;Tilápias (Oreochromis spp.), bagres (peixes-gato*) (Pangasius spp., Silurus spp., Clarias spp., I...;3.25;oca-l10n-brazil/tipi
03055310;Bacalhau polar (Boreogadus saida), saithe (Pollachius virens), ling (Molva molva), ling azul (Mol...;3.25;oca-l10n-brazil/tipi
03055390;Outros;3.25;oca-l10n-brazil/tipi
03055400;Arenques (Clupea harengus, Clupea pallasii), anchovas (biqueirões*) (Engraulis spp.), sardinhas (...;3.25;oca-l10n-brazil/tipi
03055900;Outros;3.25;oca-l10n-brazil/tipi
03056100;Arenques (Clupea harengus, Clupea pallasii);3.25;oca-l10n-brazil/tipi
03056200;Bacalhau-do-atlântico (Gadus morhua), bacalhau-da-groelândia (Gadus ogac) e bacalhau-do-pacífico...;3.25;oca-l10n-brazil/tipi
03056300;Anchovas (Biqueirões*) (Engraulis spp.);0.00;oca-l10n-brazil/tipi
03056400;Tilápias (Oreochromis spp.), bagres (peixes-gato*) (Pangasius spp., Silurus spp., Clarias spp., I...;0.00;oca-l10n-brazil/tipi
03056910;Saithe (Pollachius virens), ling (Molva molva) e zarbo (Brosme brosme);0.00;oca-l10n-brazil/tipi
03056990;Outros;0.00;oca-l10n-brazil/tipi
03057100;Barbatanas de tubarão;3.25;oca-l10n-brazil/tipi
03057200;Cabeças, caudas e bexigas-natatórias, de peixes;0.00;oca-l10n-brazil/tipi
03057900;Outros;0.00;oca-l10n-brazil/tipi
03061110;Inteiras;0.00;oca-l10n-brazil/tipi
03061190;Outras;0.00;oca-l10n-brazil/tipi
03061200;Lavagantes (Homarus spp.);0.00;oca-l10n-brazil/tipi
03061400;Caranguejos;0.00;oca-l10n-brazil/tipi
03061500;Lagosta norueguesa (Lagostim*) (Nephrops norvegicus);0.00;oca-l10n-brazil/tipi
03061610;Inteiros;0.00;oca-l10n-brazil/tipi
03061690;Outros;0.00;oca-l10n-brazil/tipi
03061710;Inteiros;0.00;oca-l10n-brazil/tipi
03061790;Outros;0.00;oca-l10n-brazil/tipi
03061910;Krill (Euphausia superba);0.00;oca-l10n-brazil/tipi
03061990;Outros;0.00;oca-l10n-brazil/tipi
03063100;Lagostas (Palinurus spp., Panulirus spp., Jasus spp.);0.00;oca-l10n-brazil/tipi
03063200;Lavagantes (Homarus spp.);0.00;oca-l10n-brazil/tipi
03063300;Caranguejos;0.00;oca-l10n-brazil/tipi
03063400;Lagosta norueguesa (Lagostim*) (Nephrops norvegicus);0.00;oca-l10n-brazil/tipi
03063500;Camarões de água fria (Pandalus spp., Crangon crangon);0.00;oca-l10n-brazil/tipi
03063600;Outros camarões;0.00;oca-l10n-brazil/tipi
03063910;Lagosta de água doce (Cherax quadricarinatus);0.00;oca-l10n-brazil/tipi
03063990;Outros;0.00;oca-l10n-brazil/tipi
03069100;Lagostas (Palinurus spp., Panulirus spp., Jasus spp.);0.00;oca-l10n-brazil/tipi
03069200;Lavagantes (Homarus spp.);0.00;oca-l10n-brazil/tipi
03069300;Caranguejos;0.00;oca-l10n-brazil/tipi
03069400;Lagosta norueguesa (Lagostim*) (Nephrops norvegicus);0.00;oca-l10n-brazil/tipi
03069500;Camarões;0.00;oca-l10n-brazil/tipi
03069910;Lagosta de água doce (Cherax quadricarinatus);0.00;oca-l10n-brazil/tipi
03069990;Outros;0.00;oca-l10n-brazil/tipi
03071100;Vivas, frescas ou refrigeradas;0.00;oca-l10n-brazil/tipi
03071200;Congeladas;0.00;oca-l10n-brazil/tipi
03071900;Outras;0.00;oca-l10n-brazil/tipi
03072100;Vivos, frescos ou refrigerados;0.00;oca-l10n-brazil/tipi
03072200;Congelados;0.00;oca-l10n-brazil/tipi
03072900;Outros;0.00;oca-l10n-brazil/tipi
03073100;Vivos, frescos ou refrigerados;0.00;oca-l10n-brazil/tipi
03073200;Congelados;0.00;oca-l10n-brazil/tipi
03073900;Outros;0.00;oca-l10n-brazil/tipi
03074200;Vivas, frescas ou refrigeradas;0.00;oca-l10n-brazil/tipi
03074310;Lulas;0.00;oca-l10n-brazil/tipi
03074320;Sépias;0.00;oca-l10n-brazil/tipi
03074900;Outras;0.00;oca-l10n-brazil/tipi
03075100;Vivos, frescos ou refrigerados;0.00;oca-l10n-brazil/tipi
03075200;Congelados;0.00;oca-l10n-brazil/tipi
03075900;Outros;0.00;oca-l10n-brazil/tipi
03076000;Caracóis, exceto os do mar;0.00;oca-l10n-brazil/tipi
03077100;Vivos, frescos ou refrigerados;0.00;oca-l10n-brazil/tipi
03077200;Congelados;0.00;oca-l10n-brazil/tipi
03077900;Outros;0.00;oca-l10n-brazil/tipi
03078100;Abalones (Orelhas-do-mar*) (Haliotis spp.) vivos, frescos ou refrigerados;0.00;oca-l10n-brazil/tipi
03078200;Estrombos (Strombus spp.) vivos, frescos ou refrigerados;0.00;oca-l10n-brazil/tipi
03078300;Abalones (Orelhas-do-mar*) (Haliotis spp.) congelados;0.00;oca-l10n-brazil/tipi
03078400;Estrombos (Strombus spp.) congelados;0.00;oca-l10n-brazil/tipi
03078700;Outros abalones (orelhas-do-mar*) (Haliotis spp.);0.00;oca-l10n-brazil/tipi
03078800;Outros estrombos (Strombus spp.);0.00;oca-l10n-brazil/tipi
03079100;Vivos, frescos ou refrigerados;0.00;oca-l10n-brazil/tipi
03079200;Congelados;0.00;oca-l10n-brazil/tipi
03079900;Outros;0.00;oca-l10n-brazil/tipi
03081100;Vivos, frescos ou refrigerados;0.00;oca-l10n-brazil/tipi
03081200;Congelados;0.00;oca-l10n-brazil/tipi
03081900;Outros;0.00;oca-l10n-brazil/tipi
03082100;Vivos, frescos ou refrigerados;0.00;oca-l10n-brazil/tipi
03082200;Congelados;0.00;oca-l10n-brazil/tipi
03082900;Outros;0.00;oca-l10n-brazil/tipi
03083000;Medusas (águas-vivas) (Rhopilema spp.);0.00;oca-l10n-brazil/tipi
03089000;Outros;0.00;oca-l10n-brazil/tipi
03091000;De peixe;0.00;oca-l10n-brazil/tipi
03099000;Outros;0.00;oca-l10n-brazil/tipi
04011010;Leite UHT (Ultra High Temperature);0.00;oca-l10n-brazil/tipi
04011090;Outros;0.00;oca-l10n-brazil/tipi
04012010;Leite UHT (Ultra High Temperature);0.00;oca-l10n-brazil/tipi
04012090;Outros;0.00;oca-l10n-brazil/tipi
04014010;Leite;0.00;oca-l10n-brazil/tipi
04014021;UHT (Ultra High Temperature);0.00;oca-l10n-brazil/tipi
04014029;Outros;0.00;oca-l10n-brazil/tipi
04015010;Leite;0.00;oca-l10n-brazil/tipi
04015021;UHT (Ultra High Temperature);0.00;oca-l10n-brazil/tipi
04015029;Outros;0.00;oca-l10n-brazil/tipi
04021010;Com um teor de arsênio, chumbo ou cobre, considerados isoladamente, inferior a 5 ppm;0.00;oca-l10n-brazil/tipi
04021090;Outros;0.00;oca-l10n-brazil/tipi
04022110;Leite integral;0.00;oca-l10n-brazil/tipi
04022120;Leite parcialmente desnatado;0.00;oca-l10n-brazil/tipi
04022130;Creme de leite (nata);0.00;oca-l10n-brazil/tipi
04022910;Leite integral;0.00;oca-l10n-brazil/tipi
04022920;Leite parcialmente desnatado;0.00;oca-l10n-brazil/tipi
04022930;Creme de leite (nata);0.00;oca-l10n-brazil/tipi
04029100;Sem adição de açúcar ou de outros edulcorantes;0.00;oca-l10n-brazil/tipi
04029900;Outros;0.00;oca-l10n-brazil/tipi
04032000;Iogurte;0.00;oca-l10n-brazil/tipi
04039000;Outros;0.00;oca-l10n-brazil/tipi
04041000;Soro de leite, modificado ou não, mesmo concentrado ou adicionado de açúcar ou de outros edulcora...;0.00;oca-l10n-brazil/tipi
04049000;Outros;0.00;oca-l10n-brazil/tipi
04051000;Manteiga;0.00;oca-l10n-brazil/tipi
04052000;Pasta de espalhar (barrar) de produtos provenientes do leite;0.00;oca-l10n-brazil/tipi
04059010;Óleo butírico de manteiga (butter oil);0.00;oca-l10n-brazil/tipi
04059090;Outras;0.00;oca-l10n-brazil/tipi
04061010;Mozarela;0.00;oca-l10n-brazil/tipi
04061090;Outros;0.00;oca-l10n-brazil/tipi
04062000;Queijos ralados ou em pó, de qualquer tipo;0.00;oca-l10n-brazil/tipi
04063000;Queijos fundidos, exceto ralados ou em pó;0.00;oca-l10n-brazil/tipi
04064000;Queijos de pasta mofada (azul) e outros queijos que apresentem veios obtidos utilizando Penicilli...;0.00;oca-l10n-brazil/tipi
04069010;Com um teor de umidade inferior a 36,0 %, em peso (massa dura);0.00;oca-l10n-brazil/tipi
04069020;Com um teor de umidade igual ou superior a 36,0 % e inferior a 46,0 %, em peso (massa semidura);0.00;oca-l10n-brazil/tipi
04069030;Com um teor de umidade igual ou superior a 46,0 % e inferior a 55,0 %, em peso (massa macia);0.00;oca-l10n-brazil/tipi
04069090;Outros;0.00;oca-l10n-brazil/tipi
04071100;De aves da espécie Gallus domesticus;0.00;oca-l10n-brazil/tipi
04071900;Outros;0.00;oca-l10n-brazil/tipi
04072100;De aves da espécie Gallus domesticus;0.00;oca-l10n-brazil/tipi
04072900;Outros;0.00;oca-l10n-brazil/tipi
04079000;Outros;0.00;oca-l10n-brazil/tipi
04081100;Secas;0.00;oca-l10n-brazil/tipi
04081900;Outras;0.00;oca-l10n-brazil/tipi
04089100;Secos;0.00;oca-l10n-brazil/tipi
04089900;Outros;0.00;oca-l10n-brazil/tipi
04090000;Mel natural.;0.00;oca-l10n-brazil/tipi
04101000;Insetos;0.00;oca-l10n-brazil/tipi
04109000;Outros;0.00;oca-l10n-brazil/tipi
05010000;"Cabelo em bruto, mesmo lavado ou desengordurado; desperdícios de cabelo.";0.00;oca-l10n-brazil/tipi
05021011;Lavadas, alvejadas ou desengorduradas, mesmo tintas;0.00;oca-l10n-brazil/tipi
05021019;Outras;0.00;oca-l10n-brazil/tipi
05021090;Outros;0.00;oca-l10n-brazil/tipi
05029010;Pelos;0.00;oca-l10n-brazil/tipi
05029020;Desperdícios;0.00;oca-l10n-brazil/tipi
05040011;De bovinos;0.00;oca-l10n-brazil/tipi
05040012;De ovinos;0.00;oca-l10n-brazil/tipi
05040013;De suínos;0.00;oca-l10n-brazil/tipi
05040019;Outras;0.00;oca-l10n-brazil/tipi
05040090;Outros;0.00;oca-l10n-brazil/tipi
05051000;"Penas do tipo utilizado para enchimento ou estofamento; penugem";0.00;oca-l10n-brazil/tipi
05059000;Outros;0.00;oca-l10n-brazil/tipi
05061000;Osseína e ossos acidulados;0.00;oca-l10n-brazil/tipi
05069000;Outros;0.00;oca-l10n-brazil/tipi
05071000;"Marfim; pó e desperdícios de marfim";0.00;oca-l10n-brazil/tipi
05079000;Outros;0.00;oca-l10n-brazil/tipi
05080000;Coral e matérias semelhantes, em bruto ou simplesmente preparados, mas não trabalhados de outro m...;0.00;oca-l10n-brazil/tipi
05100010;Pâncreas de bovino;0.00;oca-l10n-brazil/tipi
05100090;Outros;0.00;oca-l10n-brazil/tipi
05111000;Sêmen de bovino;0.00;oca-l10n-brazil/tipi
05119110;Ovas de peixe fecundadas, para reprodução;0.00;oca-l10n-brazil/tipi
05119190;Outros;0.00;oca-l10n-brazil/tipi
05119910;Embriões de animais;0.00;oca-l10n-brazil/tipi
05119920;Sêmen animal;0.00;oca-l10n-brazil/tipi
05119930;Ovos de bicho-da-seda;0.00;oca-l10n-brazil/tipi
05119991;Crinas e seus desperdícios, mesmo em mantas, mesmo com suporte;0.00;oca-l10n-brazil/tipi
05119999;Outros;0.00;oca-l10n-brazil/tipi
06011000;Bulbos, tubérculos, raízes tuberosas, cormos, coroas e rizomas, em repouso vegetativo;0.00;oca-l10n-brazil/tipi
06012000;"Bulbos, tubérculos, raízes tuberosas, cormos, coroas e rizomas, em vegetação ou em flor; mudas, p...";0.00;oca-l10n-brazil/tipi
06021000;Estacas não enraizadas e enxertos;0.00;oca-l10n-brazil/tipi
06022000;Árvores, arbustos e silvados, de fruta, enxertados ou não;0.00;oca-l10n-brazil/tipi
06023000;Rododendros e azaleias, enxertados ou não;0.00;oca-l10n-brazil/tipi
06024000;Roseiras, enxertadas ou não;0.00;oca-l10n-brazil/tipi
06029010;Micélios de cogumelos;0.00;oca-l10n-brazil/tipi
06029021;De orquídea;0.00;oca-l10n-brazil/tipi
06029029;Outras;0.00;oca-l10n-brazil/tipi
06029081;De cana-de-açúcar;0.00;oca-l10n-brazil/tipi
06029082;De videira;0.00;oca-l10n-brazil/tipi
06029083;De café;0.00;oca-l10n-brazil/tipi
06029089;Outras;0.00;oca-l10n-brazil/tipi
06029090;Outras;0.00;oca-l10n-brazil/tipi
06031100;Rosas;0.00;oca-l10n-brazil/tipi
06031200;Cravos;0.00;oca-l10n-brazil/tipi
06031300;Orquídeas;0.00;oca-l10n-brazil/tipi
06031400;Crisântemos;0.00;oca-l10n-brazil/tipi
06031500;Lírios (Lilium spp.);0.00;oca-l10n-brazil/tipi
06031900;Outros;0.00;oca-l10n-brazil/tipi
06039000;Outros;0.00;oca-l10n-brazil/tipi
06042000;Frescos;0.00;oca-l10n-brazil/tipi
06049000;Outros;0.00;oca-l10n-brazil/tipi
07011000;Batata-semente;0.00;oca-l10n-brazil/tipi
07019000;Outras;0.00;oca-l10n-brazil/tipi
07020000;Tomates, frescos ou refrigerados.;0.00;oca-l10n-brazil/tipi
07031011;Para semeadura (sementeira);0.00;oca-l10n-brazil/tipi
07031019;Outras;0.00;oca-l10n-brazil/tipi
07031021;Para semeadura (sementeira);0.00;oca-l10n-brazil/tipi
07031029;Outras;0.00;oca-l10n-brazil/tipi
07032010;Para semeadura (sementeira);0.00;oca-l10n-brazil/tipi
07032090;Outros;0.00;oca-l10n-brazil/tipi
07039010;Para semeadura (sementeira);0.00;oca-l10n-brazil/tipi
07039090;Outros;0.00;oca-l10n-brazil/tipi
07041000;Couve-flor e brócolis;0.00;oca-l10n-brazil/tipi
07042000;Couve-de-bruxelas;0.00;oca-l10n-brazil/tipi
07049000;Outros;0.00;oca-l10n-brazil/tipi
07051100;Repolhuda;0.00;oca-l10n-brazil/tipi
07051900;Outra;0.00;oca-l10n-brazil/tipi
07052100;Endívia (Cichorium intybus var. foliosum);0.00;oca-l10n-brazil/tipi
07052900;Outras;0.00;oca-l10n-brazil/tipi
07061000;Cenouras e nabos;0.00;oca-l10n-brazil/tipi
07069000;Outros;0.00;oca-l10n-brazil/tipi
07070000;Pepinos e pepininhos (cornichons), frescos ou refrigerados.;0.00;oca-l10n-brazil/tipi
07081000;Ervilhas (Pisum sativum);0.00;oca-l10n-brazil/tipi
07082000;Feijões (Vigna spp., Phaseolus spp.);0.00;oca-l10n-brazil/tipi
07089000;Outros legumes de vagem;0.00;oca-l10n-brazil/tipi
07092000;Aspargos;0.00;oca-l10n-brazil/tipi
07093000;Berinjelas;0.00;oca-l10n-brazil/tipi
07094000;Aipo, exceto aipo-rábano;0.00;oca-l10n-brazil/tipi
07095100;Cogumelos do gênero Agaricus;0.00;oca-l10n-brazil/tipi
07095200;Cogumelos do gênero Boletus;0.00;oca-l10n-brazil/tipi
07095300;Cogumelos do gênero Cantharellus;0.00;oca-l10n-brazil/tipi
07095400;Shitake (Lentinus edodes);0.00;oca-l10n-brazil/tipi
07095500;Matsutake (Tricholoma matsutake, Tricholoma magnivelare, Tricholoma anatolicum, Tricholoma dulcio...;0.00;oca-l10n-brazil/tipi
07095600;Trufas (Tuber spp.);0.00;oca-l10n-brazil/tipi
07095900;Outros;0.00;oca-l10n-brazil/tipi
07096000;Pimentões (pimentos) e pimentas do gênero Capsicum ou do gênero Pimenta;0.00;oca-l10n-brazil/tipi
07097000;Espinafres, espinafres-da-nova-zelândia e espinafres gigantes;0.00;oca-l10n-brazil/tipi
07099100;Alcachofras;0.00;oca-l10n-brazil/tipi
07099200;Azeitonas;0.00;oca-l10n-brazil/tipi
07099300;Abóboras, abobrinhas (curgetes*) e cabaças (Cucurbita spp.);0.00;oca-l10n-brazil/tipi
07099911;Para semeadura (sementeira);0.00;oca-l10n-brazil/tipi
07099919;Outros;0.00;oca-l10n-brazil/tipi
07099990;Outros;0.00;oca-l10n-brazil/tipi
07101000;Batatas;0.00;oca-l10n-brazil/tipi
07102100;Ervilhas (Pisum sativum);0.00;oca-l10n-brazil/tipi
07102200;Feijões (Vigna spp., Phaseolus spp.);0.00;oca-l10n-brazil/tipi
07102900;Outros;0.00;oca-l10n-brazil/tipi
07103000;Espinafres, espinafres-da-nova-zelândia e espinafres gigantes;0.00;oca-l10n-brazil/tipi
07104000;Milho doce;0.00;oca-l10n-brazil/tipi
07108000;Outros produtos hortícolas;0.00;oca-l10n-brazil/tipi
07109000;Misturas de produtos hortícolas;0.00;oca-l10n-brazil/tipi
07112010;Com água salgada;0.00;oca-l10n-brazil/tipi
07112020;Com água sulfurada ou adicionada de outras substâncias;0.00;oca-l10n-brazil/tipi
07112090;Outras;0.00;oca-l10n-brazil/tipi
07114000;Pepinos e pepininhos (cornichons);0.00;oca-l10n-brazil/tipi
07115100;Cogumelos do gênero Agaricus;0.00;oca-l10n-brazil/tipi
07115900;Outros;0.00;oca-l10n-brazil/tipi
07119000;"Outros produtos hortícolas; misturas de produtos hortícolas";0.00;oca-l10n-brazil/tipi
07122000;Cebolas;0.00;oca-l10n-brazil/tipi
07123100;Cogumelos do gênero Agaricus;0.00;oca-l10n-brazil/tipi
07123200;Orelhas-de-judas (Auricularia spp.);0.00;oca-l10n-brazil/tipi
07123300;Tremelas (Tremella spp.);0.00;oca-l10n-brazil/tipi
07123400;Shitake (Lentinus edodes);0.00;oca-l10n-brazil/tipi
07123900;Outros;0.00;oca-l10n-brazil/tipi
07129020;Alho;;sem-ipi-na-fonte
07129090;Outros;0.00;oca-l10n-brazil/tipi
07131010;Para semeadura (sementeira);0.00;oca-l10n-brazil/tipi
07131090;Outras;0.00;oca-l10n-brazil/tipi
07132010;Para semeadura (sementeira);0.00;oca-l10n-brazil/tipi
07132090;Outros;0.00;oca-l10n-brazil/tipi
07133110;Para semeadura (sementeira);0.00;oca-l10n-brazil/tipi
07133190;Outros;0.00;oca-l10n-brazil/tipi
07133210;Para semeadura (sementeira);0.00;oca-l10n-brazil/tipi
07133290;Outros;0.00;oca-l10n-brazil/tipi
07133311;Para semeadura (sementeira);0.00;oca-l10n-brazil/tipi
07133319;Outros;0.00;oca-l10n-brazil/tipi
07133321;Para semeadura (sementeira);0.00;oca-l10n-brazil/tipi
07133329;Outros;0.00;oca-l10n-brazil/tipi
07133391;Para semeadura (sementeira);0.00;oca-l10n-brazil/tipi
07133399;Outros;0.00;oca-l10n-brazil/tipi
07133410;Para semeadura (sementeira);0.00;oca-l10n-brazil/tipi
07133490;Outros;0.00;oca-l10n-brazil/tipi
07133510;Para semeadura (sementeira);0.00;oca-l10n-brazil/tipi
07133590;Outros;0.00;oca-l10n-brazil/tipi
07133910;Para semeadura (sementeira);0.00;oca-l10n-brazil/tipi
07133990;Outros;0.00;oca-l10n-brazil/tipi
07134010;Para semeadura (sementeira);0.00;oca-l10n-brazil/tipi
07134090;Outras;0.00;oca-l10n-brazil/tipi
07135010;Para semeadura (sementeira);0.00;oca-l10n-brazil/tipi
07135090;Outras;0.00;oca-l10n-brazil/tipi
07136010;Para semeadura (sementeira);0.00;oca-l10n-brazil/tipi
07136090;Outros;0.00;oca-l10n-brazil/tipi
07139010;Para semeadura (sementeira);0.00;oca-l10n-brazil/tipi
07139090;Outros;0.00;oca-l10n-brazil/tipi
07141000;Raízes de mandioca;0.00;oca-l10n-brazil/tipi
07142000;Batatas-doces;0.00;oca-l10n-brazil/tipi
07143000;Inhames (Dioscorea spp.);0.00;oca-l10n-brazil/tipi
07144000;Taros (inhames-brancos) (Colocasia spp.);0.00;oca-l10n-brazil/tipi
07145000;Mangaritos (Orelhas-de-elefante*) (Xanthosoma spp.);0.00;oca-l10n-brazil/tipi
07149000;Outros;0.00;oca-l10n-brazil/tipi
08011100;Dessecados;0.00;oca-l10n-brazil/tipi
08011200;Na casca interna (endocarpo);0.00;oca-l10n-brazil/tipi
08011900;Outros;0.00;oca-l10n-brazil/tipi
08012100;Com casca;0.00;oca-l10n-brazil/tipi
08012200;Sem casca;0.00;oca-l10n-brazil/tipi
08013100;Com casca;0.00;oca-l10n-brazil/tipi
08013200;Sem casca;0.00;oca-l10n-brazil/tipi
08021100;Com casca;0.00;oca-l10n-brazil/tipi
08021200;Sem casca;0.00;oca-l10n-brazil/tipi
08022100;Com casca;0.00;oca-l10n-brazil/tipi
08022200;Sem casca;0.00;oca-l10n-brazil/tipi
08023100;Com casca;0.00;oca-l10n-brazil/tipi
08023200;Sem casca;0.00;oca-l10n-brazil/tipi
08024100;Com casca;0.00;oca-l10n-brazil/tipi
08024200;Sem casca;0.00;oca-l10n-brazil/tipi
08025100;Com casca;0.00;oca-l10n-brazil/tipi
08025200;Sem casca;0.00;oca-l10n-brazil/tipi
08026100;Com casca;0.00;oca-l10n-brazil/tipi
08026200;Sem casca;0.00;oca-l10n-brazil/tipi
08027000;Nozes-de-cola (Cola spp.);0.00;oca-l10n-brazil/tipi
08028000;Nozes-de-areca (nozes de bétele);0.00;oca-l10n-brazil/tipi
08029100;Pinhões, com casca;0.00;oca-l10n-brazil/tipi
08029200;Pinhões, sem casca;0.00;oca-l10n-brazil/tipi
08029900;Outra;0.00;oca-l10n-brazil/tipi
08031000;Bananas-da-terra (Bananas-pão*) (Plátanos*);0.00;oca-l10n-brazil/tipi
08039000;Outras;0.00;oca-l10n-brazil/tipi
08041010;Frescas;0.00;oca-l10n-brazil/tipi
08041020;Secas;0.00;oca-l10n-brazil/tipi
08042010;Frescos;0.00;oca-l10n-brazil/tipi
08042020;Secos;0.00;oca-l10n-brazil/tipi
08043000;Abacaxis (ananases);0.00;oca-l10n-brazil/tipi
08044000;Abacates;0.00;oca-l10n-brazil/tipi
08045010;Goiabas;0.00;oca-l10n-brazil/tipi
08045020;Mangas;0.00;oca-l10n-brazil/tipi
08045030;Mangostões;0.00;oca-l10n-brazil/tipi
08051000;Laranjas;0.00;oca-l10n-brazil/tipi
08052100;Mandarinas (incluindo as tangerinas e as satsumas);0.00;oca-l10n-brazil/tipi
08052200;Clementinas;0.00;oca-l10n-brazil/tipi
08052900;Outros;0.00;oca-l10n-brazil/tipi
08054000;Toranjas e pomelos;0.00;oca-l10n-brazil/tipi
08055000;Limões (Citrus limon, Citrus limonum) e limas (Citrus aurantifolia, Citrus latifolia);0.00;oca-l10n-brazil/tipi
08059000;Outros;0.00;oca-l10n-brazil/tipi
08061000;Frescas;0.00;oca-l10n-brazil/tipi
08062000;Secas (passas);0.00;oca-l10n-brazil/tipi
08071100;Melancias;0.00;oca-l10n-brazil/tipi
08071900;Outros;0.00;oca-l10n-brazil/tipi
08072000;Mamões (papaias);0.00;oca-l10n-brazil/tipi
08081000;Maçãs;0.00;oca-l10n-brazil/tipi
08083000;Peras;0.00;oca-l10n-brazil/tipi
08084000;Marmelos;0.00;oca-l10n-brazil/tipi
08091000;Damascos;0.00;oca-l10n-brazil/tipi
08092100;Ginjas (Prunus cerasus);0.00;oca-l10n-brazil/tipi
08092900;Outras;0.00;oca-l10n-brazil/tipi
08093010;Pêssegos, excluindo as nectarinas;0.00;oca-l10n-brazil/tipi
08093020;Nectarinas;0.00;oca-l10n-brazil/tipi
08094000;Ameixas e abrunhos;0.00;oca-l10n-brazil/tipi
08101000;Morangos;0.00;oca-l10n-brazil/tipi
08102000;Framboesas, amoras, incluindo as silvestres, e amoras-framboesas;0.00;oca-l10n-brazil/tipi
08103000;Groselhas, incluindo o cassis;0.00;oca-l10n-brazil/tipi
08104000;Airelas, mirtilos e outra fruta do gênero Vaccinium;0.00;oca-l10n-brazil/tipi
08105000;Kiwis (quivis);0.00;oca-l10n-brazil/tipi
08106000;Duriões (duriangos);0.00;oca-l10n-brazil/tipi
08107000;Caquis (dióspiros);0.00;oca-l10n-brazil/tipi
08109011;Carambolas (Averrhoa carambola);0.00;oca-l10n-brazil/tipi
08109012;Anonas e outras frutas do gênero Annona;0.00;oca-l10n-brazil/tipi
08109013;Jacas (Artocarpus heterophyllus);0.00;oca-l10n-brazil/tipi
08109014;Lechias (Litchi chinensis);0.00;oca-l10n-brazil/tipi
08109015;Maracujás (Passiflora edulis);0.00;oca-l10n-brazil/tipi
08109016;Pitaias (Hylocereus spp., Selenicereus undatus);0.00;oca-l10n-brazil/tipi
08109017;Tamarindos (Tamarindus indica);0.00;oca-l10n-brazil/tipi
08109090;Outra;0.00;oca-l10n-brazil/tipi
08111000;Morangos;0.00;oca-l10n-brazil/tipi
08112000;Framboesas, amoras, incluindo as silvestres, amoras-framboesas e groselhas;0.00;oca-l10n-brazil/tipi
08119000;Outra;0.00;oca-l10n-brazil/tipi
08121000;Cerejas;0.00;oca-l10n-brazil/tipi
08129000;Outra;0.00;oca-l10n-brazil/tipi
08131000;Damascos;0.00;oca-l10n-brazil/tipi
08132010;Com caroço;0.00;oca-l10n-brazil/tipi
08132020;Sem caroço;0.00;oca-l10n-brazil/tipi
08133000;Maçãs;0.00;oca-l10n-brazil/tipi
08134010;Peras;0.00;oca-l10n-brazil/tipi
08134090;Outra;0.00;oca-l10n-brazil/tipi
08135000;Misturas de fruta seca ou de fruta de casca rija, do presente Capítulo;0.00;oca-l10n-brazil/tipi
08140000;Cascas de citros (citrinos), de melões ou de melancias, frescas, secas, congeladas ou apresentada...;0.00;oca-l10n-brazil/tipi
09011110;Em grão;0.00;oca-l10n-brazil/tipi
09011190;Outros;0.00;oca-l10n-brazil/tipi
09011200;Descafeinado;0.00;oca-l10n-brazil/tipi
09012100;Não descafeinado;0.00;oca-l10n-brazil/tipi
09012200;Descafeinado;0.00;oca-l10n-brazil/tipi
09019000;Outros;0.00;oca-l10n-brazil/tipi
09021000;Chá verde (não fermentado) em embalagens imediatas de conteúdo não superior a 3 kg;0.00;oca-l10n-brazil/tipi
09022000;Chá verde (não fermentado) apresentado de qualquer outra forma;0.00;oca-l10n-brazil/tipi
09023000;Chá preto (fermentado) e chá parcialmente fermentado, em embalagens imediatas de conteúdo não sup...;0.00;oca-l10n-brazil/tipi
09024000;Chá preto (fermentado) e chá parcialmente fermentado, apresentados de qualquer outra forma;0.00;oca-l10n-brazil/tipi
09030010;Simplesmente cancheado;0.00;oca-l10n-brazil/tipi
09030090;Outros;0.00;oca-l10n-brazil/tipi
09041100;Não triturada nem em pó;0.00;oca-l10n-brazil/tipi
09041200;Triturada ou em pó;0.00;oca-l10n-brazil/tipi
09042100;Secos, não triturados nem em pó;0.00;oca-l10n-brazil/tipi
09042200;Triturados ou em pó;0.00;oca-l10n-brazil/tipi
09051000;Não triturada nem em pó;0.00;oca-l10n-brazil/tipi
09052000;Triturada ou em pó;0.00;oca-l10n-brazil/tipi
09061100;Canela (Cinnamomum zeylanicum blume);0.00;oca-l10n-brazil/tipi
09061900;Outras;0.00;oca-l10n-brazil/tipi
09062000;Trituradas ou em pó;0.00;oca-l10n-brazil/tipi
09071000;Não triturado nem em pó;0.00;oca-l10n-brazil/tipi
09072000;Triturado ou em pó;0.00;oca-l10n-brazil/tipi
09081100;Não triturada nem em pó;0.00;oca-l10n-brazil/tipi
09081200;Triturada ou em pó;0.00;oca-l10n-brazil/tipi
09082100;Não triturado nem em pó;0.00;oca-l10n-brazil/tipi
09082200;Triturado ou em pó;0.00;oca-l10n-brazil/tipi
09083100;Não triturados nem em pó;0.00;oca-l10n-brazil/tipi
09083200;Triturados ou em pó;0.00;oca-l10n-brazil/tipi
09092100;Não trituradas nem em pó;0.00;oca-l10n-brazil/tipi
09092200;Trituradas ou em pó;0.00;oca-l10n-brazil/tipi
09093100;Não trituradas nem em pó;0.00;oca-l10n-brazil/tipi
09093200;Trituradas ou em pó;0.00;oca-l10n-brazil/tipi
09096110;De anis (erva-doce);0.00;oca-l10n-brazil/tipi
09096120;De badiana (anis-estrelado);0.00;oca-l10n-brazil/tipi
09096190;Outras;0.00;oca-l10n-brazil/tipi
09096210;De anis (erva-doce);0.00;oca-l10n-brazil/tipi
09096220;De badiana (anis-estrelado);0.00;oca-l10n-brazil/tipi
09096290;Outras;0.00;oca-l10n-brazil/tipi
09101100;Não triturado nem em pó;0.00;oca-l10n-brazil/tipi
09101200;Triturado ou em pó;0.00;oca-l10n-brazil/tipi
09102000;Açafrão;0.00;oca-l10n-brazil/tipi
09103000;Cúrcuma;0.00;oca-l10n-brazil/tipi
09109100;Misturas mencionadas na Nota 1 b) do presente Capítulo;0.00;oca-l10n-brazil/tipi
09109900;Outras;0.00;oca-l10n-brazil/tipi
10011100;Para semeadura (sementeira);0.00;oca-l10n-brazil/tipi
10011900;Outros;0.00;oca-l10n-brazil/tipi
10019100;Para semeadura (sementeira);0.00;oca-l10n-brazil/tipi
10019900;Outros;0.00;oca-l10n-brazil/tipi
10021000;Para semeadura (sementeira);0.00;oca-l10n-brazil/tipi
10029000;Outros;0.00;oca-l10n-brazil/tipi
10031000;Para semeadura (sementeira);0.00;oca-l10n-brazil/tipi
10039010;Cervejeira;0.00;oca-l10n-brazil/tipi
10039080;Outras, em grão;0.00;oca-l10n-brazil/tipi
10039090;Outras;0.00;oca-l10n-brazil/tipi
10041000;Para semeadura (sementeira);0.00;oca-l10n-brazil/tipi
10049000;Outras;0.00;oca-l10n-brazil/tipi
10051000;Para semeadura (sementeira);0.00;oca-l10n-brazil/tipi
10059010;Em grão;0.00;oca-l10n-brazil/tipi
10059090;Outros;0.00;oca-l10n-brazil/tipi
10061010;Para semeadura (sementeira);0.00;oca-l10n-brazil/tipi
10061091;Parboilizado;0.00;oca-l10n-brazil/tipi
10061092;Não parboilizado;0.00;oca-l10n-brazil/tipi
10062010;Parboilizado;0.00;oca-l10n-brazil/tipi
10062020;Não parboilizado;0.00;oca-l10n-brazil/tipi
10063011;Polido ou brunido;0.00;oca-l10n-brazil/tipi
10063019;Outros;0.00;oca-l10n-brazil/tipi
10063021;Polido ou brunido;0.00;oca-l10n-brazil/tipi
10063029;Outros;0.00;oca-l10n-brazil/tipi
10064000;Arroz quebrado (Trinca de arroz*);0.00;oca-l10n-brazil/tipi
10071000;Para semeadura (sementeira);0.00;oca-l10n-brazil/tipi
10079000;Outros;0.00;oca-l10n-brazil/tipi
10081010;Para semeadura (sementeira);0.00;oca-l10n-brazil/tipi
10081090;Outros;0.00;oca-l10n-brazil/tipi
10082110;Milheto (Pennisetum glaucum);0.00;oca-l10n-brazil/tipi
10082190;Outros;0.00;oca-l10n-brazil/tipi
10082910;Milheto (Pennisetum glaucum);0.00;oca-l10n-brazil/tipi
10082990;Outros;0.00;oca-l10n-brazil/tipi
10083010;Para semeadura (sementeira);0.00;oca-l10n-brazil/tipi
10083090;Outros;0.00;oca-l10n-brazil/tipi
10084010;Para semeadura (sementeira);0.00;oca-l10n-brazil/tipi
10084090;Outros;0.00;oca-l10n-brazil/tipi
10085010;Para semeadura (sementeira);0.00;oca-l10n-brazil/tipi
10085090;Outros;0.00;oca-l10n-brazil/tipi
10086010;Para semeadura (sementeira);0.00;oca-l10n-brazil/tipi
10086090;Outros;0.00;oca-l10n-brazil/tipi
10089010;Para semeadura (sementeira);0.00;oca-l10n-brazil/tipi
10089090;Outros;0.00;oca-l10n-brazil/tipi
11010010;De trigo;0.00;oca-l10n-brazil/tipi
11010020;De mistura de trigo com centeio (méteil);0.00;oca-l10n-brazil/tipi
11022000;Farinha de milho;0.00;oca-l10n-brazil/tipi
11029000;Outras;0.00;oca-l10n-brazil/tipi
11031100;De trigo;0.00;oca-l10n-brazil/tipi
11031300;De milho;0.00;oca-l10n-brazil/tipi
11031900;De outros cereais;0.00;oca-l10n-brazil/tipi
11032000;Pellets;0.00;oca-l10n-brazil/tipi
11041200;De aveia;0.00;oca-l10n-brazil/tipi
11041900;De outros cereais;0.00;oca-l10n-brazil/tipi
11042200;De aveia;0.00;oca-l10n-brazil/tipi
11042300;De milho;0.00;oca-l10n-brazil/tipi
11042900;De outros cereais;0.00;oca-l10n-brazil/tipi
11043000;Germes de cereais, inteiros, esmagados, em flocos ou moídos;0.00;oca-l10n-brazil/tipi
11051000;Farinha, sêmola e pó;0.00;oca-l10n-brazil/tipi
11052000;Flocos, grânulos e pellets;0.00;oca-l10n-brazil/tipi
11061000;Dos legumes de vagem, secos, da posição 07.13;0.00;oca-l10n-brazil/tipi
11062000;De sagu ou das raízes ou tubérculos, da posição 07.14;0.00;oca-l10n-brazil/tipi
11063000;Dos produtos do Capítulo 8;0.00;oca-l10n-brazil/tipi
11071010;Inteiro ou partido;3.25;oca-l10n-brazil/tipi
11071020;Moído ou em farinha;3.25;oca-l10n-brazil/tipi
11072010;Inteiro ou partido;3.25;oca-l10n-brazil/tipi
11072020;Moído ou em farinha;3.25;oca-l10n-brazil/tipi
11081100;Amido de trigo;0.00;oca-l10n-brazil/tipi
11081200;Amido de milho;0.00;oca-l10n-brazil/tipi
11081300;Fécula de batata;0.00;oca-l10n-brazil/tipi
11081400;Fécula de mandioca;0.00;oca-l10n-brazil/tipi
11081900;Outros amidos e féculas;0.00;oca-l10n-brazil/tipi
11082000;Inulina;0.00;oca-l10n-brazil/tipi
11090000;Glúten de trigo, mesmo seco.;0.00;oca-l10n-brazil/tipi
12011000;Para semeadura (sementeira);0.00;oca-l10n-brazil/tipi
12019000;Outras;0.00;oca-l10n-brazil/tipi
12023000;Para semeadura (sementeira);0.00;oca-l10n-brazil/tipi
12024100;Com casca;0.00;oca-l10n-brazil/tipi
12024200;Descascados, mesmo triturados;0.00;oca-l10n-brazil/tipi
12030000;Copra.;0.00;oca-l10n-brazil/tipi
12040010;Para semeadura (sementeira);0.00;oca-l10n-brazil/tipi
12040090;Outras;0.00;oca-l10n-brazil/tipi
12051010;Para semeadura (sementeira);0.00;oca-l10n-brazil/tipi
12051090;Outras;0.00;oca-l10n-brazil/tipi
12059010;Para semeadura (sementeira);0.00;oca-l10n-brazil/tipi
12059090;Outras;0.00;oca-l10n-brazil/tipi
12060010;Para semeadura (sementeira);0.00;oca-l10n-brazil/tipi
12060090;Outras;0.00;oca-l10n-brazil/tipi
12071010;Para semeadura (sementeira);0.00;oca-l10n-brazil/tipi
12071090;Outras;0.00;oca-l10n-brazil/tipi
12072100;Para semeadura (sementeira);0.00;oca-l10n-brazil/tipi
12072900;Outras;0.00;oca-l10n-brazil/tipi
12073010;Para semeadura (sementeira);0.00;oca-l10n-brazil/tipi
12073090;Outras;0.00;oca-l10n-brazil/tipi
12074010;Para semeadura (sementeira);0.00;oca-l10n-brazil/tipi
12074090;Outras;0.00;oca-l10n-brazil/tipi
12075010;Para semeadura (sementeira);0.00;oca-l10n-brazil/tipi
12075090;Outras;0.00;oca-l10n-brazil/tipi
12076010;Para semeadura (sementeira);0.00;oca-l10n-brazil/tipi
12076090;Outras;0.00;oca-l10n-brazil/tipi
12077010;Para semeadura (sementeira);0.00;oca-l10n-brazil/tipi
12077090;Outras;0.00;oca-l10n-brazil/tipi
12079110;Para semeadura (sementeira);0.00;oca-l10n-brazil/tipi
12079190;Outras;0.00;oca-l10n-brazil/tipi
12079910;Para semeadura (sementeira);0.00;oca-l10n-brazil/tipi
12079990;Outros;0.00;oca-l10n-brazil/tipi
12081000;De soja;0.00;oca-l10n-brazil/tipi
12089000;Outras;0.00;oca-l10n-brazil/tipi
12091000;Sementes de beterraba sacarina;0.00;oca-l10n-brazil/tipi
12092100;Sementes de alfafa (luzerna);0.00;oca-l10n-brazil/tipi
12092200;Sementes de trevo (Trifolium spp.);0.00;oca-l10n-brazil/tipi
12092300;Sementes de festuca;0.00;oca-l10n-brazil/tipi
12092400;Sementes de pasto dos prados de Kentucky (Poa pratensis L.);0.00;oca-l10n-brazil/tipi
12092500;Sementes de azevém (Lolium multiflorum Lam., Lolium perenne L.);0.00;oca-l10n-brazil/tipi
12092900;Outras;0.00;oca-l10n-brazil/tipi
12093000;Sementes de plantas herbáceas cultivadas especialmente pelas suas flores;0.00;oca-l10n-brazil/tipi
12099100;Sementes de produtos hortícolas;0.00;oca-l10n-brazil/tipi
12099900;Outros;0.00;oca-l10n-brazil/tipi
12101000;Cones de lúpulo, não triturados nem moídos nem em pellets;0.00;oca-l10n-brazil/tipi
12102010;Cones de lúpulo;0.00;oca-l10n-brazil/tipi
12102020;Lupulina;0.00;oca-l10n-brazil/tipi
12112000;Raízes de ginseng;0.00;oca-l10n-brazil/tipi
12113000;Coca (folha de);0.00;oca-l10n-brazil/tipi
12114000;Palha de dormideira (papoula);0.00;oca-l10n-brazil/tipi
12115000;Éfedra;0.00;oca-l10n-brazil/tipi
12116000;Casca de cerejeira africana (Prunus africana);0.00;oca-l10n-brazil/tipi
12119010;Orégano (Origanum vulgare);0.00;oca-l10n-brazil/tipi
12119090;Outros;0.00;oca-l10n-brazil/tipi
12122100;Próprias para alimentação humana;0.00;oca-l10n-brazil/tipi
12122900;Outras;0.00;oca-l10n-brazil/tipi
12129100;Beterraba sacarina;0.00;oca-l10n-brazil/tipi
12129200;Alfarroba;0.00;oca-l10n-brazil/tipi
12129300;Cana-de-açúcar;0.00;oca-l10n-brazil/tipi
12129400;Raízes de chicória;0.00;oca-l10n-brazil/tipi
12129910;Estévia (Ka'a He'ẽ) (Stevia rebaudiana);0.00;oca-l10n-brazil/tipi
12129990;Outros;0.00;oca-l10n-brazil/tipi
12130000;Palhas e cascas de cereais, em bruto, mesmo picadas, moídas, prensadas ou em pellets.;0.00;oca-l10n-brazil/tipi
12141000;Farinha e pellets, de alfafa (luzerna);0.00;oca-l10n-brazil/tipi
12149000;Outros;0.00;oca-l10n-brazil/tipi
13012000;Goma-arábica;0.00;oca-l10n-brazil/tipi
13019010;Goma-laca;0.00;oca-l10n-brazil/tipi
13019090;Outros;0.00;oca-l10n-brazil/tipi
13021110;Concentrados de palha de papoula;0.00;oca-l10n-brazil/tipi
13021190;Outros;0.00;oca-l10n-brazil/tipi
13021200;De alcaçuz (regoliz);0.00;oca-l10n-brazil/tipi
13021300;De lúpulo;3.25;oca-l10n-brazil/tipi
13021400;De éfedra;0.00;oca-l10n-brazil/tipi
13021910;De mamão (Carica papaya), seco;0.00;oca-l10n-brazil/tipi
13021920;"De semente de toranja; de semente de pomelo";0.00;oca-l10n-brazil/tipi
13021930;De Ginkgo biloba, seco;0.00;oca-l10n-brazil/tipi
13021940;Valepotriatos;0.00;oca-l10n-brazil/tipi
13021950;De ginseng;0.00;oca-l10n-brazil/tipi
13021960;Silimarina;0.00;oca-l10n-brazil/tipi
13021991;De píretro ou de raízes de plantas que contenham rotenona;0.00;oca-l10n-brazil/tipi
13021999;Outros;0.00;oca-l10n-brazil/tipi
13022010;Matérias pécticas (pectinas);0.00;oca-l10n-brazil/tipi
13022090;Outros;0.00;oca-l10n-brazil/tipi
13023100;Ágar-ágar;0.00;oca-l10n-brazil/tipi
13023211;Farinha de endosperma;0.00;oca-l10n-brazil/tipi
13023219;Outros;0.00;oca-l10n-brazil/tipi
13023220;De sementes de guar;0.00;oca-l10n-brazil/tipi
13023910;Carragenina (musgo-de-irlanda);0.00;oca-l10n-brazil/tipi
13023990;Outros;0.00;oca-l10n-brazil/tipi
14011000;Bambus;0.00;oca-l10n-brazil/tipi
14012000;Rotins;0.00;oca-l10n-brazil/tipi
14019000;Outras;0.00;oca-l10n-brazil/tipi
14042010;Em bruto;0.00;oca-l10n-brazil/tipi
14042090;Outros;0.00;oca-l10n-brazil/tipi
14049010;Matérias vegetais das espécies principalmente utilizadas na fabricação de vassouras, escovas, pin...;0.00;oca-l10n-brazil/tipi
14049090;Outros;0.00;oca-l10n-brazil/tipi
15011000;Banha;0.00;oca-l10n-brazil/tipi
15012000;Outras gorduras de porco;0.00;oca-l10n-brazil/tipi
15019000;Outras;0.00;oca-l10n-brazil/tipi
15021011;Em bruto;0.00;oca-l10n-brazil/tipi
15021012;Fundido (incluindo o premier jus);0.00;oca-l10n-brazil/tipi
15021019;Outros;0.00;oca-l10n-brazil/tipi
15021090;Outros;0.00;oca-l10n-brazil/tipi
15029000;Outras;0.00;oca-l10n-brazil/tipi
15030000;Estearina solar, óleo de banha de porco, oleoestearina, oleomargarina e óleo de sebo, não emulsio...;0.00;oca-l10n-brazil/tipi
15041011;Óleo em bruto;0.00;oca-l10n-brazil/tipi
15041019;Outros;0.00;oca-l10n-brazil/tipi
15041090;Outros;0.00;oca-l10n-brazil/tipi
15042000;Gorduras e óleos de peixes e respectivas frações, exceto óleos de fígados;0.00;oca-l10n-brazil/tipi
15043000;Gorduras e óleos de mamíferos marinhos e respectivas frações;0.00;oca-l10n-brazil/tipi
15050010;Lanolina;0.00;oca-l10n-brazil/tipi
15050090;Outras;0.00;oca-l10n-brazil/tipi
15060000;Outras gorduras e óleos animais, e respectivas frações, mesmo refinados, mas não quimicamente mod...;0.00;oca-l10n-brazil/tipi
15071000;Óleo em bruto, mesmo degomado;0.00;oca-l10n-brazil/tipi
15079011;Em recipientes com capacidade inferior ou igual a 5 l;0.00;oca-l10n-brazil/tipi
15079019;Outros;0.00;oca-l10n-brazil/tipi
15079090;Outros;0.00;oca-l10n-brazil/tipi
15081000;Óleo em bruto;0.00;oca-l10n-brazil/tipi
15089000;Outros;0.00;oca-l10n-brazil/tipi
15092000;Azeite de oliva (oliveira) extra virgem;0.00;oca-l10n-brazil/tipi
15093000;Azeite de oliva (oliveira) virgem;0.00;oca-l10n-brazil/tipi
15094000;Outros azeites de oliva (oliveira) virgens;0.00;oca-l10n-brazil/tipi
15099010;Refinado;0.00;oca-l10n-brazil/tipi
15099090;Outros;0.00;oca-l10n-brazil/tipi
15101000;Óleo de bagaço de azeitona em bruto;0.00;oca-l10n-brazil/tipi
15109000;Outros;0.00;oca-l10n-brazil/tipi
15111000;Óleo em bruto;0.00;oca-l10n-brazil/tipi
15119000;Outros;0.00;oca-l10n-brazil/tipi
15121110;De girassol;0.00;oca-l10n-brazil/tipi
15121120;De cártamo;0.00;oca-l10n-brazil/tipi
15121911;Refinado, em recipientes com capacidade inferior ou igual a 5 l;0.00;oca-l10n-brazil/tipi
15121919;Outros;0.00;oca-l10n-brazil/tipi
15121920;De cártamo;0.00;oca-l10n-brazil/tipi
15122100;Óleo em bruto, mesmo desprovido de gossipol;0.00;oca-l10n-brazil/tipi
15122910;Refinado;0.00;oca-l10n-brazil/tipi
15122990;Outros;0.00;oca-l10n-brazil/tipi
15131100;Óleo em bruto;0.00;oca-l10n-brazil/tipi
15131900;Outros;0.00;oca-l10n-brazil/tipi
15132111;De coco mbocaya (Acrocomia totai);0.00;oca-l10n-brazil/tipi
15132119;Outros;0.00;oca-l10n-brazil/tipi
15132120;De babaçu;0.00;oca-l10n-brazil/tipi
15132911;De coco mbocaya (Acrocomia totai);0.00;oca-l10n-brazil/tipi
15132919;Outros;0.00;oca-l10n-brazil/tipi
15132920;De babaçu;0.00;oca-l10n-brazil/tipi
15141100;Óleos em bruto;0.00;oca-l10n-brazil/tipi
15141910;Refinados;0.00;oca-l10n-brazil/tipi
15141990;Outros;0.00;oca-l10n-brazil/tipi
15149100;Óleos em bruto;0.00;oca-l10n-brazil/tipi
15149910;Refinados;0.00;oca-l10n-brazil/tipi
15149990;Outros;0.00;oca-l10n-brazil/tipi
15151100;Óleo em bruto;0.00;oca-l10n-brazil/tipi
15151900;Outros;0.00;oca-l10n-brazil/tipi
15152100;Óleo em bruto;0.00;oca-l10n-brazil/tipi
15152910;Refinado, em recipientes com capacidade inferior ou igual a 5 l;0.00;oca-l10n-brazil/tipi
15152990;Outros;0.00;oca-l10n-brazil/tipi
15153000;Óleo de rícino (mamona) e respectivas frações;0.00;oca-l10n-brazil/tipi
15155000;Óleo de gergelim (sésamo) e respectivas frações;0.00;oca-l10n-brazil/tipi
15156000;Gorduras e óleos de origem microbiana e respectivas frações;0.00;oca-l10n-brazil/tipi
15159010;Óleo de jojoba e respectivas frações;0.00;oca-l10n-brazil/tipi
15159021;Em bruto;0.00;oca-l10n-brazil/tipi
15159022;Refinado;0.00;oca-l10n-brazil/tipi
15159090;Outros;0.00;oca-l10n-brazil/tipi
15161000;Gorduras e óleos animais e respectivas frações;0.00;oca-l10n-brazil/tipi
15162000;Gorduras e óleos vegetais e respectivas frações;0.00;oca-l10n-brazil/tipi
15163000;Gorduras e óleos de origem microbiana e respectivas frações;0.00;oca-l10n-brazil/tipi
15171000;Margarina, exceto a margarina líquida;0.00;oca-l10n-brazil/tipi
15179010;Misturas de óleos refinados, em recipientes com capacidade inferior ou igual a 5 l;0.00;oca-l10n-brazil/tipi
15179090;Outras;0.00;oca-l10n-brazil/tipi
15180010;Óleo vegetal epoxidado;0.00;oca-l10n-brazil/tipi
15180090;Outros;0.00;oca-l10n-brazil/tipi
15200010;Glicerol em bruto;0.00;oca-l10n-brazil/tipi
15200020;Águas e lixívias, glicéricas;0.00;oca-l10n-brazil/tipi
15211000;Ceras vegetais;0.00;oca-l10n-brazil/tipi
15219011;Em bruto;0.00;oca-l10n-brazil/tipi
15219019;Outras;0.00;oca-l10n-brazil/tipi
15219090;Outros;0.00;oca-l10n-brazil/tipi
15220000;"Dégras; resíduos provenientes do tratamento das substâncias gordas ou das ceras animais ou vegetais.";0.00;oca-l10n-brazil/tipi
16010000;"Enchidos e produtos semelhantes, de carne, miudezas, sangue ou de insetos; preparações alimentíci...";0.00;oca-l10n-brazil/tipi
16021000;Preparações homogeneizadas;0.00;oca-l10n-brazil/tipi
16022000;De fígados de quaisquer animais;0.00;oca-l10n-brazil/tipi
16023100;De peruas e de perus;0.00;oca-l10n-brazil/tipi
16023210;Com conteúdo de carne ou de miudezas igual ou superior a 57 %, em peso, não cozidas;0.00;oca-l10n-brazil/tipi
16023220;Com conteúdo de carne ou de miudezas igual ou superior a 57 %, em peso, cozidas;0.00;oca-l10n-brazil/tipi
16023230;Com conteúdo de carne ou de miudezas igual ou superior a 25 % e inferior a 57 %, em peso;0.00;oca-l10n-brazil/tipi
16023290;Outras;0.00;oca-l10n-brazil/tipi
16023900;Outras;0.00;oca-l10n-brazil/tipi
16024100;Pernas e respectivos pedaços;0.00;oca-l10n-brazil/tipi
16024200;Pás e respectivos pedaços;0.00;oca-l10n-brazil/tipi
16024900;Outras, incluindo as misturas;0.00;oca-l10n-brazil/tipi
16025000;Da espécie bovina;0.00;oca-l10n-brazil/tipi
16029000;Outras, incluindo as preparações de sangue de quaisquer animais;0.00;oca-l10n-brazil/tipi
16030000;Extratos e sucos de carne, peixes ou crustáceos, moluscos ou de outros invertebrados aquáticos.;0.00;oca-l10n-brazil/tipi
16041100;Salmões;3.25;oca-l10n-brazil/tipi
16041200;Arenques;3.25;oca-l10n-brazil/tipi
16041310;Sardinhas;0.00;oca-l10n-brazil/tipi
16041390;Outros;0.00;oca-l10n-brazil/tipi
16041410;Atuns;0.00;oca-l10n-brazil/tipi
16041420;Bonito-listrado;0.00;oca-l10n-brazil/tipi
16041430;Bonito-cachorro;0.00;oca-l10n-brazil/tipi
16041500;Cavalinhas (Sardas e cavalas*);0.00;oca-l10n-brazil/tipi
16041600;Anchovas (Biqueirões*);0.00;oca-l10n-brazil/tipi
16041700;Enguias;0.00;oca-l10n-brazil/tipi
16041800;Barbatanas de tubarão;0.00;oca-l10n-brazil/tipi
16041900;Outros;0.00;oca-l10n-brazil/tipi
16042010;De atuns;0.00;oca-l10n-brazil/tipi
16042020;De bonito-listrado;0.00;oca-l10n-brazil/tipi
16042030;De sardinhas ou de anchoveta;0.00;oca-l10n-brazil/tipi
16042090;Outras;0.00;oca-l10n-brazil/tipi
16043100;Caviar;3.25;oca-l10n-brazil/tipi
16043200;Sucedâneos do caviar;3.25;oca-l10n-brazil/tipi
16051000;Caranguejos;0.00;oca-l10n-brazil/tipi
16052100;Não acondicionados em recipientes hermeticamente fechados;0.00;oca-l10n-brazil/tipi
16052900;Outros;0.00;oca-l10n-brazil/tipi
16053000;Lavagantes;0.00;oca-l10n-brazil/tipi
16054000;Outros crustáceos;0.00;oca-l10n-brazil/tipi
16055100;Ostras;0.00;oca-l10n-brazil/tipi
16055200;Vieiras, incluindo a americana;0.00;oca-l10n-brazil/tipi
16055300;Mexilhões;0.00;oca-l10n-brazil/tipi
16055400;Sépias e lulas (Chocos e lulas*) (Chocos, chopos, potas e lulas*);0.00;oca-l10n-brazil/tipi
16055500;Polvos;0.00;oca-l10n-brazil/tipi
16055600;Amêijoas, berbigões e arcas;0.00;oca-l10n-brazil/tipi
16055700;Abalones (Orelhas-do-mar*);0.00;oca-l10n-brazil/tipi
16055800;Caracóis, exceto os do mar;0.00;oca-l10n-brazil/tipi
16055900;Outros;0.00;oca-l10n-brazil/tipi
16056100;Pepinos-do-mar;0.00;oca-l10n-brazil/tipi
16056200;Ouriços-do-mar;0.00;oca-l10n-brazil/tipi
16056300;Medusas (águas-vivas);0.00;oca-l10n-brazil/tipi
16056900;Outros;0.00;oca-l10n-brazil/tipi
17011200;De beterraba;3.25;oca-l10n-brazil/tipi
17011300;Açúcar de cana mencionado na Nota de subposição 2 do presente Capítulo;3.25;oca-l10n-brazil/tipi
17011400;Outros açúcares de cana;0.00;oca-l10n-brazil/tipi
17019100;Adicionados de aromatizantes ou de corantes;3.25;oca-l10n-brazil/tipi
17019900;Outros;0.00;oca-l10n-brazil/tipi
17021100;Que contenham, em peso, 99 % ou mais de lactose, expresso em lactose anidra, calculado sobre a ma...;0.00;oca-l10n-brazil/tipi
17021900;Outros;0.00;oca-l10n-brazil/tipi
17022000;Açúcar e xarope, de bordo (ácer);0.00;oca-l10n-brazil/tipi
17023011;Quimicamente pura;0.00;oca-l10n-brazil/tipi
17023019;Outra;3.25;oca-l10n-brazil/tipi
17023020;Xarope de glicose;0.00;oca-l10n-brazil/tipi
17024010;Glicose;0.00;oca-l10n-brazil/tipi
17024020;Xarope de glicose;0.00;oca-l10n-brazil/tipi
17025000;Frutose (levulose) quimicamente pura;0.00;oca-l10n-brazil/tipi
17026010;Frutose (levulose);0.00;oca-l10n-brazil/tipi
17026020;Xarope de frutose (levulose);0.00;oca-l10n-brazil/tipi
17029000;Outros, incluindo o açúcar invertido e os outros açúcares e xaropes de açúcares, que contenham, e...;3.25;oca-l10n-brazil/tipi
17031000;Melaços de cana;3.25;oca-l10n-brazil/tipi
17039000;Outros;3.25;oca-l10n-brazil/tipi
17041000;Gomas de mascar (pastilhas elásticas), mesmo revestidas de açúcar;3.25;oca-l10n-brazil/tipi
17049010;Chocolate branco;3.25;oca-l10n-brazil/tipi
17049020;Caramelos, confeitos, dropes, pastilhas, e produtos semelhantes;3.25;oca-l10n-brazil/tipi
17049090;Outros;3.25;oca-l10n-brazil/tipi
18010000;Cacau inteiro ou partido, em bruto ou torrado.;0.00;oca-l10n-brazil/tipi
18020000;Cascas, películas e outros desperdícios de cacau.;0.00;oca-l10n-brazil/tipi
18031000;Não desengordurada;0.00;oca-l10n-brazil/tipi
18032000;Total ou parcialmente desengordurada;0.00;oca-l10n-brazil/tipi
18040000;Manteiga, gordura e óleo, de cacau.;0.00;oca-l10n-brazil/tipi
18050000;Cacau em pó, sem adição de açúcar ou de outros edulcorantes.;0.00;oca-l10n-brazil/tipi
18061000;Cacau em pó, com adição de açúcar ou de outros edulcorantes;0.00;oca-l10n-brazil/tipi
18062000;Outras preparações em blocos ou em barras, de peso superior a 2 kg, ou no estado líquido, em past...;0.00;oca-l10n-brazil/tipi
18063110;Chocolate;3.25;oca-l10n-brazil/tipi
18063120;Outras preparações;3.25;oca-l10n-brazil/tipi
18063210;Chocolate;3.25;oca-l10n-brazil/tipi
18063220;Outras preparações;3.25;oca-l10n-brazil/tipi
18069000;Outros;0.00;oca-l10n-brazil/tipi
19011010;Leite modificado;0.00;oca-l10n-brazil/tipi
19011020;Farinha láctea;0.00;oca-l10n-brazil/tipi
19011030;À base de farinha, grumos, sêmola ou amido;0.00;oca-l10n-brazil/tipi
19011090;Outras;0.00;oca-l10n-brazil/tipi
19012010;Massa para a preparação de pão, sem adição de grãos ou sementes integrais, congelada;;sem-ipi-na-fonte
19012020;Massa para a preparação de pão, com adição de grãos ou sementes integrais, congelada;;sem-ipi-na-fonte
19012090;Outras;;sem-ipi-na-fonte
19019010;Extrato de malte;0.00;oca-l10n-brazil/tipi
19019020;Doce de leite;0.00;oca-l10n-brazil/tipi
19019090;Outros;0.00;oca-l10n-brazil/tipi
19021100;Que contenham ovos;0.00;oca-l10n-brazil/tipi
19021900;Outras;0.00;oca-l10n-brazil/tipi
19022000;Massas alimentícias recheadas (mesmo cozidas ou preparadas de outro modo);0.00;oca-l10n-brazil/tipi
19023000;Outras massas alimentícias;0.00;oca-l10n-brazil/tipi
19024000;Cuscuz;0.00;oca-l10n-brazil/tipi
19030000;Tapioca e seus sucedâneos preparados a partir de féculas, em flocos, grumos, grãos, pérolas ou fo...;0.00;oca-l10n-brazil/tipi
19041000;Produtos à base de cereais, obtidos por expansão ou por torrefação;0.00;oca-l10n-brazil/tipi
19042000;Preparações alimentícias obtidas a partir de flocos de cereais não torrados ou de misturas de flo...;0.00;oca-l10n-brazil/tipi
19043000;Trigo bulgur;0.00;oca-l10n-brazil/tipi
19049000;Outros;0.00;oca-l10n-brazil/tipi
19051000;Pão crocante denominado knäckebrot;0.00;oca-l10n-brazil/tipi
19052010;Panetone;0.00;oca-l10n-brazil/tipi
19052090;Outros;0.00;oca-l10n-brazil/tipi
19053100;Bolachas e biscoitos, adicionados de edulcorantes;0.00;oca-l10n-brazil/tipi
19053200;Waffles e wafers;0.00;oca-l10n-brazil/tipi
19054000;Torradas (tostas), pão torrado e produtos semelhantes torrados;0.00;oca-l10n-brazil/tipi
19059010;Pão de forma;0.00;oca-l10n-brazil/tipi
19059020;Bolachas e biscoitos;0.00;oca-l10n-brazil/tipi
19059090;Outros;0.00;oca-l10n-brazil/tipi
20011000;Pepinos e pepininhos (cornichons);0.00;oca-l10n-brazil/tipi
20019000;Outros;0.00;oca-l10n-brazil/tipi
20021000;Tomates inteiros ou em pedaços;0.00;oca-l10n-brazil/tipi
20029000;Outros;0.00;oca-l10n-brazil/tipi
20031000;Cogumelos do gênero Agaricus;0.00;oca-l10n-brazil/tipi
20039000;Outros;3.25;oca-l10n-brazil/tipi
20041000;Batatas;0.00;oca-l10n-brazil/tipi
20049000;Outros produtos hortícolas e misturas de produtos hortícolas;0.00;oca-l10n-brazil/tipi
20051000;Produtos hortícolas homogeneizados;0.00;oca-l10n-brazil/tipi
20052000;Batatas;0.00;oca-l10n-brazil/tipi
20054000;Ervilhas (Pisum sativum);0.00;oca-l10n-brazil/tipi
20055100;Feijões em grãos;0.00;oca-l10n-brazil/tipi
20055900;Outros;0.00;oca-l10n-brazil/tipi
20056000;Aspargos;0.00;oca-l10n-brazil/tipi
20057000;Azeitonas;0.00;oca-l10n-brazil/tipi
20058000;Milho doce (Zea mays var. saccharata);0.00;oca-l10n-brazil/tipi
20059100;Brotos (rebentos) de bambu;0.00;oca-l10n-brazil/tipi
20059900;Outros;0.00;oca-l10n-brazil/tipi
20060000;Produtos hortícolas, fruta, cascas de fruta e outras partes de plantas, conservados com açúcar (p...;0.00;oca-l10n-brazil/tipi
20071000;Preparações homogeneizadas;0.00;oca-l10n-brazil/tipi
20079100;De citros (citrinos);0.00;oca-l10n-brazil/tipi
20079910;Geleias e marmelades;0.00;oca-l10n-brazil/tipi
20079921;De açaí (Euterpe oleracea);0.00;oca-l10n-brazil/tipi
20079922;De acerola (Malpighia spp.);0.00;oca-l10n-brazil/tipi
20079923;De banana (Musa spp.);0.00;oca-l10n-brazil/tipi
20079924;De goiaba (Psidium guajava);0.00;oca-l10n-brazil/tipi
20079925;De manga (Mangifera indica);0.00;oca-l10n-brazil/tipi
20079926;De cupuaçu (Theobroma grandiflorum);0.00;oca-l10n-brazil/tipi
20079927;De mamão (papaia) (Carica papaya L.);0.00;oca-l10n-brazil/tipi
20079929;Outros;0.00;oca-l10n-brazil/tipi
20079990;Outros;0.00;oca-l10n-brazil/tipi
20081100;Amendoins;0.00;oca-l10n-brazil/tipi
20081900;Outros, incluindo as misturas;0.00;oca-l10n-brazil/tipi
20082010;Em água edulcorada, incluindo os xaropes;0.00;oca-l10n-brazil/tipi
20082090;Outros;0.00;oca-l10n-brazil/tipi
20083000;Citros (citrinos);0.00;oca-l10n-brazil/tipi
20084010;Em água edulcorada, incluindo os xaropes;0.00;oca-l10n-brazil/tipi
20084090;Outras;0.00;oca-l10n-brazil/tipi
20085000;Damascos;0.00;oca-l10n-brazil/tipi
20086010;Em água edulcorada, incluindo os xaropes;0.00;oca-l10n-brazil/tipi
20086090;Outras;0.00;oca-l10n-brazil/tipi
20087010;Em água edulcorada, incluindo os xaropes;0.00;oca-l10n-brazil/tipi
20087020;Polpa com valor Brix igual ou superior a 20;0.00;oca-l10n-brazil/tipi
20087090;Outros;0.00;oca-l10n-brazil/tipi
20088000;Morangos;0.00;oca-l10n-brazil/tipi
20089100;Palmitos;0.00;oca-l10n-brazil/tipi
20089300;"Arandos vermelhos (cranberries) (Vaccinium macrocarpon, Vaccinium oxycoccos); airela vermelha (Va...";0.00;oca-l10n-brazil/tipi
20089710;Em água edulcorada, incluindo os xaropes;0.00;oca-l10n-brazil/tipi
20089790;Outras;0.00;oca-l10n-brazil/tipi
20089900;Outras;0.00;oca-l10n-brazil/tipi
20091100;Congelado;0.00;oca-l10n-brazil/tipi
20091200;Não congelado, com valor Brix não superior a 20;0.00;oca-l10n-brazil/tipi
20091900;Outros;0.00;oca-l10n-brazil/tipi
20092100;Com valor Brix não superior a 20;0.00;oca-l10n-brazil/tipi
20092900;Outros;0.00;oca-l10n-brazil/tipi
20093100;Com valor Brix não superior a 20;0.00;oca-l10n-brazil/tipi
20093900;Outros;0.00;oca-l10n-brazil/tipi
20094100;Com valor Brix não superior a 20;0.00;oca-l10n-brazil/tipi
20094900;Outros;0.00;oca-l10n-brazil/tipi
20095000;Suco (sumo) de tomate;0.00;oca-l10n-brazil/tipi
20096100;Com valor Brix não superior a 30;0.00;oca-l10n-brazil/tipi
20096900;Outros;0.00;oca-l10n-brazil/tipi
20097100;Com valor Brix não superior a 20;0.00;oca-l10n-brazil/tipi
20097900;Outros;0.00;oca-l10n-brazil/tipi
20098100;"Suco (sumo) de arando vermelho (cranberry) (Vaccinium macrocarpon, Vaccinium oxycoccos); suco (su...";0.00;oca-l10n-brazil/tipi
20098911;De pêssego, com valor Brix igual ou superior a 60;0.00;oca-l10n-brazil/tipi
20098912;De acerola (Malpighia spp.);0.00;oca-l10n-brazil/tipi
20098913;De maracujá (Passiflora edulis);0.00;oca-l10n-brazil/tipi
20098919;Outros;0.00;oca-l10n-brazil/tipi
20098921;Com valor Brix não superior a 7,4;0.00;oca-l10n-brazil/tipi
20098922;Com valor Brix superior a 7,4;0.00;oca-l10n-brazil/tipi
20098990;Outros;0.00;oca-l10n-brazil/tipi
20099000;Misturas de sucos (sumos);0.00;oca-l10n-brazil/tipi
21011110;Café solúvel, mesmo descafeinado;0.00;oca-l10n-brazil/tipi
21011190;Outros;0.00;oca-l10n-brazil/tipi
21011200;Preparações à base de extratos, essências ou concentrados ou à base de café;0.00;oca-l10n-brazil/tipi
21012010;De chá;0.00;oca-l10n-brazil/tipi
21012020;De mate;0.00;oca-l10n-brazil/tipi
21013000;Chicória torrada e outros sucedâneos torrados do café e respectivos extratos, essências e concent...;0.00;oca-l10n-brazil/tipi
21021010;Saccharomyces boulardii;0.00;oca-l10n-brazil/tipi
21021090;Outras;0.00;oca-l10n-brazil/tipi
21022000;"Leveduras mortas; outros microrganismos monocelulares mortos";0.00;oca-l10n-brazil/tipi
21023000;Pós para levedar, preparados;0.00;oca-l10n-brazil/tipi
21031010;Em embalagens imediatas de conteúdo inferior ou igual a 1 kg;0.00;oca-l10n-brazil/tipi
21031090;Outros;0.00;oca-l10n-brazil/tipi
21032010;Em embalagens imediatas de conteúdo inferior ou igual a 1 kg;0.00;oca-l10n-brazil/tipi
21032090;Outros;0.00;oca-l10n-brazil/tipi
21033010;Farinha de mostarda;0.00;oca-l10n-brazil/tipi
21033021;Em embalagens imediatas de conteúdo inferior ou igual a 1 kg;0.00;oca-l10n-brazil/tipi
21033029;Outras;0.00;oca-l10n-brazil/tipi
21039011;Em embalagens imediatas de conteúdo inferior ou igual a 1 kg;0.00;oca-l10n-brazil/tipi
21039019;Outra;0.00;oca-l10n-brazil/tipi
21039021;Em embalagens imediatas de conteúdo inferior ou igual a 1 kg;0.00;oca-l10n-brazil/tipi
21039029;Outros;0.00;oca-l10n-brazil/tipi
21039091;Em embalagens imediatas de conteúdo inferior ou igual a 1 kg;0.00;oca-l10n-brazil/tipi
21039099;Outros;0.00;oca-l10n-brazil/tipi
21041011;Em embalagens imediatas de conteúdo inferior ou igual a 1 kg;0.00;oca-l10n-brazil/tipi
21041019;Outras;0.00;oca-l10n-brazil/tipi
21041021;Em embalagens imediatas de conteúdo inferior ou igual a 1 kg;0.00;oca-l10n-brazil/tipi
21041029;Outros;0.00;oca-l10n-brazil/tipi
21042000;Preparações alimentícias compostas homogeneizadas;0.00;oca-l10n-brazil/tipi
21050010;Em embalagens imediatas de conteúdo inferior ou igual a 2 kg;3.25;oca-l10n-brazil/tipi
21050090;Outros;3.25;oca-l10n-brazil/tipi
21061000;Concentrados de proteínas e substâncias proteicas texturizadas;0.00;oca-l10n-brazil/tipi
21069010;Preparações do tipo utilizado para elaboração de bebidas;3.00;oca-l10n-brazil/tipi
21069021;Para a fabricação de pudins, em embalagens imediatas de conteúdo inferior ou igual a 1 kg;0.00;oca-l10n-brazil/tipi
21069029;Outros;0.00;oca-l10n-brazil/tipi
21069030;Suplementos alimentares;0.00;oca-l10n-brazil/tipi
21069040;Misturas à base de ascorbato de sódio e glucose próprias para embutidos;0.00;oca-l10n-brazil/tipi
21069050;Gomas de mascar, sem açúcar;0.00;oca-l10n-brazil/tipi
21069060;Caramelos, confeitos, pastilhas e produtos semelhantes, sem açúcar;0.00;oca-l10n-brazil/tipi
21069090;Outras;0.00;oca-l10n-brazil/tipi
22011000;Águas minerais e águas gaseificadas;0.00;oca-l10n-brazil/tipi
22019000;Outros;0.00;oca-l10n-brazil/tipi
22021000;Águas, incluindo as águas minerais e as águas gaseificadas, adicionadas de açúcar ou de outros ed...;2.60;oca-l10n-brazil/tipi
22029100;Cerveja sem álcool;3.90;oca-l10n-brazil/tipi
22029900;Outras;0.00;oca-l10n-brazil/tipi
22030000;Cervejas de malte.;3.90;oca-l10n-brazil/tipi
22041010;Tipo champanha (champagne);6.50;oca-l10n-brazil/tipi
22041090;Outros;6.50;oca-l10n-brazil/tipi
22042100;Em recipientes de capacidade não superior a 2 l;13.00;oca-l10n-brazil/tipi
22042211;Em recipientes de capacidade não superior a 5 l;13.00;oca-l10n-brazil/tipi
22042219;Outros;13.00;oca-l10n-brazil/tipi
22042220;Mostos;6.50;oca-l10n-brazil/tipi
22042910;Vinhos;13.00;oca-l10n-brazil/tipi
22042920;Mostos;6.50;oca-l10n-brazil/tipi
22043000;Outros mostos de uvas;6.50;oca-l10n-brazil/tipi
22051000;Em recipientes de capacidade não superior a 2 l;9.75;oca-l10n-brazil/tipi
22059000;Outros;9.75;oca-l10n-brazil/tipi
22060010;Sidra;6.50;oca-l10n-brazil/tipi
22060090;Outras;13.00;oca-l10n-brazil/tipi
22071010;Com um teor de água inferior ou igual a 1 % vol.;5.20;oca-l10n-brazil/tipi
22071090;Outros;5.20;oca-l10n-brazil/tipi
22072011;Com um teor de água inferior ou igual a 1 % vol.;0.00;oca-l10n-brazil/tipi
22072019;Outros;0.00;oca-l10n-brazil/tipi
22072020;Aguardente;5.20;oca-l10n-brazil/tipi
22082000;Aguardentes de vinho ou de bagaço, de uvas;19.50;oca-l10n-brazil/tipi
22083010;Com um teor alcoólico, em volume, superior a 50 % vol., em recipientes de capacidade igual ou sup...;19.50;oca-l10n-brazil/tipi
22083020;Em embalagens de capacidade inferior ou igual a 2 l;19.50;oca-l10n-brazil/tipi
22083090;Outros;19.50;oca-l10n-brazil/tipi
22084000;Rum e outras aguardentes provenientes da destilação, após fermentação, de produtos da cana-de-açúcar;19.50;oca-l10n-brazil/tipi
22085000;Gim e genebra;19.50;oca-l10n-brazil/tipi
22086000;Vodca;19.50;oca-l10n-brazil/tipi
22087000;Licores;19.50;oca-l10n-brazil/tipi
22089000;Outros;13.00;oca-l10n-brazil/tipi
22090000;Vinagres e seus sucedâneos obtidos a partir do ácido acético, para uso alimentar.;0.00;oca-l10n-brazil/tipi
23011010;De carne;0.00;oca-l10n-brazil/tipi
23011090;Outros;0.00;oca-l10n-brazil/tipi
23012010;De peixes;0.00;oca-l10n-brazil/tipi
23012090;Outros;0.00;oca-l10n-brazil/tipi
23021000;De milho;0.00;oca-l10n-brazil/tipi
23023010;Farelo;0.00;oca-l10n-brazil/tipi
23023090;Outros;0.00;oca-l10n-brazil/tipi
23024000;De outros cereais;0.00;oca-l10n-brazil/tipi
23025000;De leguminosas;0.00;oca-l10n-brazil/tipi
23031000;Resíduos da fabricação do amido e resíduos semelhantes;0.00;oca-l10n-brazil/tipi
23032000;Polpas de beterraba, bagaços de cana-de-açúcar e outros desperdícios da indústria do açúcar;0.00;oca-l10n-brazil/tipi
23033000;Borras e desperdícios da indústria da cerveja e das destilarias;0.00;oca-l10n-brazil/tipi
23040010;Farinhas e pellets;0.00;oca-l10n-brazil/tipi
23040090;Outros;0.00;oca-l10n-brazil/tipi
23050000;Tortas (bagaços) e outros resíduos sólidos, mesmo triturados ou em pellets, da extração do óleo d...;0.00;oca-l10n-brazil/tipi
23061000;De sementes de algodão;0.00;oca-l10n-brazil/tipi
23062000;De linhaça (sementes de linho);0.00;oca-l10n-brazil/tipi
23063010;Tortas (bagaços), farinhas e pellets;0.00;oca-l10n-brazil/tipi
23063090;Outros;0.00;oca-l10n-brazil/tipi
23064100;Com baixo teor de ácido erúcico;0.00;oca-l10n-brazil/tipi
23064900;Outros;0.00;oca-l10n-brazil/tipi
23065000;De coco ou de copra;0.00;oca-l10n-brazil/tipi
23066000;De nozes ou de amêndoas de palma (palmiste) (coconote);0.00;oca-l10n-brazil/tipi
23069010;De germe de milho;0.00;oca-l10n-brazil/tipi
23069090;Outros;0.00;oca-l10n-brazil/tipi
23070000;"Borras de vinho; tártaro em bruto.";0.00;oca-l10n-brazil/tipi
23080000;Matérias vegetais e desperdícios vegetais, resíduos e subprodutos vegetais, mesmo em pellets, do...;0.00;oca-l10n-brazil/tipi
23091000;Alimentos para cães ou gatos, acondicionados para venda a retalho;6.50;oca-l10n-brazil/tipi
23099010;Preparações destinadas a fornecer ao animal a totalidade dos elementos nutritivos necessários par...;6.50;oca-l10n-brazil/tipi
23099020;Preparações à base de sal iodado, farinha de ossos, farinha de concha, cobre e cobalto;0.00;oca-l10n-brazil/tipi
23099030;Bolachas e biscoitos;6.50;oca-l10n-brazil/tipi
23099040;Preparações que contenham diclazuril;0.00;oca-l10n-brazil/tipi
23099050;Preparações com um teor de cloridrato de ractopamina igual ou superior a 2 %, em peso, com suport...;0.00;oca-l10n-brazil/tipi
23099060;Preparações que contenham xilanase e betagluconase, com suporte de farinha de trigo;6.50;oca-l10n-brazil/tipi
23099070;Preparações com um teor de vitamina B12 igual ou superior a 0,1 %, mas não superior a 1 %, em pes...;;sem-ipi-na-fonte
23099090;Outras;6.50;oca-l10n-brazil/tipi
24011010;Em folhas, sem secar nem fermentar;0.00;oca-l10n-brazil/tipi
24011020;Em folhas secas ou fermentadas tipo capeiro;0.00;oca-l10n-brazil/tipi
24011030;Em folhas secas em secador de ar quente (flue cured), do tipo Virgínia;0.00;oca-l10n-brazil/tipi
24011040;Em folhas secas, com um conteúdo de óleos voláteis superior a 0,2 %, em peso, do tipo turco;0.00;oca-l10n-brazil/tipi
24011090;Outros;0.00;oca-l10n-brazil/tipi
24012010;Em folhas, sem secar nem fermentar;30.00;oca-l10n-brazil/tipi
24012020;Em folhas secas ou fermentadas tipo capeiro;30.00;oca-l10n-brazil/tipi
24012030;Em folhas secas em secador de ar quente (flue cured), do tipo Virgínia;30.00;oca-l10n-brazil/tipi
24012040;Em folhas secas (light air cured), do tipo Burley;30.00;oca-l10n-brazil/tipi
24012090;Outros;30.00;oca-l10n-brazil/tipi
24013000;Desperdícios de tabaco;0.00;oca-l10n-brazil/tipi
24021000;Charutos e cigarrilhas, que contenham tabaco;300.00;oca-l10n-brazil/tipi
24022000;Cigarros que contenham tabaco;30.00;oca-l10n-brazil/tipi
24029000;Outros;300.00;oca-l10n-brazil/tipi
24031100;Tabaco para narguilé (cachimbo de água) mencionado na Nota de subposição 1 do presente Capítulo;30.00;oca-l10n-brazil/tipi
24031900;Outros;30.00;oca-l10n-brazil/tipi
24039100;"Tabaco ""homogeneizado"" ou ""reconstituído""";30.00;oca-l10n-brazil/tipi
24039910;Extratos e molhos;30.00;oca-l10n-brazil/tipi
24039990;Outros;30.00;oca-l10n-brazil/tipi
24041100;Que contenham tabaco ou tabaco reconstituído;30.00;oca-l10n-brazil/tipi
24041200;Outros, que contenham nicotina;10.00;oca-l10n-brazil/tipi
24041900;Outros;30.00;oca-l10n-brazil/tipi
24049100;Para aplicação oral;0.00;oca-l10n-brazil/tipi
24049200;Para aplicação percutânea;10.00;oca-l10n-brazil/tipi
24049900;Outros;10.00;oca-l10n-brazil/tipi
25010011;Sal marinho;0.00;oca-l10n-brazil/tipi
25010019;Outros;0.00;oca-l10n-brazil/tipi
25010020;Sal de mesa;0.00;oca-l10n-brazil/tipi
25010090;Outros;0.00;oca-l10n-brazil/tipi
25020000;Piritas de ferro não ustuladas.;0.00;oca-l10n-brazil/tipi
25030010;A granel;0.00;oca-l10n-brazil/tipi
25030090;Outros;0.00;oca-l10n-brazil/tipi
25041000;Em pó ou em escamas;0.00;oca-l10n-brazil/tipi
25049000;Outra;0.00;oca-l10n-brazil/tipi
25051000;Areias siliciosas e areias quartzosas;0.00;oca-l10n-brazil/tipi
25059000;Outras areias;0.00;oca-l10n-brazil/tipi
25061000;Quartzo;0.00;oca-l10n-brazil/tipi
25062000;Quartzitos;0.00;oca-l10n-brazil/tipi
25070010;Caulim (caulino);0.00;oca-l10n-brazil/tipi
25070090;Outros;0.00;oca-l10n-brazil/tipi
25081000;Bentonita;0.00;oca-l10n-brazil/tipi
25083000;Argilas refratárias;0.00;oca-l10n-brazil/tipi
25084010;Plásticas, com um teor de Fe2O3, em peso, inferior a 1,5 % e com perda por calcinação, em peso, s...;0.00;oca-l10n-brazil/tipi
25084090;Outras;0.00;oca-l10n-brazil/tipi
25085000;Andaluzita, cianita e silimanita;0.00;oca-l10n-brazil/tipi
25086000;Mulita;0.00;oca-l10n-brazil/tipi
25087000;Barro cozido em pó (terra de chamotte) e terra de dinas;0.00;oca-l10n-brazil/tipi
25090000;Cré.;0.00;oca-l10n-brazil/tipi
25101010;Fosfatos de cálcio naturais;0.00;oca-l10n-brazil/tipi
25101090;Outros;0.00;oca-l10n-brazil/tipi
25102010;Fosfatos de cálcio naturais;0.00;oca-l10n-brazil/tipi
25102090;Outros;0.00;oca-l10n-brazil/tipi
25111000;Sulfato de bário natural (baritina);0.00;oca-l10n-brazil/tipi
25112000;Carbonato de bário natural (witherita);0.00;oca-l10n-brazil/tipi
25120000;Farinhas siliciosas fósseis (por exemplo, kieselguhr, tripolita, diatomita) e outras terras silic...;0.00;oca-l10n-brazil/tipi
25131000;Pedra-pomes;0.00;oca-l10n-brazil/tipi
25132000;Esmeril, corindo natural, granada natural e outros abrasivos naturais;0.00;oca-l10n-brazil/tipi
25140000;Ardósia, mesmo desbastada ou simplesmente cortada à serra ou por outro meio, em blocos ou placas...;0.00;oca-l10n-brazil/tipi
25151100;Em bruto ou desbastados;0.00;oca-l10n-brazil/tipi
25151210;Mármores;0.00;oca-l10n-brazil/tipi
25151220;Travertinos;0.00;oca-l10n-brazil/tipi
25152000;"Granitos belgas e outras pedras calcárias de cantaria ou de construção; alabastro";0.00;oca-l10n-brazil/tipi
25161100;Em bruto ou desbastado;0.00;oca-l10n-brazil/tipi
25161200;Simplesmente cortado à serra ou por outro meio, em blocos ou placas de forma quadrada ou retangular;0.00;oca-l10n-brazil/tipi
25162000;Arenito (grés);0.00;oca-l10n-brazil/tipi
25169000;Outras pedras de cantaria ou de construção;0.00;oca-l10n-brazil/tipi
25171000;Calhaus, cascalho, pedras britadas, do tipo normalmente utilizado em concreto (betão) ou para emp...;0.00;oca-l10n-brazil/tipi
25172000;Macadame de escórias de altos-fornos, de outras escórias ou de resíduos industriais semelhantes,...;0.00;oca-l10n-brazil/tipi
25173000;Tarmacadame;0.00;oca-l10n-brazil/tipi
25174100;De mármore;0.00;oca-l10n-brazil/tipi
25174900;Outros;0.00;oca-l10n-brazil/tipi
25181000;"Dolomita não calcinada nem sinterizada, denominada ""crua""";0.00;oca-l10n-brazil/tipi
25182000;Dolomita calcinada ou sinterizada;0.00;oca-l10n-brazil/tipi
25191000;Carbonato de magnésio natural (magnesita);0.00;oca-l10n-brazil/tipi
25199010;Magnésia eletrofundida;0.00;oca-l10n-brazil/tipi
25199090;Outros;0.00;oca-l10n-brazil/tipi
25201011;Em pedaços irregulares (pedras);0.00;oca-l10n-brazil/tipi
25201019;Outros;0.00;oca-l10n-brazil/tipi
25201020;Anidrita;0.00;oca-l10n-brazil/tipi
25202010;Moído, apto para uso odontológico;0.00;oca-l10n-brazil/tipi
25202090;Outros;0.00;oca-l10n-brazil/tipi
25210000;"Castinas; pedras calcárias utilizadas na fabricação de cal ou de cimento.";0.00;oca-l10n-brazil/tipi
25221000;Cal viva;0.00;oca-l10n-brazil/tipi
25222000;Cal apagada;0.00;oca-l10n-brazil/tipi
25223000;Cal hidráulica;0.00;oca-l10n-brazil/tipi
25231000;Cimentos não pulverizados, denominados clinkers;2.60;oca-l10n-brazil/tipi
25232100;Cimentos brancos, mesmo corados artificialmente;0.00;oca-l10n-brazil/tipi
25232910;Cimento comum;0.00;oca-l10n-brazil/tipi
25232990;Outros;0.00;oca-l10n-brazil/tipi
25233000;Cimentos aluminosos;2.60;oca-l10n-brazil/tipi
25239000;Outros cimentos hidráulicos;2.60;oca-l10n-brazil/tipi
25241000;Crocidolita;0.00;oca-l10n-brazil/tipi
25249000;Outros;0.00;oca-l10n-brazil/tipi
25251000;Mica em bruto ou clivada em folhas ou lamelas irregulares (splittings);0.00;oca-l10n-brazil/tipi
25252000;Mica em pó;0.00;oca-l10n-brazil/tipi
25253000;Desperdícios de mica;0.00;oca-l10n-brazil/tipi
25261000;Não triturados nem em pó;0.00;oca-l10n-brazil/tipi
25262000;Triturados ou em pó;0.00;oca-l10n-brazil/tipi
25280000;Boratos naturais e seus concentrados (calcinados ou não), exceto boratos extraídos de salmouras n...;0.00;oca-l10n-brazil/tipi
25291000;Feldspato;0.00;oca-l10n-brazil/tipi
25292100;Que contenha, em peso, 97 % ou menos de fluoreto de cálcio;0.00;oca-l10n-brazil/tipi
25292200;Que contenha, em peso, mais de 97 % de fluoreto de cálcio;0.00;oca-l10n-brazil/tipi
25293000;"Leucita; nefelina e nefelina-sienito";0.00;oca-l10n-brazil/tipi
25301010;Perlita;0.00;oca-l10n-brazil/tipi
25301090;Outras;0.00;oca-l10n-brazil/tipi
25302000;Kieserita, epsomita (sulfatos de magnésio naturais);0.00;oca-l10n-brazil/tipi
25309010;Espodumênio;0.00;oca-l10n-brazil/tipi
25309020;Areia de zircônio micronizada, própria para a preparação de esmaltes cerâmicos;0.00;oca-l10n-brazil/tipi
25309030;Minerais de metais das terras raras;0.00;oca-l10n-brazil/tipi
25309040;Terras corantes;0.00;oca-l10n-brazil/tipi
25309090;Outras;0.00;oca-l10n-brazil/tipi
26011100;Não aglomerados;0.00;oca-l10n-brazil/tipi
26011210;Aglomerados por processo de peletização, de diâmetro igual ou superior a 8 mm, mas não superior a...;0.00;oca-l10n-brazil/tipi
26011220;Em briquetes de volume igual ou superior a 4 cm³, mas não superior a 60 cm³;;sem-ipi-na-fonte
26011290;Outros;0.00;oca-l10n-brazil/tipi
26012000;Piritas de ferro ustuladas (cinzas de piritas);0.00;oca-l10n-brazil/tipi
26020010;Aglomerados;0.00;oca-l10n-brazil/tipi
26020090;Outros;0.00;oca-l10n-brazil/tipi
26030010;Sulfetos;0.00;oca-l10n-brazil/tipi
26030090;Outros;0.00;oca-l10n-brazil/tipi
26040000;Minérios de níquel e seus concentrados.;0.00;oca-l10n-brazil/tipi
26050000;Minérios de cobalto e seus concentrados.;0.00;oca-l10n-brazil/tipi
26060011;Não calcinada;0.00;oca-l10n-brazil/tipi
26060012;Calcinada;0.00;oca-l10n-brazil/tipi
26060090;Outros;0.00;oca-l10n-brazil/tipi
26070000;Minérios de chumbo e seus concentrados.;0.00;oca-l10n-brazil/tipi
26080010;Sulfetos;0.00;oca-l10n-brazil/tipi
26080090;Outros;0.00;oca-l10n-brazil/tipi
26090000;Minérios de estanho e seus concentrados.;0.00;oca-l10n-brazil/tipi
26100010;Cromita;0.00;oca-l10n-brazil/tipi
26100090;Outros;0.00;oca-l10n-brazil/tipi
26110000;Minérios de tungstênio (volfrâmio) e seus concentrados.;0.00;oca-l10n-brazil/tipi
26121000;Minérios de urânio e seus concentrados;0.00;oca-l10n-brazil/tipi
26122000;Minérios de tório e seus concentrados;0.00;oca-l10n-brazil/tipi
26131010;Molibdenita;0.00;oca-l10n-brazil/tipi
26131090;Outros;0.00;oca-l10n-brazil/tipi
26139010;Molibdenita;0.00;oca-l10n-brazil/tipi
26139090;Outros;0.00;oca-l10n-brazil/tipi
26140010;Ilmenita;0.00;oca-l10n-brazil/tipi
26140090;Outros;0.00;oca-l10n-brazil/tipi
26151010;Badeleíta;0.00;oca-l10n-brazil/tipi
26151020;Zirconita;0.00;oca-l10n-brazil/tipi
26151090;Outros;0.00;oca-l10n-brazil/tipi
26159000;Outros;0.00;oca-l10n-brazil/tipi
26161000;Minérios de prata e seus concentrados;0.00;oca-l10n-brazil/tipi
26169000;Outros;0.00;oca-l10n-brazil/tipi
26171000;Minérios de antimônio e seus concentrados;0.00;oca-l10n-brazil/tipi
26179000;Outros;0.00;oca-l10n-brazil/tipi
26180000;Escória de altos-fornos granulada (areia de escória) proveniente da fabricação de ferro fundido,...;0.00;oca-l10n-brazil/tipi
26190000;Escórias (exceto escória de altos-fornos granulada) e outros desperdícios da fabricação de ferro...;0.00;oca-l10n-brazil/tipi
26201100;Mates de galvanização;0.00;oca-l10n-brazil/tipi
26201900;Outros;0.00;oca-l10n-brazil/tipi
26202100;Lamas (borras) de gasolina que contenham chumbo e lamas (borras) de compostos antidetonantes que...;0.00;oca-l10n-brazil/tipi
26202900;Outros;0.00;oca-l10n-brazil/tipi
26203000;Que contenham principalmente cobre;0.00;oca-l10n-brazil/tipi
26204000;Que contenham principalmente alumínio;0.00;oca-l10n-brazil/tipi
26206000;Que contenham arsênio, mercúrio, tálio ou suas misturas, do tipo utilizado para extração de arsên...;0.00;oca-l10n-brazil/tipi
26209100;Que contenham antimônio, berílio, cádmio, cromo ou suas misturas;0.00;oca-l10n-brazil/tipi
26209910;Que contenham principalmente titânio;0.00;oca-l10n-brazil/tipi
26209990;Outros;0.00;oca-l10n-brazil/tipi
26211000;Cinzas e resíduos provenientes da incineração de resíduos municipais;0.00;oca-l10n-brazil/tipi
26219010;Cinzas de origem vegetal;0.00;oca-l10n-brazil/tipi
26219090;Outras;0.00;oca-l10n-brazil/tipi
27011100;Antracita;0.00;oca-l10n-brazil/tipi
27011200;Hulha betuminosa;0.00;oca-l10n-brazil/tipi
27011900;Outras hulhas;0.00;oca-l10n-brazil/tipi
27012000;Briquetes, bolas em aglomerados e combustíveis sólidos semelhantes, obtidos a partir da hulha;0.00;oca-l10n-brazil/tipi
27021000;Linhitas, mesmo em pó, mas não aglomeradas;0.00;oca-l10n-brazil/tipi
27022000;Linhitas aglomeradas;0.00;oca-l10n-brazil/tipi
27030000;Turfa (incluindo a turfa para cama de animais), mesmo aglomerada.;0.00;oca-l10n-brazil/tipi
27040011;Com granulometria igual ou superior a 80 mm;0.00;oca-l10n-brazil/tipi
27040012;Com granulometria inferior a 80 mm;0.00;oca-l10n-brazil/tipi
27040090;Outros;0.00;oca-l10n-brazil/tipi
27050000;Gás de hulha, gás de água, gás pobre (gás de ar) e gases semelhantes, exceto gases de petróleo e...;0.00;oca-l10n-brazil/tipi
27060000;Alcatrões de hulha, de linhita ou de turfa e outros alcatrões minerais, mesmo desidratados ou par...;0.00;oca-l10n-brazil/tipi
27071000;Benzol (benzeno);0.00;oca-l10n-brazil/tipi
27072000;Toluol (tolueno);0.00;oca-l10n-brazil/tipi
27073000;Xilol (xilenos);0.00;oca-l10n-brazil/tipi
27074000;Naftaleno;0.00;oca-l10n-brazil/tipi
27075010;Misturas que contenham trimetilbenzenos e etiltoluenos, como componentes majoritários;0.00;oca-l10n-brazil/tipi
27075090;Outras;0.00;oca-l10n-brazil/tipi
27079100;Óleos de creosoto;0.00;oca-l10n-brazil/tipi
27079910;Cresóis;0.00;oca-l10n-brazil/tipi
27079990;Outros;0.00;oca-l10n-brazil/tipi
27081000;Breu;3.25;oca-l10n-brazil/tipi
27082000;Coque de breu;3.25;oca-l10n-brazil/tipi
27090010;De petróleo;0.00;oca-l10n-brazil/tipi
27090090;Outros;0.00;oca-l10n-brazil/tipi
27101210;Hexano comercial;5.20;oca-l10n-brazil/tipi
27101221;Di-isobutileno;5.20;oca-l10n-brazil/tipi
27101229;Outras;5.20;oca-l10n-brazil/tipi
27101230;Aguarrás mineral (white spirit);0.00;oca-l10n-brazil/tipi
27101241;Para petroquímica;0.00;oca-l10n-brazil/tipi
27101249;Outras;0.00;oca-l10n-brazil/tipi
27101251;De aviação;0.00;oca-l10n-brazil/tipi
27101259;Outras;0.00;oca-l10n-brazil/tipi
27101260;Mistura de hidrocarbonetos acíclicos e cíclicos, saturados, derivados de frações de petróleo, que...;5.20;oca-l10n-brazil/tipi
27101290;Outros;0.00;oca-l10n-brazil/tipi
27101911;De aviação;0.00;oca-l10n-brazil/tipi
27101919;Outros;0.00;oca-l10n-brazil/tipi
27101921;"""Gasóleo"" (óleo diesel)";0.00;oca-l10n-brazil/tipi
27101922;Fuel-oil;0.00;oca-l10n-brazil/tipi
27101929;Outros;0.00;oca-l10n-brazil/tipi
27101931;Sem aditivos;0.00;oca-l10n-brazil/tipi
27101932;Com aditivos;0.00;oca-l10n-brazil/tipi
27101991;Óleos minerais brancos (óleos de vaselina ou de parafina);0.00;oca-l10n-brazil/tipi
27101992;Líquidos para transmissões hidráulicas;5.20;oca-l10n-brazil/tipi
27101993;Óleos para isolamento elétrico;5.20;oca-l10n-brazil/tipi
27101994;Mistura de hidrocarbonetos acíclicos e cíclicos, saturados, derivados de frações de petróleo, que...;5.20;oca-l10n-brazil/tipi
27101999;Outros;0.00;oca-l10n-brazil/tipi
27102000;Óleos de petróleo ou de minerais betuminosos (exceto óleos brutos) e preparações não especificada...;5.20;oca-l10n-brazil/tipi
27109110;Que contenham bifenilas policloradas (PCB) numa concentração igual ou superior a 50 mg/kg;;sem-ipi-na-fonte
27109120;Outros, que contenham terfenilas policloradas (PCT) ou bifenilas polibromadas (PBB), mesmo que ta...;;sem-ipi-na-fonte
27109190;Outros;;sem-ipi-na-fonte
27109900;Outros;0.00;oca-l10n-brazil/tipi
27111100;Gás natural;0.00;oca-l10n-brazil/tipi
27111210;Bruto;0.00;oca-l10n-brazil/tipi
27111290;Outros;0.00;oca-l10n-brazil/tipi
27111300;Butanos;0.00;oca-l10n-brazil/tipi
27111400;Etileno, propileno, butileno e butadieno;0.00;oca-l10n-brazil/tipi
27111910;Gás liquefeito de petróleo (GLP);0.00;oca-l10n-brazil/tipi
27111990;Outros;0.00;oca-l10n-brazil/tipi
27112100;Gás natural;0.00;oca-l10n-brazil/tipi
27112910;Butanos;0.00;oca-l10n-brazil/tipi
27112990;Outros;0.00;oca-l10n-brazil/tipi
27121000;Vaselina;5.20;oca-l10n-brazil/tipi
27122000;Parafina que contenha, em peso, menos de 0,75 % de óleo;0.00;oca-l10n-brazil/tipi
27129000;Outros;0.00;oca-l10n-brazil/tipi
27131100;Não calcinado;2.60;oca-l10n-brazil/tipi
27131200;Calcinado;2.60;oca-l10n-brazil/tipi
27132000;Betume de petróleo;0.00;oca-l10n-brazil/tipi
27139000;Outros resíduos dos óleos de petróleo ou de minerais betuminosos;2.60;oca-l10n-brazil/tipi
27141000;Xistos e areias betuminosos;0.00;oca-l10n-brazil/tipi
27149000;Outros;0.00;oca-l10n-brazil/tipi
27150000;Misturas betuminosas à base de asfalto ou de betume naturais, de betume de petróleo, de alcatrão...;0.00;oca-l10n-brazil/tipi
27160000;Energia elétrica.;0.00;oca-l10n-brazil/tipi
28011000;Cloro;0.00;oca-l10n-brazil/tipi
28012010;Sublimado;0.00;oca-l10n-brazil/tipi
28012090;Outros;0.00;oca-l10n-brazil/tipi
28013000;"Flúor; bromo";0.00;oca-l10n-brazil/tipi
28020000;"Enxofre sublimado ou precipitado; enxofre coloidal.";0.00;oca-l10n-brazil/tipi
28030011;Negro de acetileno;0.00;oca-l10n-brazil/tipi
28030019;Outros;0.00;oca-l10n-brazil/tipi
28030090;Outros;0.00;oca-l10n-brazil/tipi
28041000;Hidrogênio;0.00;oca-l10n-brazil/tipi
28042100;Argônio (árgon);0.00;oca-l10n-brazil/tipi
28042910;Hélio líquido;0.00;oca-l10n-brazil/tipi
28042990;Outros;0.00;oca-l10n-brazil/tipi
28043000;Nitrogênio (azoto);0.00;oca-l10n-brazil/tipi
28044000;Oxigênio;0.00;oca-l10n-brazil/tipi
28045000;"Boro; telúrio";0.00;oca-l10n-brazil/tipi
28046100;Que contenha, em peso, pelo menos 99,99 % de silício;0.00;oca-l10n-brazil/tipi
28046900;Outro;0.00;oca-l10n-brazil/tipi
28047010;Branco;0.00;oca-l10n-brazil/tipi
28047020;Vermelho ou amorfo;0.00;oca-l10n-brazil/tipi
28047030;Negro;0.00;oca-l10n-brazil/tipi
28048000;Arsênio;0.00;oca-l10n-brazil/tipi
28049000;Selênio;0.00;oca-l10n-brazil/tipi
28051100;Sódio;0.00;oca-l10n-brazil/tipi
28051200;Cálcio;0.00;oca-l10n-brazil/tipi
28051910;Estrôncio;0.00;oca-l10n-brazil/tipi
28051920;Bário;0.00;oca-l10n-brazil/tipi
28051990;Outros;0.00;oca-l10n-brazil/tipi
28053010;Liga de cério, com um teor de ferro inferior ou igual a 5 %, em peso (Mischmetal);0.00;oca-l10n-brazil/tipi
28053090;Outros;0.00;oca-l10n-brazil/tipi
28054000;Mercúrio;0.00;oca-l10n-brazil/tipi
28061010;Em estado gasoso ou liquefeito;0.00;oca-l10n-brazil/tipi
28061020;Em solução aquosa;0.00;oca-l10n-brazil/tipi
28062000;Ácido clorossulfúrico;0.00;oca-l10n-brazil/tipi
28070010;Ácido sulfúrico;0.00;oca-l10n-brazil/tipi
28070020;Ácido sulfúrico fumante (óleum);0.00;oca-l10n-brazil/tipi
28080010;Ácido nítrico;0.00;oca-l10n-brazil/tipi
28080020;Ácidos sulfonítricos;0.00;oca-l10n-brazil/tipi
28091000;Pentóxido de difósforo;0.00;oca-l10n-brazil/tipi
28092011;Com um teor de ferro inferior a 750 ppm;0.00;oca-l10n-brazil/tipi
28092019;Outros;0.00;oca-l10n-brazil/tipi
28092020;Ácidos metafosfóricos;0.00;oca-l10n-brazil/tipi
28092030;Ácido pirofosfórico;0.00;oca-l10n-brazil/tipi
28092090;Outros;0.00;oca-l10n-brazil/tipi
28100010;Ácido ortobórico;0.00;oca-l10n-brazil/tipi
28100090;Outros;0.00;oca-l10n-brazil/tipi
28111100;Fluoreto de hidrogênio (ácido fluorídrico);0.00;oca-l10n-brazil/tipi
28111200;Cianeto de hidrogênio (ácido cianídrico ou ácido hidrociânico);0.00;oca-l10n-brazil/tipi
28111910;Ácido aminossulfônico (ácido sulfâmico);0.00;oca-l10n-brazil/tipi
28111920;Ácido fosfônico (ácido fosforoso);0.00;oca-l10n-brazil/tipi
28111930;Ácido perclórico;0.00;oca-l10n-brazil/tipi
28111940;Fluorácidos e outros compostos de flúor;0.00;oca-l10n-brazil/tipi
28111990;Outros;0.00;oca-l10n-brazil/tipi
28112100;Dióxido de carbono;0.00;oca-l10n-brazil/tipi
28112210;Obtido por precipitação química;0.00;oca-l10n-brazil/tipi
28112220;Tipo aerogel;0.00;oca-l10n-brazil/tipi
28112230;Gel de sílica;0.00;oca-l10n-brazil/tipi
28112290;Outros;0.00;oca-l10n-brazil/tipi
28112910;Dióxido de enxofre;0.00;oca-l10n-brazil/tipi
28112990;Outros;0.00;oca-l10n-brazil/tipi
28121100;Dicloreto de carbonila (fosgênio);0.00;oca-l10n-brazil/tipi
28121200;Oxicloreto de fósforo;0.00;oca-l10n-brazil/tipi
28121300;Tricloreto de fósforo;0.00;oca-l10n-brazil/tipi
28121400;Pentacloreto de fósforo;0.00;oca-l10n-brazil/tipi
28121500;Monocloreto de enxofre;0.00;oca-l10n-brazil/tipi
28121600;Dicloreto de enxofre;0.00;oca-l10n-brazil/tipi
28121700;Cloreto de tionila;0.00;oca-l10n-brazil/tipi
28121911;Tricloreto de arsênio;0.00;oca-l10n-brazil/tipi
28121919;Outros;0.00;oca-l10n-brazil/tipi
28121920;Oxicloretos;0.00;oca-l10n-brazil/tipi
28129000;Outros;0.00;oca-l10n-brazil/tipi
28131000;Dissulfeto de carbono;0.00;oca-l10n-brazil/tipi
28139010;Pentassulfeto de difósforo;0.00;oca-l10n-brazil/tipi
28139090;Outros;0.00;oca-l10n-brazil/tipi
28141000;Amoníaco anidro;0.00;oca-l10n-brazil/tipi
28142000;Amoníaco em solução aquosa (amônia);0.00;oca-l10n-brazil/tipi
28151100;Sólido;0.00;oca-l10n-brazil/tipi
28151200;Em solução aquosa (lixívia de soda cáustica);0.00;oca-l10n-brazil/tipi
28152000;Hidróxido de potássio (potassa cáustica);0.00;oca-l10n-brazil/tipi
28153000;Peróxidos de sódio ou de potássio;0.00;oca-l10n-brazil/tipi
28161010;Hidróxido;0.00;oca-l10n-brazil/tipi
28161020;Peróxido;0.00;oca-l10n-brazil/tipi
28164010;Hidróxido de bário;0.00;oca-l10n-brazil/tipi
28164090;Outros;0.00;oca-l10n-brazil/tipi
28170010;Óxido de zinco (branco de zinco);0.00;oca-l10n-brazil/tipi
28170020;Peróxido de zinco;0.00;oca-l10n-brazil/tipi
28181010;Branco, que passe através de uma peneira com abertura de malha de 63 micrômetros (mícrons) em pro...;0.00;oca-l10n-brazil/tipi
28181090;Outros;0.00;oca-l10n-brazil/tipi
28182010;Alumina calcinada;0.00;oca-l10n-brazil/tipi
28182090;Outros;0.00;oca-l10n-brazil/tipi
28183000;Hidróxido de alumínio;0.00;oca-l10n-brazil/tipi
28191000;Trióxido de cromo;0.00;oca-l10n-brazil/tipi
28199010;Óxidos;0.00;oca-l10n-brazil/tipi
28199020;Hidróxidos;0.00;oca-l10n-brazil/tipi
28201010;Com um teor de MnO2 igual ou superior a 91 %, em peso (manganês eletrolítico);;sem-ipi-na-fonte
28201090;Outros;;sem-ipi-na-fonte
28209010;Óxido manganoso;0.00;oca-l10n-brazil/tipi
28209020;Trióxido de dimanganês (sesquióxido de manganês);0.00;oca-l10n-brazil/tipi
28209030;Tetraóxido de trimanganês (óxido salino de manganês);0.00;oca-l10n-brazil/tipi
28209040;Heptaóxido de dimanganês (anidrido permangânico);0.00;oca-l10n-brazil/tipi
28211011;Com um teor de Fe2O3 igual ou superior a 85 %, em peso;0.00;oca-l10n-brazil/tipi
28211019;Outros;0.00;oca-l10n-brazil/tipi
28211020;Óxido ferroso-férrico (óxido magnético de ferro), com um teor de Fe3O4 igual ou superior a 93 %,...;0.00;oca-l10n-brazil/tipi
28211030;Hidróxidos de ferro;0.00;oca-l10n-brazil/tipi
28211090;Outros;0.00;oca-l10n-brazil/tipi
28212000;Terras corantes;0.00;oca-l10n-brazil/tipi
28220010;Tetraóxido de tricobalto (óxido salino de cobalto);0.00;oca-l10n-brazil/tipi
28220090;Outros;0.00;oca-l10n-brazil/tipi
28230010;Tipo anátase;0.00;oca-l10n-brazil/tipi
28230090;Outros;0.00;oca-l10n-brazil/tipi
28241000;Monóxido de chumbo (litargírio, massicote);0.00;oca-l10n-brazil/tipi
28249010;Mínio (zarcão) e mínio-laranja (mine-orange);0.00;oca-l10n-brazil/tipi
28249090;Outros;0.00;oca-l10n-brazil/tipi
28251010;Hidrazina e seus sais inorgânicos;0.00;oca-l10n-brazil/tipi
28251020;Hidroxilamina e seus sais inorgânicos;0.00;oca-l10n-brazil/tipi
28252010;Óxido;0.00;oca-l10n-brazil/tipi
28252020;Hidróxido;0.00;oca-l10n-brazil/tipi
28253010;Pentóxido de divanádio;0.00;oca-l10n-brazil/tipi
28253090;Outros;0.00;oca-l10n-brazil/tipi
28254010;Óxido niqueloso;0.00;oca-l10n-brazil/tipi
28254090;Outros;0.00;oca-l10n-brazil/tipi
28255010;Óxido cúprico, com um teor de CuO igual ou superior a 98 %, em peso;0.00;oca-l10n-brazil/tipi
28255090;Outros;0.00;oca-l10n-brazil/tipi
28256010;Óxidos de germânio;0.00;oca-l10n-brazil/tipi
28256020;Dióxido de zircônio;0.00;oca-l10n-brazil/tipi
28257010;Trióxido de molibdênio;0.00;oca-l10n-brazil/tipi
28257090;Outros;0.00;oca-l10n-brazil/tipi
28258010;Trióxido de antimônio;0.00;oca-l10n-brazil/tipi
28258090;Outros;0.00;oca-l10n-brazil/tipi
28259010;Óxido de cádmio;0.00;oca-l10n-brazil/tipi
28259020;Trióxido de tungstênio (volfrâmio);0.00;oca-l10n-brazil/tipi
28259090;Outros;0.00;oca-l10n-brazil/tipi
28261200;De alumínio;0.00;oca-l10n-brazil/tipi
28261910;Trifluoreto de cromo;0.00;oca-l10n-brazil/tipi
28261920;Fluoreto ácido de amônio;0.00;oca-l10n-brazil/tipi
28261990;Outros;0.00;oca-l10n-brazil/tipi
28263000;Hexafluoraluminato de sódio (criolita sintética);0.00;oca-l10n-brazil/tipi
28269010;Fluoroaluminato de potássio;0.00;oca-l10n-brazil/tipi
28269020;Fluorossilicatos de sódio ou de potássio;0.00;oca-l10n-brazil/tipi
28269090;Outros;0.00;oca-l10n-brazil/tipi
28271000;Cloreto de amônio;0.00;oca-l10n-brazil/tipi
28272010;Com um teor de CaCl2 igual ou superior a 98 %, em peso, em base seca;0.00;oca-l10n-brazil/tipi
28272090;Outros;0.00;oca-l10n-brazil/tipi
28273110;Com um teor de MgCl2 inferior a 98 %, em peso, e de cálcio (Ca) inferior ou igual a 0,5 %, em peso;0.00;oca-l10n-brazil/tipi
28273190;Outros;0.00;oca-l10n-brazil/tipi
28273200;De alumínio;0.00;oca-l10n-brazil/tipi
28273500;De níquel;0.00;oca-l10n-brazil/tipi
28273910;De cobre I (cloreto cuproso ou monocloreto de cobre);0.00;oca-l10n-brazil/tipi
28273920;De titânio;0.00;oca-l10n-brazil/tipi
28273931;Anidro, com um teor de ZnCl2 igual ou superior a 98 %, em peso;;sem-ipi-na-fonte
28273939;Outros;;sem-ipi-na-fonte
28273940;De zircônio;0.00;oca-l10n-brazil/tipi
28273950;De antimônio;0.00;oca-l10n-brazil/tipi
28273960;De lítio;0.00;oca-l10n-brazil/tipi
28273970;De bismuto;0.00;oca-l10n-brazil/tipi
28273991;De cádmio;0.00;oca-l10n-brazil/tipi
28273992;De césio;0.00;oca-l10n-brazil/tipi
28273993;De cromo;0.00;oca-l10n-brazil/tipi
28273994;De estrôncio;0.00;oca-l10n-brazil/tipi
28273995;De manganês;0.00;oca-l10n-brazil/tipi
28273996;De ferro;0.00;oca-l10n-brazil/tipi
28273997;De cobalto;0.00;oca-l10n-brazil/tipi
28273999;Outros;0.00;oca-l10n-brazil/tipi
28274110;Oxicloretos;0.00;oca-l10n-brazil/tipi
28274120;Hidroxicloretos;0.00;oca-l10n-brazil/tipi
28274911;De bismuto;0.00;oca-l10n-brazil/tipi
28274912;De zircônio;0.00;oca-l10n-brazil/tipi
28274919;Outros;0.00;oca-l10n-brazil/tipi
28274921;De alumínio;0.00;oca-l10n-brazil/tipi
28274929;Outros;0.00;oca-l10n-brazil/tipi
28275100;Brometos de sódio ou de potássio;0.00;oca-l10n-brazil/tipi
28275900;Outros;0.00;oca-l10n-brazil/tipi
28276011;De sódio;0.00;oca-l10n-brazil/tipi
28276012;De potássio;0.00;oca-l10n-brazil/tipi
28276019;Outros;0.00;oca-l10n-brazil/tipi
28276021;De potássio;0.00;oca-l10n-brazil/tipi
28276029;Outros;0.00;oca-l10n-brazil/tipi
28281000;Hipoclorito de cálcio comercial e outros hipocloritos de cálcio;0.00;oca-l10n-brazil/tipi
28289011;De sódio;0.00;oca-l10n-brazil/tipi
28289019;Outros;0.00;oca-l10n-brazil/tipi
28289020;Clorito de sódio;0.00;oca-l10n-brazil/tipi
28289090;Outros;0.00;oca-l10n-brazil/tipi
28291100;De sódio;0.00;oca-l10n-brazil/tipi
28291910;De cálcio;0.00;oca-l10n-brazil/tipi
28291920;De potássio;0.00;oca-l10n-brazil/tipi
28291990;Outros;0.00;oca-l10n-brazil/tipi
28299011;De sódio;0.00;oca-l10n-brazil/tipi
28299012;De potássio;0.00;oca-l10n-brazil/tipi
28299019;Outros;0.00;oca-l10n-brazil/tipi
28299021;De sódio;0.00;oca-l10n-brazil/tipi
28299022;De potássio;0.00;oca-l10n-brazil/tipi
28299029;Outros;0.00;oca-l10n-brazil/tipi
28299031;De potássio;0.00;oca-l10n-brazil/tipi
28299032;De cálcio;0.00;oca-l10n-brazil/tipi
28299039;Outros;0.00;oca-l10n-brazil/tipi
28299040;Periodatos;0.00;oca-l10n-brazil/tipi
28299050;Percloratos;0.00;oca-l10n-brazil/tipi
28301010;De dissódio;0.00;oca-l10n-brazil/tipi
28301020;De monossódio (hidrogenossulfeto de sódio);0.00;oca-l10n-brazil/tipi
28309011;De molibdênio IV (dissulfeto de molibdênio);0.00;oca-l10n-brazil/tipi
28309012;De bário;0.00;oca-l10n-brazil/tipi
28309013;De potássio;0.00;oca-l10n-brazil/tipi
28309014;De chumbo;0.00;oca-l10n-brazil/tipi
28309015;De estrôncio;0.00;oca-l10n-brazil/tipi
28309016;De zinco;0.00;oca-l10n-brazil/tipi
28309019;Outros;0.00;oca-l10n-brazil/tipi
28309020;Polissulfetos;0.00;oca-l10n-brazil/tipi
28311011;Estabilizados;0.00;oca-l10n-brazil/tipi
28311019;Outros;0.00;oca-l10n-brazil/tipi
28311021;Estabilizados com formaldeído;0.00;oca-l10n-brazil/tipi
28311029;Outros;0.00;oca-l10n-brazil/tipi
28319010;Ditionito de zinco;0.00;oca-l10n-brazil/tipi
28319090;Outros;0.00;oca-l10n-brazil/tipi
28321010;De dissódio;0.00;oca-l10n-brazil/tipi
28321090;Outros;0.00;oca-l10n-brazil/tipi
28322000;Outros sulfitos;0.00;oca-l10n-brazil/tipi
28323010;De amônio;0.00;oca-l10n-brazil/tipi
28323020;De sódio;0.00;oca-l10n-brazil/tipi
28323090;Outros;0.00;oca-l10n-brazil/tipi
28331110;Anidro;0.00;oca-l10n-brazil/tipi
28331190;Outros;0.00;oca-l10n-brazil/tipi
28331900;Outros;0.00;oca-l10n-brazil/tipi
28332100;De magnésio;0.00;oca-l10n-brazil/tipi
28332200;De alumínio;0.00;oca-l10n-brazil/tipi
28332400;De níquel;0.00;oca-l10n-brazil/tipi
28332510;Cuproso;0.00;oca-l10n-brazil/tipi
28332520;Cúprico;0.00;oca-l10n-brazil/tipi
28332710;Com um teor de BaSO4 igual ou superior a 97,5 %, em peso;0.00;oca-l10n-brazil/tipi
28332790;Outros;0.00;oca-l10n-brazil/tipi
28332910;De antimônio;0.00;oca-l10n-brazil/tipi
28332920;De lítio;0.00;oca-l10n-brazil/tipi
28332930;De estrôncio;0.00;oca-l10n-brazil/tipi
28332940;Sulfato ferroso;0.00;oca-l10n-brazil/tipi
28332950;Neutro de chumbo;0.00;oca-l10n-brazil/tipi
28332960;De cromo;0.00;oca-l10n-brazil/tipi
28332970;De zinco;0.00;oca-l10n-brazil/tipi
28332990;Outros;0.00;oca-l10n-brazil/tipi
28333000;Alumes;0.00;oca-l10n-brazil/tipi
28334010;De sódio;0.00;oca-l10n-brazil/tipi
28334020;De amônio;0.00;oca-l10n-brazil/tipi
28334090;Outros;0.00;oca-l10n-brazil/tipi
28341010;De sódio;0.00;oca-l10n-brazil/tipi
28341090;Outros;0.00;oca-l10n-brazil/tipi
28342110;Com um teor de KNO3 inferior ou igual a 98 %, em peso;0.00;oca-l10n-brazil/tipi
28342190;Outros;0.00;oca-l10n-brazil/tipi
28342910;De cálcio, com um teor de nitrogênio (azoto) inferior ou igual a 16 %, em peso;0.00;oca-l10n-brazil/tipi
28342930;De alumínio;0.00;oca-l10n-brazil/tipi
28342940;De lítio;0.00;oca-l10n-brazil/tipi
28342990;Outros;0.00;oca-l10n-brazil/tipi
28351011;De sódio;0.00;oca-l10n-brazil/tipi
28351019;Outros;0.00;oca-l10n-brazil/tipi
28351021;Dibásico de chumbo;0.00;oca-l10n-brazil/tipi
28351029;Outros;0.00;oca-l10n-brazil/tipi
28352200;Mono ou dissódico;0.00;oca-l10n-brazil/tipi
28352400;De potássio;0.00;oca-l10n-brazil/tipi
28352500;Hidrogeno-ortofosfato de cálcio (fosfato dicálcico);0.00;oca-l10n-brazil/tipi
28352600;Outros fosfatos de cálcio;0.00;oca-l10n-brazil/tipi
28352910;De ferro;0.00;oca-l10n-brazil/tipi
28352920;De cobalto;0.00;oca-l10n-brazil/tipi
28352930;De cobre;0.00;oca-l10n-brazil/tipi
28352940;De cromo;0.00;oca-l10n-brazil/tipi
28352950;De estrôncio;0.00;oca-l10n-brazil/tipi
28352960;De manganês;0.00;oca-l10n-brazil/tipi
28352970;De triamônio;0.00;oca-l10n-brazil/tipi
28352980;De trissódio;0.00;oca-l10n-brazil/tipi
28352990;Outros;0.00;oca-l10n-brazil/tipi
28353110;Grau alimentício, de acordo com o estabelecido pela Food and Agriculture Organization - Organizaç...;0.00;oca-l10n-brazil/tipi
28353190;Outros;0.00;oca-l10n-brazil/tipi
28353910;Metafosfatos de sódio;0.00;oca-l10n-brazil/tipi
28353920;Pirofosfatos de sódio;0.00;oca-l10n-brazil/tipi
28353930;Pirofosfato de zinco;0.00;oca-l10n-brazil/tipi
28353990;Outros;0.00;oca-l10n-brazil/tipi
28362010;Anidro;0.00;oca-l10n-brazil/tipi
28362090;Outros;0.00;oca-l10n-brazil/tipi
28363000;Hidrogenocarbonato (bicarbonato) de sódio;0.00;oca-l10n-brazil/tipi
28364000;Carbonatos de potássio;0.00;oca-l10n-brazil/tipi
28365000;Carbonato de cálcio;0.00;oca-l10n-brazil/tipi
28366010;Com um teor de BaCO3 igual ou superior a 98 %, em peso;0.00;oca-l10n-brazil/tipi
28366090;Outros;0.00;oca-l10n-brazil/tipi
28369100;Carbonatos de lítio;0.00;oca-l10n-brazil/tipi
28369200;Carbonato de estrôncio;0.00;oca-l10n-brazil/tipi
28369911;De magnésio, de densidade aparente inferior a 200 kg/m3;0.00;oca-l10n-brazil/tipi
28369912;De zircônio;0.00;oca-l10n-brazil/tipi
28369913;De amônio comercial e outros carbonatos de amônio;0.00;oca-l10n-brazil/tipi
28369919;Outros;0.00;oca-l10n-brazil/tipi
28369920;Peroxocarbonatos (percarbonatos);0.00;oca-l10n-brazil/tipi
28371100;De sódio;0.00;oca-l10n-brazil/tipi
28371911;De potássio;0.00;oca-l10n-brazil/tipi
28371912;De zinco;0.00;oca-l10n-brazil/tipi
28371914;De cobre I (cianeto cuproso);0.00;oca-l10n-brazil/tipi
28371915;De cobre II (cianeto cúprico);0.00;oca-l10n-brazil/tipi
28371919;Outros;0.00;oca-l10n-brazil/tipi
28371920;Oxicianetos;0.00;oca-l10n-brazil/tipi
28372011;De sódio;0.00;oca-l10n-brazil/tipi
28372012;De ferro II (ferrocianeto ferroso);0.00;oca-l10n-brazil/tipi
28372019;Outros;0.00;oca-l10n-brazil/tipi
28372021;De potássio;0.00;oca-l10n-brazil/tipi
28372022;De ferro II (ferricianeto ferroso);0.00;oca-l10n-brazil/tipi
28372023;De ferro III (ferricianeto férrico);0.00;oca-l10n-brazil/tipi
28372029;Outros;0.00;oca-l10n-brazil/tipi
28372090;Outros;0.00;oca-l10n-brazil/tipi
28391100;Metassilicatos;0.00;oca-l10n-brazil/tipi
28391900;Outros;0.00;oca-l10n-brazil/tipi
28399010;De magnésio;0.00;oca-l10n-brazil/tipi
28399020;De alumínio;0.00;oca-l10n-brazil/tipi
28399030;De zircônio;0.00;oca-l10n-brazil/tipi
28399040;De chumbo;0.00;oca-l10n-brazil/tipi
28399050;De potássio;0.00;oca-l10n-brazil/tipi
28399090;Outros;0.00;oca-l10n-brazil/tipi
28401100;Anidro;0.00;oca-l10n-brazil/tipi
28401900;Outro;0.00;oca-l10n-brazil/tipi
28402000;Outros boratos;0.00;oca-l10n-brazil/tipi
28403000;Peroxoboratos (perboratos);0.00;oca-l10n-brazil/tipi
28413000;Dicromato de sódio;0.00;oca-l10n-brazil/tipi
28415011;"Cromato de amônio; dicromato de amônio";0.00;oca-l10n-brazil/tipi
28415012;Cromato de potássio;0.00;oca-l10n-brazil/tipi
28415013;Cromato de sódio;0.00;oca-l10n-brazil/tipi
28415014;Dicromato de potássio;0.00;oca-l10n-brazil/tipi
28415015;Cromato de zinco;0.00;oca-l10n-brazil/tipi
28415016;Cromato de chumbo;0.00;oca-l10n-brazil/tipi
28415019;Outros;0.00;oca-l10n-brazil/tipi
28415020;Peroxocromatos;0.00;oca-l10n-brazil/tipi
28416100;Permanganato de potássio;0.00;oca-l10n-brazil/tipi
28416910;Manganitos;0.00;oca-l10n-brazil/tipi
28416920;Manganatos;0.00;oca-l10n-brazil/tipi
28416930;Permanganatos;0.00;oca-l10n-brazil/tipi
28417010;De amônio;0.00;oca-l10n-brazil/tipi
28417020;De sódio;0.00;oca-l10n-brazil/tipi
28417090;Outros;0.00;oca-l10n-brazil/tipi
28418010;De amônio;0.00;oca-l10n-brazil/tipi
28418020;De chumbo;0.00;oca-l10n-brazil/tipi
28418090;Outros;0.00;oca-l10n-brazil/tipi
28419011;De chumbo;0.00;oca-l10n-brazil/tipi
28419012;De bário ou de bismuto;0.00;oca-l10n-brazil/tipi
28419013;De cálcio ou de estrôncio;0.00;oca-l10n-brazil/tipi
28419014;De magnésio;0.00;oca-l10n-brazil/tipi
28419015;De lantânio ou de neodímio;0.00;oca-l10n-brazil/tipi
28419019;Outros;0.00;oca-l10n-brazil/tipi
28419021;Ferrito de bário;0.00;oca-l10n-brazil/tipi
28419022;Ferrito de estrôncio;0.00;oca-l10n-brazil/tipi
28419029;Outros;0.00;oca-l10n-brazil/tipi
28419030;Vanadatos;0.00;oca-l10n-brazil/tipi
28419041;De bário;0.00;oca-l10n-brazil/tipi
28419042;De bismuto;0.00;oca-l10n-brazil/tipi
28419043;De cálcio;0.00;oca-l10n-brazil/tipi
28419049;Outros;0.00;oca-l10n-brazil/tipi
28419050;Plumbatos;0.00;oca-l10n-brazil/tipi
28419060;Antimoniatos;0.00;oca-l10n-brazil/tipi
28419070;Zincatos;0.00;oca-l10n-brazil/tipi
28419081;De sódio;0.00;oca-l10n-brazil/tipi
28419082;De magnésio;0.00;oca-l10n-brazil/tipi
28419083;De bismuto;0.00;oca-l10n-brazil/tipi
28419089;Outros;0.00;oca-l10n-brazil/tipi
28419090;Outros;0.00;oca-l10n-brazil/tipi
28421010;Zeólitas do tipo utilizado como trocadores de íons para o tratamento de águas;0.00;oca-l10n-brazil/tipi
28421090;Outros;0.00;oca-l10n-brazil/tipi
28429000;Outros;0.00;oca-l10n-brazil/tipi
28431000;Metais preciosos no estado coloidal;0.00;oca-l10n-brazil/tipi
28432100;Nitrato de prata;0.00;oca-l10n-brazil/tipi
28432910;Vitelinato de prata;0.00;oca-l10n-brazil/tipi
28432990;Outros;0.00;oca-l10n-brazil/tipi
28433010;Sulfeto de ouro em dispersão de gelatina;0.00;oca-l10n-brazil/tipi
28433090;Outros;0.00;oca-l10n-brazil/tipi
28439011;Apresentados como medicamentos;0.00;oca-l10n-brazil/tipi
28439019;Outros;0.00;oca-l10n-brazil/tipi
28439020;Tricloreto de rutênio em solução aquosa com uma concentração igual ou superior a 17 %, mas inferi...;0.00;oca-l10n-brazil/tipi
28439030;Ácido hexacloroirídico em solução aquosa com uma concentração igual ou superior a 17 %, mas infer...;0.00;oca-l10n-brazil/tipi
28439040;Tricloreto de rutênio, em pó;;sem-ipi-na-fonte
28439090;Outros;0.00;oca-l10n-brazil/tipi
28441000;"Urânio natural e seus compostos; ligas, dispersões (incluindo os cermets), produtos cerâmicos e m...";0.00;oca-l10n-brazil/tipi
28442000;"Urânio enriquecido em U 235 e seus compostos; plutônio e seus compostos; ligas, dispersões (inclu...";0.00;oca-l10n-brazil/tipi
28443000;"Urânio empobrecido em U 235 e seus compostos; tório e seus compostos; ligas, dispersões (incluind...";0.00;oca-l10n-brazil/tipi
28444100;"Trítio e seus compostos; ligas, dispersões (incluindo os cermets), produtos cerâmicos e misturas...";0.00;oca-l10n-brazil/tipi
28444200;Actínio-225, actínio-227, califórnio-253, cúrio-240, cúrio-241, cúrio-242, cúrio-243, cúrio-244,...;0.00;oca-l10n-brazil/tipi
28444310;Molibdênio-99 absorvido em alumina, apto para a obtenção de tecnécio-99 (reativo de diagnóstico p...;0.00;oca-l10n-brazil/tipi
28444320;Cobalto-60;0.00;oca-l10n-brazil/tipi
28444330;Iodo-131;0.00;oca-l10n-brazil/tipi
28444390;Outros;0.00;oca-l10n-brazil/tipi
28444400;Resíduos radioativos;0.00;oca-l10n-brazil/tipi
28445000;Elementos combustíveis (cartuchos) usados (irradiados) de reatores nucleares;0.00;oca-l10n-brazil/tipi
28451000;Água pesada (óxido de deutério);0.00;oca-l10n-brazil/tipi
28452000;Boro enriquecido em boro-10 e seus compostos;0.00;oca-l10n-brazil/tipi
28453000;Lítio enriquecido em lítio-6 e seus compostos;0.00;oca-l10n-brazil/tipi
28454000;Hélio-3;0.00;oca-l10n-brazil/tipi
28459000;Outros;0.00;oca-l10n-brazil/tipi
28461010;Óxido cérico;0.00;oca-l10n-brazil/tipi
28461090;Outros;0.00;oca-l10n-brazil/tipi
28469010;Óxido de praseodímio;0.00;oca-l10n-brazil/tipi
28469020;Cloretos dos demais metais das terras raras;0.00;oca-l10n-brazil/tipi
28469030;Gadopentetato de dimeglumina;0.00;oca-l10n-brazil/tipi
28469090;Outros;0.00;oca-l10n-brazil/tipi
28470000;Peróxido de hidrogênio (água oxigenada), mesmo solidificado com ureia.;0.00;oca-l10n-brazil/tipi
28491000;De cálcio;0.00;oca-l10n-brazil/tipi
28492000;De silício;0.00;oca-l10n-brazil/tipi
28499010;De boro;0.00;oca-l10n-brazil/tipi
28499020;De tântalo;0.00;oca-l10n-brazil/tipi
28499030;De tungstênio (volfrâmio);0.00;oca-l10n-brazil/tipi
28499090;Outros;0.00;oca-l10n-brazil/tipi
28500010;Nitreto de boro;0.00;oca-l10n-brazil/tipi
28500020;Silicieto de cálcio;0.00;oca-l10n-brazil/tipi
28500090;Outros;0.00;oca-l10n-brazil/tipi
28521011;Óxidos;0.00;oca-l10n-brazil/tipi
28521012;Cloreto de mercúrio I (cloreto mercuroso);0.00;oca-l10n-brazil/tipi
28521013;Cloreto de mercúrio II (cloreto mercúrico), para uso fotográfico, acondicionado para venda a reta...;0.00;oca-l10n-brazil/tipi
28521014;Cloreto de mercúrio II (cloreto mercúrico), apresentado de outro modo;0.00;oca-l10n-brazil/tipi
28521019;Outros;0.00;oca-l10n-brazil/tipi
28521021;Acetato de mercúrio;0.00;oca-l10n-brazil/tipi
28521022;Timerosal;0.00;oca-l10n-brazil/tipi
28521023;Estearato de mercúrio;0.00;oca-l10n-brazil/tipi
28521024;Lactato de mercúrio;0.00;oca-l10n-brazil/tipi
28521025;Salicilato de mercúrio;0.00;oca-l10n-brazil/tipi
28521029;Outros;0.00;oca-l10n-brazil/tipi
28529000;Outros;0.00;oca-l10n-brazil/tipi
28531000;Cloreto de cianogênio (clorociano);0.00;oca-l10n-brazil/tipi
28539011;De alumínio;0.00;oca-l10n-brazil/tipi
28539012;De magnésio;0.00;oca-l10n-brazil/tipi
28539013;De cobre (fosfetos de cobre), que contenham mais de 15 %, em peso, de fósforo;0.00;oca-l10n-brazil/tipi
28539019;Outros;0.00;oca-l10n-brazil/tipi
28539020;Cianamida e seus derivados metálicos;0.00;oca-l10n-brazil/tipi
28539030;Sulfocloretos de fósforo;0.00;oca-l10n-brazil/tipi
28539090;Outros;0.00;oca-l10n-brazil/tipi
29011000;Saturados;0.00;oca-l10n-brazil/tipi
29012100;Etileno;0.00;oca-l10n-brazil/tipi
29012200;Propeno (propileno);0.00;oca-l10n-brazil/tipi
29012300;Buteno (butileno) e seus isômeros;0.00;oca-l10n-brazil/tipi
29012410;Buta-1,3-dieno;0.00;oca-l10n-brazil/tipi
29012420;Isopreno;0.00;oca-l10n-brazil/tipi
29012900;Outros;0.00;oca-l10n-brazil/tipi
29021100;Cicloexano;0.00;oca-l10n-brazil/tipi
29021910;Limoneno;0.00;oca-l10n-brazil/tipi
29021990;Outros;0.00;oca-l10n-brazil/tipi
29022000;Benzeno;0.00;oca-l10n-brazil/tipi
29023000;Tolueno;0.00;oca-l10n-brazil/tipi
29024100;o-Xileno;0.00;oca-l10n-brazil/tipi
29024200;m-Xileno;0.00;oca-l10n-brazil/tipi
29024300;p-Xileno;0.00;oca-l10n-brazil/tipi
29024400;Mistura de isômeros do xileno;0.00;oca-l10n-brazil/tipi
29025000;Estireno;0.00;oca-l10n-brazil/tipi
29026000;Etilbenzeno;0.00;oca-l10n-brazil/tipi
29027000;Cumeno;0.00;oca-l10n-brazil/tipi
29029010;Difenila (1,1'-bifenila);0.00;oca-l10n-brazil/tipi
29029020;Naftaleno;0.00;oca-l10n-brazil/tipi
29029030;Antraceno;0.00;oca-l10n-brazil/tipi
29029040;alfa-Metilestireno;0.00;oca-l10n-brazil/tipi
29029090;Outros;0.00;oca-l10n-brazil/tipi
29031110;Clorometano (cloreto de metila);0.00;oca-l10n-brazil/tipi
29031120;Cloroetano (cloreto de etila);0.00;oca-l10n-brazil/tipi
29031200;Diclorometano (cloreto de metileno);0.00;oca-l10n-brazil/tipi
29031300;Clorofórmio (triclorometano);0.00;oca-l10n-brazil/tipi
29031400;Tetracloreto de carbono;0.00;oca-l10n-brazil/tipi
29031500;Dicloreto de etileno (ISO) (1,2-dicloroetano);0.00;oca-l10n-brazil/tipi
29031910;1,1,1-Tricloroetano (metilclorofórmio);0.00;oca-l10n-brazil/tipi
29031920;1,1,2-Tricloroetano;0.00;oca-l10n-brazil/tipi
29031990;Outros;0.00;oca-l10n-brazil/tipi
29032100;Cloreto de vinila (cloroetileno);0.00;oca-l10n-brazil/tipi
29032200;Tricloroetileno;0.00;oca-l10n-brazil/tipi
29032300;Tetracloroetileno (percloroetileno);0.00;oca-l10n-brazil/tipi
29032910;Hexaclorobutadieno;0.00;oca-l10n-brazil/tipi
29032990;Outros;0.00;oca-l10n-brazil/tipi
29034100;Trifluorometano (HFC-23);0.00;oca-l10n-brazil/tipi
29034200;Difluorometano (HFC-32);0.00;oca-l10n-brazil/tipi
29034300;Fluorometano (HFC-41), 1,2-difluoroetano (HFC-152) e 1,1-difluoroetano (HFC-152a);0.00;oca-l10n-brazil/tipi
29034400;Pentafluoroetano (HFC-125), 1,1,1-trifluoroetano (HFC-143a) e 1,1,2-trifluoroetano (HFC-143);0.00;oca-l10n-brazil/tipi
29034510;1,1,1,2-Tetrafluoroetano (HFC-134a);0.00;oca-l10n-brazil/tipi
29034520;1,1,2,2-Tetrafluoroetano (HFC-134);0.00;oca-l10n-brazil/tipi
29034600;1,1,1,2,3,3,3-Heptafluoropropano (HFC-227ea), 1,1,1,2,2,3-hexafluoropropano (HFC-236cb), 1,1,1,2,...;0.00;oca-l10n-brazil/tipi
29034700;1,1,1,3,3-Pentafluoropropano (HFC-245fa) e 1,1,2,2,3-pentafluoropropano (HFC-245ca);0.00;oca-l10n-brazil/tipi
29034800;1,1,1,3,3-Pentafluorobutano (HFC-365mfc) e 1,1,1,2,2,3,4,5,5,5-decafluoropentano (HFC-43-10mee);0.00;oca-l10n-brazil/tipi
29034900;Outros;0.00;oca-l10n-brazil/tipi
29035100;2,3,3,3-Tetrafluoropropeno (HFO-1234yf), 1,3,3,3-tetrafluoropropeno (HFO-1234ze) e (Z)-1,1,1,4,4,...;0.00;oca-l10n-brazil/tipi
29035910;1,1,3,3,3-Pentafluoro-2-(trifluorometil)prop-1-eno;0.00;oca-l10n-brazil/tipi
29035990;Outros;0.00;oca-l10n-brazil/tipi
29036100;Brometo de metila (bromometano);0.00;oca-l10n-brazil/tipi
29036200;Dibrometo de etileno (ISO) (1,2-dibromoetano);0.00;oca-l10n-brazil/tipi
29036910;Iodoetano;0.00;oca-l10n-brazil/tipi
29036920;Iodofórmio;0.00;oca-l10n-brazil/tipi
29036990;Outros;0.00;oca-l10n-brazil/tipi
29037100;Clorodifluorometano (HCFC-22);0.00;oca-l10n-brazil/tipi
29037200;Diclorotrifluoroetanos (HCFC-123);0.00;oca-l10n-brazil/tipi
29037300;Diclorofluoroetanos (HCFC-141, 141b);0.00;oca-l10n-brazil/tipi
29037400;Clorodifluoroetanos (HCFC-142, 142b);0.00;oca-l10n-brazil/tipi
29037500;Dicloropentafluoropropanos (HCFC-225, 225ca, 225cb);0.00;oca-l10n-brazil/tipi
29037600;Bromoclorodifluorometano (halon-1211), bromotrifluorometano (halon-1301) e dibromotetrafluoroetan...;0.00;oca-l10n-brazil/tipi
29037711;Triclorofluorometano;0.00;oca-l10n-brazil/tipi
29037712;Diclorodifluorometano;0.00;oca-l10n-brazil/tipi
29037713;Clorotrifluorometano;0.00;oca-l10n-brazil/tipi
29037721;Triclorotrifluoroetanos;0.00;oca-l10n-brazil/tipi
29037722;Diclorotetrafluoroetanos e cloropentafluoroetano;0.00;oca-l10n-brazil/tipi
29037723;Pentaclorofluoroetano;0.00;oca-l10n-brazil/tipi
29037724;Tetraclorodifluoroetanos;0.00;oca-l10n-brazil/tipi
29037731;Heptaclorofluoropropanos;0.00;oca-l10n-brazil/tipi
29037732;Hexaclorodifluoropropanos;0.00;oca-l10n-brazil/tipi
29037733;Pentaclorotrifluoropropanos;0.00;oca-l10n-brazil/tipi
29037734;Tetraclorotetrafluoropropanos;0.00;oca-l10n-brazil/tipi
29037735;Tricloropentafluoropropanos;0.00;oca-l10n-brazil/tipi
29037736;Dicloroexafluoropropanos;0.00;oca-l10n-brazil/tipi
29037737;Cloroeptafluoropropanos;0.00;oca-l10n-brazil/tipi
29037790;Outros;0.00;oca-l10n-brazil/tipi
29037800;Outros derivados peralogenados;0.00;oca-l10n-brazil/tipi
29037911;Clorofluoroetanos;0.00;oca-l10n-brazil/tipi
29037912;Clorotetrafluoroetanos;0.00;oca-l10n-brazil/tipi
29037919;Outros;0.00;oca-l10n-brazil/tipi
29037920;Derivados do metano, etano ou propano, halogenados unicamente com flúor e bromo;0.00;oca-l10n-brazil/tipi
29037931;Halotano;0.00;oca-l10n-brazil/tipi
29037939;Outros;0.00;oca-l10n-brazil/tipi
29037990;Outros;0.00;oca-l10n-brazil/tipi
29038110;Lindano (gama-hexaclorocicloexano);0.00;oca-l10n-brazil/tipi
29038120;alfa-Hexaclorocicloexano;0.00;oca-l10n-brazil/tipi
29038130;beta-Hexaclorocicloexano;0.00;oca-l10n-brazil/tipi
29038190;Outros;0.00;oca-l10n-brazil/tipi
29038210;Aldrin;0.00;oca-l10n-brazil/tipi
29038220;Clordano;0.00;oca-l10n-brazil/tipi
29038230;Heptacloro;0.00;oca-l10n-brazil/tipi
29038300;Mirex (ISO);0.00;oca-l10n-brazil/tipi
29038910;Hexabromociclododecanos (HBCD);0.00;oca-l10n-brazil/tipi
29038990;Outros;0.00;oca-l10n-brazil/tipi
29039110;Clorobenzeno;0.00;oca-l10n-brazil/tipi
29039120;o-Diclorobenzeno;0.00;oca-l10n-brazil/tipi
29039130;p-Diclorobenzeno;0.00;oca-l10n-brazil/tipi
29039210;Hexaclorobenzeno;0.00;oca-l10n-brazil/tipi
29039220;DDT;0.00;oca-l10n-brazil/tipi
29039300;Pentaclorobenzeno (ISO);0.00;oca-l10n-brazil/tipi
29039400;Hexabromobifenilas;0.00;oca-l10n-brazil/tipi
29039911;Cloreto de benzila;0.00;oca-l10n-brazil/tipi
29039912;p-Clorotolueno;0.00;oca-l10n-brazil/tipi
29039913;Cloreto de neofila;0.00;oca-l10n-brazil/tipi
29039914;Triclorobenzenos;0.00;oca-l10n-brazil/tipi
29039915;Cloronaftalenos;0.00;oca-l10n-brazil/tipi
29039916;Cloreto de benzilideno;0.00;oca-l10n-brazil/tipi
29039917;Cloretos de xilila;0.00;oca-l10n-brazil/tipi
29039918;"Bifenilas policloradas (PCB); terfenilas policloradas (PCT)";0.00;oca-l10n-brazil/tipi
29039919;Outros;0.00;oca-l10n-brazil/tipi
29039921;Bromobenzeno;0.00;oca-l10n-brazil/tipi
29039922;Brometos de xilila;0.00;oca-l10n-brazil/tipi
29039923;Bromodifenilmetano;0.00;oca-l10n-brazil/tipi
29039924;Bifenilas polibromadas (PBB);0.00;oca-l10n-brazil/tipi
29039929;Outros;0.00;oca-l10n-brazil/tipi
29039931;4-Cloro-alfa,alfa,alfa-trifluortolueno;0.00;oca-l10n-brazil/tipi
29039939;Outros;0.00;oca-l10n-brazil/tipi
29039990;Outros;0.00;oca-l10n-brazil/tipi
29041011;Ácido metanossulfônico;0.00;oca-l10n-brazil/tipi
29041012;Metanossulfonato de chumbo;0.00;oca-l10n-brazil/tipi
29041013;Metanossulfonato de estanho;0.00;oca-l10n-brazil/tipi
29041019;Outros;0.00;oca-l10n-brazil/tipi
29041020;Ácido dodecilbenzenossulfônico e seus sais;0.00;oca-l10n-brazil/tipi
29041030;"Ácidos toluenossulfônicos; ácidos xilenossulfônicos; sais destes ácidos";0.00;oca-l10n-brazil/tipi
29041040;"Ácido etanossulfônico; ácido etilenossulfônico";0.00;oca-l10n-brazil/tipi
29041051;Naftalenossulfonatos de sódio;0.00;oca-l10n-brazil/tipi
29041052;Ácido beta-naftalenossulfônico;0.00;oca-l10n-brazil/tipi
29041053;"Ácidos alquil- e dialquilnaftalenossulfônicos; sais destes ácidos";0.00;oca-l10n-brazil/tipi
29041059;Outros;0.00;oca-l10n-brazil/tipi
29041060;Ácido benzenossulfônico e seus sais;0.00;oca-l10n-brazil/tipi
29041090;Outros;0.00;oca-l10n-brazil/tipi
29042010;Mononitrotoluenos (MNT);0.00;oca-l10n-brazil/tipi
29042020;Nitropropanos;0.00;oca-l10n-brazil/tipi
29042030;Dinitrotoluenos;0.00;oca-l10n-brazil/tipi
29042041;2,4,6-Trinitrotolueno (TNT);0.00;oca-l10n-brazil/tipi
29042049;Outros;0.00;oca-l10n-brazil/tipi
29042051;Nitrobenzeno;0.00;oca-l10n-brazil/tipi
29042052;1,3,5-Trinitrobenzeno;0.00;oca-l10n-brazil/tipi
29042059;Outros;0.00;oca-l10n-brazil/tipi
29042060;Derivados nitrados do xileno;0.00;oca-l10n-brazil/tipi
29042070;"Mononitroetano; nitrometanos";0.00;oca-l10n-brazil/tipi
29042090;Outros;0.00;oca-l10n-brazil/tipi
29043100;Ácido perfluoroctano sulfônico;0.00;oca-l10n-brazil/tipi
29043200;Perfluoroctanossulfonato de amônio;0.00;oca-l10n-brazil/tipi
29043300;Perfluoroctanossulfonato de lítio;0.00;oca-l10n-brazil/tipi
29043400;Perfluoroctanossulfonato de potássio;0.00;oca-l10n-brazil/tipi
29043500;Outros sais do ácido perfluoroctano sulfônico;0.00;oca-l10n-brazil/tipi
29043600;Fluoreto de perfluoroctanossulfonila;0.00;oca-l10n-brazil/tipi
29049100;Tricloronitrometano (cloropicrina);0.00;oca-l10n-brazil/tipi
29049911;1-Cloro-4-nitrobenzeno;0.00;oca-l10n-brazil/tipi
29049912;1-Cloro-2,4-dinitrobenzeno;0.00;oca-l10n-brazil/tipi
29049913;2-Cloro-1,3-dinitrobenzeno;0.00;oca-l10n-brazil/tipi
29049914;4-Cloro-alfa,alfa,alfa-trifluor-3,5-dinitrotolueno;0.00;oca-l10n-brazil/tipi
29049915;"o-Nitroclorobenzeno; m-nitroclorobenzeno";0.00;oca-l10n-brazil/tipi
29049916;1,2-Dicloro-4-nitrobenzeno;0.00;oca-l10n-brazil/tipi
29049919;Outros;0.00;oca-l10n-brazil/tipi
29049921;Ácidos dinitroestilbenodissulfônicos;0.00;oca-l10n-brazil/tipi
29049929;Outros;0.00;oca-l10n-brazil/tipi
29049930;Cloreto de p-toluenossulfonila (cloreto de tosila);0.00;oca-l10n-brazil/tipi
29049940;Cloreto de o-toluenossulfonila;0.00;oca-l10n-brazil/tipi
29049990;Outros;0.00;oca-l10n-brazil/tipi
29051100;Metanol (álcool metílico);0.00;oca-l10n-brazil/tipi
29051210;Álcool propílico;0.00;oca-l10n-brazil/tipi
29051220;Álcool isopropílico;0.00;oca-l10n-brazil/tipi
29051300;Butan-1-ol (álcool n-butílico);0.00;oca-l10n-brazil/tipi
29051410;Álcool isobutílico (2-metil-1-propanol);0.00;oca-l10n-brazil/tipi
29051420;Álcool sec-butílico (2-butanol);0.00;oca-l10n-brazil/tipi
29051430;Álcool ter-butílico (2-metil-2-propanol);0.00;oca-l10n-brazil/tipi
29051600;Octanol (álcool octílico) e seus isômeros;0.00;oca-l10n-brazil/tipi
29051710;Álcool láurico;0.00;oca-l10n-brazil/tipi
29051720;Álcool cetílico;0.00;oca-l10n-brazil/tipi
29051730;Álcool esteárico;0.00;oca-l10n-brazil/tipi
29051911;n-Decanol;0.00;oca-l10n-brazil/tipi
29051912;Isodecanol;0.00;oca-l10n-brazil/tipi
29051919;Outros;0.00;oca-l10n-brazil/tipi
29051921;Etilato de magnésio;0.00;oca-l10n-brazil/tipi
29051922;Metilato de sódio;0.00;oca-l10n-brazil/tipi
29051923;Etilato de sódio;0.00;oca-l10n-brazil/tipi
29051929;Outros;0.00;oca-l10n-brazil/tipi
29051991;4-Metilpentan-2-ol;0.00;oca-l10n-brazil/tipi
29051992;Isononanol;0.00;oca-l10n-brazil/tipi
29051993;Isotridecanol;0.00;oca-l10n-brazil/tipi
29051994;Tetra-hidrolinalol (3,7-dimetiloctan-3-ol);0.00;oca-l10n-brazil/tipi
29051995;3,3-Dimetilbutan-2-ol (álcool pinacolílico);0.00;oca-l10n-brazil/tipi
29051996;Pentanol (álcool amílico) e seus isômeros;0.00;oca-l10n-brazil/tipi
29051999;Outros;0.00;oca-l10n-brazil/tipi
29052210;Linalol;0.00;oca-l10n-brazil/tipi
29052220;Geraniol;0.00;oca-l10n-brazil/tipi
29052230;Di-hidromircenol (2,6-dimetil-7-octen-2-ol);0.00;oca-l10n-brazil/tipi
29052290;Outros;0.00;oca-l10n-brazil/tipi
29052910;Álcool alílico;0.00;oca-l10n-brazil/tipi
29052990;Outros;0.00;oca-l10n-brazil/tipi
29053100;Etilenoglicol (etanodiol);0.00;oca-l10n-brazil/tipi
29053200;Propilenoglicol (propano-1,2-diol);0.00;oca-l10n-brazil/tipi
29053910;2-Metil-2,4-pentanodiol (hexilenoglicol);0.00;oca-l10n-brazil/tipi
29053920;Trimetilenoglicol (1,3-propanodiol);0.00;oca-l10n-brazil/tipi
29053930;1,3-Butilenoglicol (1,3-butanodiol);0.00;oca-l10n-brazil/tipi
29053990;Outros;0.00;oca-l10n-brazil/tipi
29054100;2-Etil-2-(hidroximetil)propano-1,3-diol (trimetilolpropano);0.00;oca-l10n-brazil/tipi
29054200;Pentaeritritol (pentaeritrita);0.00;oca-l10n-brazil/tipi
29054300;Manitol;0.00;oca-l10n-brazil/tipi
29054400;D-glucitol (sorbitol);0.00;oca-l10n-brazil/tipi
29054500;Glicerol;0.00;oca-l10n-brazil/tipi
29054900;Outros;0.00;oca-l10n-brazil/tipi
29055100;Etclorvinol (DCI);0.00;oca-l10n-brazil/tipi
29055910;Hidrato de cloral;0.00;oca-l10n-brazil/tipi
29055990;Outros;0.00;oca-l10n-brazil/tipi
29061100;Mentol;0.00;oca-l10n-brazil/tipi
29061200;Cicloexanol, metilcicloexanóis e dimetilcicloexanóis;0.00;oca-l10n-brazil/tipi
29061300;Esteróis e inositóis;0.00;oca-l10n-brazil/tipi
29061910;Derivados do mentol;0.00;oca-l10n-brazil/tipi
29061920;"Borneol; isoborneol";0.00;oca-l10n-brazil/tipi
29061930;Terpina e seu hidrato;0.00;oca-l10n-brazil/tipi
29061940;Álcool fenchílico (1,3,3-trimetil-2-norbornanol);0.00;oca-l10n-brazil/tipi
29061950;Terpineóis;0.00;oca-l10n-brazil/tipi
29061990;Outros;0.00;oca-l10n-brazil/tipi
29062100;Álcool benzílico;0.00;oca-l10n-brazil/tipi
29062910;2-Feniletanol;0.00;oca-l10n-brazil/tipi
29062920;Dicofol;0.00;oca-l10n-brazil/tipi
29062990;Outros;0.00;oca-l10n-brazil/tipi
29071100;Fenol (hidroxibenzeno) e seus sais;0.00;oca-l10n-brazil/tipi
29071200;Cresóis e seus sais;0.00;oca-l10n-brazil/tipi
29071300;"Octilfenol, nonilfenol, e seus isômeros; sais destes produtos";0.00;oca-l10n-brazil/tipi
29071510;beta-Naftol e seus sais;0.00;oca-l10n-brazil/tipi
29071590;Outros;0.00;oca-l10n-brazil/tipi
29071910;2,6-Di-ter-butil-p-cresol e seus sais;0.00;oca-l10n-brazil/tipi
29071920;o-Fenilfenol e seus sais;0.00;oca-l10n-brazil/tipi
29071930;p-ter-Butilfenol e seus sais;0.00;oca-l10n-brazil/tipi
29071940;Xilenóis e seus sais;0.00;oca-l10n-brazil/tipi
29071990;Outros;0.00;oca-l10n-brazil/tipi
29072100;Resorcinol e seus sais;0.00;oca-l10n-brazil/tipi
29072200;Hidroquinona e seus sais;0.00;oca-l10n-brazil/tipi
29072300;4,4'-Isopropilidenodifenol (bisfenol A, difenilolpropano) e seus sais;0.00;oca-l10n-brazil/tipi
29072900;Outros;0.00;oca-l10n-brazil/tipi
29081100;Pentaclorofenol (ISO);0.00;oca-l10n-brazil/tipi
29081911;4-Cloro-m-cresol e seus sais;0.00;oca-l10n-brazil/tipi
29081912;Diclorofenóis e seus sais;0.00;oca-l10n-brazil/tipi
29081913;p-Clorofenol;0.00;oca-l10n-brazil/tipi
29081914;Triclorofenóis e seus sais;0.00;oca-l10n-brazil/tipi
29081915;Tetraclorofenóis e seus sais;0.00;oca-l10n-brazil/tipi
29081916;Pentaclorofenato de sódio;0.00;oca-l10n-brazil/tipi
29081919;Outros;0.00;oca-l10n-brazil/tipi
29081921;2,4,6-Tribromofenol;0.00;oca-l10n-brazil/tipi
29081929;Outros;0.00;oca-l10n-brazil/tipi
29081990;Outros;0.00;oca-l10n-brazil/tipi
29089100;Dinoseb (ISO) e seus sais;0.00;oca-l10n-brazil/tipi
29089200;4,6-Dinitro-o-cresol (DNOC (ISO)) e seus sais;0.00;oca-l10n-brazil/tipi
29089912;p-Nitrofenol e seus sais;0.00;oca-l10n-brazil/tipi
29089913;Ácido pícrico;0.00;oca-l10n-brazil/tipi
29089919;Outros;0.00;oca-l10n-brazil/tipi
29089921;Disofenol;0.00;oca-l10n-brazil/tipi
29089929;Outros;0.00;oca-l10n-brazil/tipi
29089930;Derivados sulfonados do fenol, seus sais e seus ésteres;0.00;oca-l10n-brazil/tipi
29089990;Outros;0.00;oca-l10n-brazil/tipi
29091100;Éter dietílico (óxido de dietila);0.00;oca-l10n-brazil/tipi
29091910;Éter metil-ter-butílico (MTBE);0.00;oca-l10n-brazil/tipi
29091920;Sevoflurano;0.00;oca-l10n-brazil/tipi
29091990;Outros;0.00;oca-l10n-brazil/tipi
29092000;Éteres ciclânicos, ciclênicos, cicloterpênicos e seus derivados halogenados, sulfonados, nitrados...;0.00;oca-l10n-brazil/tipi
29093011;Anetol;0.00;oca-l10n-brazil/tipi
29093012;Éter difenílico (éter fenílico);0.00;oca-l10n-brazil/tipi
29093013;Éter dibenzílico (éter benzílico);0.00;oca-l10n-brazil/tipi
29093014;Éter feniletil-isoamílico;0.00;oca-l10n-brazil/tipi
29093019;Outros;0.00;oca-l10n-brazil/tipi
29093021;Oxifluorfeno;0.00;oca-l10n-brazil/tipi
29093022;Pentacloroanisol;0.00;oca-l10n-brazil/tipi
29093023;Éteres tetra- ou pentabromodifenílicos;0.00;oca-l10n-brazil/tipi
29093024;Éteres hexa-, hepta- ou octabromodifenílicos;0.00;oca-l10n-brazil/tipi
29093025;Éter decabromodifenílico;0.00;oca-l10n-brazil/tipi
29093029;Outros;0.00;oca-l10n-brazil/tipi
29094100;2,2'-Oxidietanol (dietilenoglicol);0.00;oca-l10n-brazil/tipi
29094310;Do etilenoglicol;0.00;oca-l10n-brazil/tipi
29094320;Do dietilenoglicol;0.00;oca-l10n-brazil/tipi
29094411;Éter etílico;0.00;oca-l10n-brazil/tipi
29094412;Éter isobutílico;0.00;oca-l10n-brazil/tipi
29094413;Éter hexílico;0.00;oca-l10n-brazil/tipi
29094419;Outros;0.00;oca-l10n-brazil/tipi
29094421;Éter etílico;0.00;oca-l10n-brazil/tipi
29094429;Outros;0.00;oca-l10n-brazil/tipi
29094910;Guaifenesina;0.00;oca-l10n-brazil/tipi
29094921;Trietilenoglicol;0.00;oca-l10n-brazil/tipi
29094922;Tetraetilenoglicol;0.00;oca-l10n-brazil/tipi
29094923;Pentaetilenoglicol e seus éteres;0.00;oca-l10n-brazil/tipi
29094924;Éter fenílico do etilenoglicol;0.00;oca-l10n-brazil/tipi
29094929;Outros;0.00;oca-l10n-brazil/tipi
29094931;Dipropilenoglicol;0.00;oca-l10n-brazil/tipi
29094932;Éteres do mono-, di- e tripropilenoglicol;0.00;oca-l10n-brazil/tipi
29094939;Outros;0.00;oca-l10n-brazil/tipi
29094941;Éter etílico do butilenoglicol;0.00;oca-l10n-brazil/tipi
29094949;Outros;0.00;oca-l10n-brazil/tipi
29094950;Álcoois fenoxibenzílicos;0.00;oca-l10n-brazil/tipi
29094990;Outros;0.00;oca-l10n-brazil/tipi
29095011;Triclosan;0.00;oca-l10n-brazil/tipi
29095012;Eugenol;0.00;oca-l10n-brazil/tipi
29095013;Isoeugenol;0.00;oca-l10n-brazil/tipi
29095019;Outros;0.00;oca-l10n-brazil/tipi
29095090;Outros;0.00;oca-l10n-brazil/tipi
29096011;De di-isopropilbenzeno;0.00;oca-l10n-brazil/tipi
29096012;De ter-butila;0.00;oca-l10n-brazil/tipi
29096013;De p-mentano;0.00;oca-l10n-brazil/tipi
29096019;Outros;0.00;oca-l10n-brazil/tipi
29096090;Outros;0.00;oca-l10n-brazil/tipi
29101000;Oxirano (óxido de etileno);0.00;oca-l10n-brazil/tipi
29102000;Metiloxirano (óxido de propileno);0.00;oca-l10n-brazil/tipi
29103000;1-Cloro-2,3-epoxipropano (epicloridrina);0.00;oca-l10n-brazil/tipi
29104000;Dieldrin (ISO, DCI);0.00;oca-l10n-brazil/tipi
29105000;Endrin (ISO);0.00;oca-l10n-brazil/tipi
29109010;Óxido de estireno;0.00;oca-l10n-brazil/tipi
29109090;Outros;0.00;oca-l10n-brazil/tipi
29110010;Dimetilacetal do 2-nitrobenzaldeído;0.00;oca-l10n-brazil/tipi
29110090;Outros;0.00;oca-l10n-brazil/tipi
29121100;Metanal (formaldeído);0.00;oca-l10n-brazil/tipi
29121200;Etanal (acetaldeído);0.00;oca-l10n-brazil/tipi
29121911;Glioxal;0.00;oca-l10n-brazil/tipi
29121912;Glutaraldeído;0.00;oca-l10n-brazil/tipi
29121919;Outros;0.00;oca-l10n-brazil/tipi
29121921;Citral;0.00;oca-l10n-brazil/tipi
29121922;Citronelal (3,7-dimetil-6-octenal);0.00;oca-l10n-brazil/tipi
29121923;Bergamal (3,7-dimetil-2-metileno-6-octenal);0.00;oca-l10n-brazil/tipi
29121929;Outros;0.00;oca-l10n-brazil/tipi
29121991;Heptanal;0.00;oca-l10n-brazil/tipi
29121999;Outros;0.00;oca-l10n-brazil/tipi
29122100;Benzaldeído (aldeído benzoico);0.00;oca-l10n-brazil/tipi
29122910;Aldeído alfa-amilcinâmico;0.00;oca-l10n-brazil/tipi
29122920;Aldeído alfa-hexilcinâmico;0.00;oca-l10n-brazil/tipi
29122990;Outros;0.00;oca-l10n-brazil/tipi
29124100;Vanilina (aldeído metilprotocatéquico);0.00;oca-l10n-brazil/tipi
29124200;Etilvanilina (aldeído etilprotocatéquico);0.00;oca-l10n-brazil/tipi
29124910;3-Fenoxibenzaldeído;0.00;oca-l10n-brazil/tipi
29124920;3-Hidroxibenzaldeído;0.00;oca-l10n-brazil/tipi
29124930;3,4,5-Trimetoxibenzaldeído;0.00;oca-l10n-brazil/tipi
29124941;4-(4-Hidroxi-4-metilpentil)-3-cicloexeno-1-carboxialdeído;0.00;oca-l10n-brazil/tipi
29124949;Outros;0.00;oca-l10n-brazil/tipi
29124990;Outros;0.00;oca-l10n-brazil/tipi
29125000;Polímeros cíclicos dos aldeídos;0.00;oca-l10n-brazil/tipi
29126000;Paraformaldeído;0.00;oca-l10n-brazil/tipi
29130010;Tricloroacetaldeído;0.00;oca-l10n-brazil/tipi
29130090;Outros;0.00;oca-l10n-brazil/tipi
29141100;Acetona;0.00;oca-l10n-brazil/tipi
29141200;Butanona (metiletilcetona);0.00;oca-l10n-brazil/tipi
29141300;4-Metilpentan-2-ona (metilisobutilcetona);0.00;oca-l10n-brazil/tipi
29141910;Forona;0.00;oca-l10n-brazil/tipi
29141921;Acetilacetona;0.00;oca-l10n-brazil/tipi
29141922;Acetonilacetona;0.00;oca-l10n-brazil/tipi
29141923;Diacetila;0.00;oca-l10n-brazil/tipi
29141929;Outras;0.00;oca-l10n-brazil/tipi
29141930;Metilexilcetona;0.00;oca-l10n-brazil/tipi
29141940;Pseudoiononas;0.00;oca-l10n-brazil/tipi
29141950;Metilisopropilcetona;0.00;oca-l10n-brazil/tipi
29141990;Outras;0.00;oca-l10n-brazil/tipi
29142210;Cicloexanona;0.00;oca-l10n-brazil/tipi
29142220;Metilcicloexanonas;0.00;oca-l10n-brazil/tipi
29142310;Iononas;0.00;oca-l10n-brazil/tipi
29142320;Metiliononas;0.00;oca-l10n-brazil/tipi
29142910;Carvona;0.00;oca-l10n-brazil/tipi
29142920;l-Mentona;0.00;oca-l10n-brazil/tipi
29142990;Outras;0.00;oca-l10n-brazil/tipi
29143100;Fenilacetona (fenilpropan-2-ona);0.00;oca-l10n-brazil/tipi
29143910;Acetofenona;0.00;oca-l10n-brazil/tipi
29143990;Outras;0.00;oca-l10n-brazil/tipi
29144010;4-Hidroxi-4-metilpentan-2-ona (diacetona álcool);0.00;oca-l10n-brazil/tipi
29144091;Benzoína;0.00;oca-l10n-brazil/tipi
29144099;Outras;0.00;oca-l10n-brazil/tipi
29145010;Nabumetona;0.00;oca-l10n-brazil/tipi
29145020;1,8-Di-hidroxi-3-metil-9-antrona e sua forma enólica (crisarobina ou chrysarobin);0.00;oca-l10n-brazil/tipi
29145090;Outras;0.00;oca-l10n-brazil/tipi
29146100;Antraquinona;0.00;oca-l10n-brazil/tipi
29146200;Coenzima Q10 (ubidecarenona (DCI));0.00;oca-l10n-brazil/tipi
29146910;Lapachol;0.00;oca-l10n-brazil/tipi
29146920;Menadiona;0.00;oca-l10n-brazil/tipi
29146990;Outras;0.00;oca-l10n-brazil/tipi
29147100;Clordecona (ISO);0.00;oca-l10n-brazil/tipi
29147911;1-Cloro-5-hexanona;0.00;oca-l10n-brazil/tipi
29147919;Outros;0.00;oca-l10n-brazil/tipi
29147921;Bissulfito sódico de menadiona;0.00;oca-l10n-brazil/tipi
29147922;Ácido 2-hidroxi-4-metoxibenzofenona-5-sulfônico (sulisobenzona);0.00;oca-l10n-brazil/tipi
29147929;Outros;0.00;oca-l10n-brazil/tipi
29147990;Outros;0.00;oca-l10n-brazil/tipi
29151100;Ácido fórmico;0.00;oca-l10n-brazil/tipi
29151210;De sódio;0.00;oca-l10n-brazil/tipi
29151290;Outros;0.00;oca-l10n-brazil/tipi
29151310;De geranila;0.00;oca-l10n-brazil/tipi
29151390;Outros;0.00;oca-l10n-brazil/tipi
29152100;Ácido acético;0.00;oca-l10n-brazil/tipi
29152400;Anidrido acético;0.00;oca-l10n-brazil/tipi
29152910;Acetato de sódio;0.00;oca-l10n-brazil/tipi
29152920;Acetatos de cobalto;0.00;oca-l10n-brazil/tipi
29152990;Outros;0.00;oca-l10n-brazil/tipi
29153100;Acetato de etila;0.00;oca-l10n-brazil/tipi
29153200;Acetato de vinila;0.00;oca-l10n-brazil/tipi
29153300;Acetato de n-butila;0.00;oca-l10n-brazil/tipi
29153600;Acetato de dinoseb (ISO);0.00;oca-l10n-brazil/tipi
29153910;Acetato de linalila;0.00;oca-l10n-brazil/tipi
29153921;Triacetina;0.00;oca-l10n-brazil/tipi
29153929;Outros;0.00;oca-l10n-brazil/tipi
29153931;De n-propila;0.00;oca-l10n-brazil/tipi
29153932;Acetato de 2-etoxietila;0.00;oca-l10n-brazil/tipi
29153939;Outros;0.00;oca-l10n-brazil/tipi
29153941;De decila;0.00;oca-l10n-brazil/tipi
29153942;De hexenila;0.00;oca-l10n-brazil/tipi
29153951;De benzestrol;0.00;oca-l10n-brazil/tipi
29153952;De dienoestrol;0.00;oca-l10n-brazil/tipi
29153953;De hexestrol;0.00;oca-l10n-brazil/tipi
29153954;De mestilbol;0.00;oca-l10n-brazil/tipi
29153955;De estilbestrol;0.00;oca-l10n-brazil/tipi
29153961;De tricloro-alfa-feniletila;0.00;oca-l10n-brazil/tipi
29153962;De triclorometilfenilcarbinila;0.00;oca-l10n-brazil/tipi
29153963;Diacetato de etilenoglicol (diacetato de etileno);0.00;oca-l10n-brazil/tipi
29153991;De 2-ter-butilcicloexila;0.00;oca-l10n-brazil/tipi
29153992;De bornila;0.00;oca-l10n-brazil/tipi
29153993;De dimetilbenzilcarbinila;0.00;oca-l10n-brazil/tipi
29153994;Bis(p-acetoxifenil)cicloexilidenometano (ciclofenil);0.00;oca-l10n-brazil/tipi
29153999;Outros;0.00;oca-l10n-brazil/tipi
29154010;Ácido monocloroacético;0.00;oca-l10n-brazil/tipi
29154020;Monocloroacetato de sódio;0.00;oca-l10n-brazil/tipi
29154090;Outros;0.00;oca-l10n-brazil/tipi
29155010;Ácido propiônico;0.00;oca-l10n-brazil/tipi
29155020;Sais;0.00;oca-l10n-brazil/tipi
29155030;Ésteres;0.00;oca-l10n-brazil/tipi
29156011;Ácidos butanoicos e seus sais;0.00;oca-l10n-brazil/tipi
29156012;Butanoato de etila;0.00;oca-l10n-brazil/tipi
29156019;Outros;0.00;oca-l10n-brazil/tipi
29156021;Ácido piválico;0.00;oca-l10n-brazil/tipi
29156029;Outros;0.00;oca-l10n-brazil/tipi
29157011;Ácido palmítico;0.00;oca-l10n-brazil/tipi
29157019;Outros;0.00;oca-l10n-brazil/tipi
29157020;Ácido esteárico;0.00;oca-l10n-brazil/tipi
29157031;De zinco;0.00;oca-l10n-brazil/tipi
29157039;Outros;0.00;oca-l10n-brazil/tipi
29157040;Ésteres do ácido esteárico;0.00;oca-l10n-brazil/tipi
29159010;Cloreto de cloroacetila;0.00;oca-l10n-brazil/tipi
29159021;Ácido 2-etilexanoico (ácido 2-etilexoico);0.00;oca-l10n-brazil/tipi
29159022;2-Etilexanoato de estanho II;0.00;oca-l10n-brazil/tipi
29159023;Di(2-etilexanoato) de trietilenoglicol;0.00;oca-l10n-brazil/tipi
29159024;Cloreto de 2-etilexanoíla;0.00;oca-l10n-brazil/tipi
29159029;Outros;0.00;oca-l10n-brazil/tipi
29159031;Ácido mirístico;0.00;oca-l10n-brazil/tipi
29159032;Ácido caprílico;0.00;oca-l10n-brazil/tipi
29159033;Miristato de isopropila;0.00;oca-l10n-brazil/tipi
29159039;Outros;0.00;oca-l10n-brazil/tipi
29159041;Ácido láurico;0.00;oca-l10n-brazil/tipi
29159043;Laurato de pentaclorobifenila;0.00;oca-l10n-brazil/tipi
29159049;Outros;0.00;oca-l10n-brazil/tipi
29159050;Peróxidos de ácidos;0.00;oca-l10n-brazil/tipi
29159060;Peroxiácidos;0.00;oca-l10n-brazil/tipi
29159070;Ácidos perfluoroctanoicos e seus sais;;sem-ipi-na-fonte
29159090;Outros;0.00;oca-l10n-brazil/tipi
29161110;Ácido acrílico;0.00;oca-l10n-brazil/tipi
29161120;Sais;0.00;oca-l10n-brazil/tipi
29161210;De metila;0.00;oca-l10n-brazil/tipi
29161220;De etila;0.00;oca-l10n-brazil/tipi
29161230;De butila;0.00;oca-l10n-brazil/tipi
29161240;De 2-etilexila;0.00;oca-l10n-brazil/tipi
29161290;Outros;0.00;oca-l10n-brazil/tipi
29161310;Ácido metacrílico;0.00;oca-l10n-brazil/tipi
29161320;Sais;0.00;oca-l10n-brazil/tipi
29161410;De metila;0.00;oca-l10n-brazil/tipi
29161420;De etila;0.00;oca-l10n-brazil/tipi
29161430;De n-butila;0.00;oca-l10n-brazil/tipi
29161490;Outros;0.00;oca-l10n-brazil/tipi
29161511;Oleato de manitol;0.00;oca-l10n-brazil/tipi
29161519;Outros;0.00;oca-l10n-brazil/tipi
29161520;"Ácido linoleico; ácido linolênico; seus sais e seus ésteres";0.00;oca-l10n-brazil/tipi
29161600;Binapacril (ISO);0.00;oca-l10n-brazil/tipi
29161911;Sorbato de potássio;0.00;oca-l10n-brazil/tipi
29161919;Outros;0.00;oca-l10n-brazil/tipi
29161921;Ácido undecilênico;0.00;oca-l10n-brazil/tipi
29161922;Undecilenato de metila;0.00;oca-l10n-brazil/tipi
29161923;Undecilenato de zinco;0.00;oca-l10n-brazil/tipi
29161929;Outros;0.00;oca-l10n-brazil/tipi
29161990;Outros;0.00;oca-l10n-brazil/tipi
29162011;Ácido 3-(2,2-dibromovinil)-2,2-dimetilciclopropanocarboxílico;0.00;oca-l10n-brazil/tipi
29162012;Cloreto do ácido 3-(2,2-diclorovinil)-2,2-dimetilciclopropanocarboxílico (DVO);0.00;oca-l10n-brazil/tipi
29162013;Aletrinas;0.00;oca-l10n-brazil/tipi
29162014;Permetrina;0.00;oca-l10n-brazil/tipi
29162015;Bifentrina;0.00;oca-l10n-brazil/tipi
29162019;Outros;0.00;oca-l10n-brazil/tipi
29162090;Outros;0.00;oca-l10n-brazil/tipi
29163110;Ácido benzoico;0.00;oca-l10n-brazil/tipi
29163121;De sódio;0.00;oca-l10n-brazil/tipi
29163122;De amônio;0.00;oca-l10n-brazil/tipi
29163129;Outros;0.00;oca-l10n-brazil/tipi
29163131;De metila;0.00;oca-l10n-brazil/tipi
29163132;De benzila;0.00;oca-l10n-brazil/tipi
29163139;Outros;0.00;oca-l10n-brazil/tipi
29163210;Peróxido de benzoíla;0.00;oca-l10n-brazil/tipi
29163220;Cloreto de benzoíla;0.00;oca-l10n-brazil/tipi
29163400;Ácido fenilacético e seus sais;0.00;oca-l10n-brazil/tipi
29163910;Cloreto de 4-cloro-alfa-(1-metiletil)benzenoacetila;0.00;oca-l10n-brazil/tipi
29163920;Ibuprofeno;0.00;oca-l10n-brazil/tipi
29163930;Ácido 4-cloro-3-nitrobenzoico;0.00;oca-l10n-brazil/tipi
29163940;Perbenzoato de ter-butila;0.00;oca-l10n-brazil/tipi
29163990;Outros;0.00;oca-l10n-brazil/tipi
29171110;Ácido oxálico e seus sais;0.00;oca-l10n-brazil/tipi
29171120;Ésteres;0.00;oca-l10n-brazil/tipi
29171210;Ácido adípico;0.00;oca-l10n-brazil/tipi
29171220;Sais e ésteres;0.00;oca-l10n-brazil/tipi
29171310;Ácido azelaico, seus sais e seus ésteres;0.00;oca-l10n-brazil/tipi
29171321;Ácido sebácico;0.00;oca-l10n-brazil/tipi
29171322;Sebacato de dibutila;0.00;oca-l10n-brazil/tipi
29171323;Sebacato de dioctila;0.00;oca-l10n-brazil/tipi
29171329;Outros;0.00;oca-l10n-brazil/tipi
29171400;Anidrido maleico;0.00;oca-l10n-brazil/tipi
29171910;Dioctilsulfossuccinato de sódio;0.00;oca-l10n-brazil/tipi
29171921;Ácido maleico;0.00;oca-l10n-brazil/tipi
29171922;Sais e ésteres;0.00;oca-l10n-brazil/tipi
29171930;Ácido fumárico, seus sais e seus ésteres;0.00;oca-l10n-brazil/tipi
29171990;Outros;0.00;oca-l10n-brazil/tipi
29172000;Ácidos policarboxílicos ciclânicos, ciclênicos ou cicloterpênicos, seus anidridos, halogenetos, p...;0.00;oca-l10n-brazil/tipi
29173200;Ortoftalatos de dioctila;0.00;oca-l10n-brazil/tipi
29173300;Ortoftalatos de dinonila ou de didecila;0.00;oca-l10n-brazil/tipi
29173400;Outros ésteres do ácido ortoftálico;0.00;oca-l10n-brazil/tipi
29173500;Anidrido ftálico;0.00;oca-l10n-brazil/tipi
29173600;Ácido tereftálico e seus sais;0.00;oca-l10n-brazil/tipi
29173700;Tereftalato de dimetila;0.00;oca-l10n-brazil/tipi
29173911;Ésteres;0.00;oca-l10n-brazil/tipi
29173919;Outros;0.00;oca-l10n-brazil/tipi
29173920;Ácido ortoftálico e seus sais;0.00;oca-l10n-brazil/tipi
29173931;De dioctila;0.00;oca-l10n-brazil/tipi
29173939;Outros;0.00;oca-l10n-brazil/tipi
29173940;Sais e ésteres do ácido trimelítico (sais e ésteres do ácido 1,2,4-benzenotricarboxílico);0.00;oca-l10n-brazil/tipi
29173950;Anidrido trimelítico (ácido 1,3-dioxo-5-isobenzofuranocarboxílico);0.00;oca-l10n-brazil/tipi
29173990;Outros;0.00;oca-l10n-brazil/tipi
29181100;Ácido láctico, seus sais e seus ésteres;0.00;oca-l10n-brazil/tipi
29181200;Ácido tartárico;0.00;oca-l10n-brazil/tipi
29181310;Sais;0.00;oca-l10n-brazil/tipi
29181320;Ésteres;0.00;oca-l10n-brazil/tipi
29181400;Ácido cítrico;0.00;oca-l10n-brazil/tipi
29181500;Sais e ésteres do ácido cítrico;0.00;oca-l10n-brazil/tipi
29181610;Gluconato de cálcio;0.00;oca-l10n-brazil/tipi
29181690;Outros;0.00;oca-l10n-brazil/tipi
29181700;Ácido 2,2-difenil-2-hidroxiacético (ácido benzílico);0.00;oca-l10n-brazil/tipi
29181800;Clorobenzilato (ISO);0.00;oca-l10n-brazil/tipi
29181910;Bromopropilato;0.00;oca-l10n-brazil/tipi
29181921;Ursodiol (ácido ursodeoxicólico);0.00;oca-l10n-brazil/tipi
29181922;Ácido quenodeoxicólico;0.00;oca-l10n-brazil/tipi
29181929;Outros;0.00;oca-l10n-brazil/tipi
29181930;Ácido 12-hidroxiesteárico;0.00;oca-l10n-brazil/tipi
29181942;Sais;0.00;oca-l10n-brazil/tipi
29181943;Ésteres;0.00;oca-l10n-brazil/tipi
29181990;Outros;0.00;oca-l10n-brazil/tipi
29182110;Ácido salicílico;0.00;oca-l10n-brazil/tipi
29182120;Sais;0.00;oca-l10n-brazil/tipi
29182211;Ácido o-acetilsalicílico;0.00;oca-l10n-brazil/tipi
29182212;o-Acetilsalicilato de alumínio;0.00;oca-l10n-brazil/tipi
29182219;Outros;0.00;oca-l10n-brazil/tipi
29182220;Ésteres;0.00;oca-l10n-brazil/tipi
29182300;Outros ésteres do ácido salicílico e seus sais;0.00;oca-l10n-brazil/tipi
29182910;Ácidos hidroxinaftoicos;0.00;oca-l10n-brazil/tipi
29182921;Ácido p-hidroxibenzoico;0.00;oca-l10n-brazil/tipi
29182922;Metilparabeno;0.00;oca-l10n-brazil/tipi
29182923;Propilparabeno;0.00;oca-l10n-brazil/tipi
29182929;Outros;0.00;oca-l10n-brazil/tipi
29182930;Ácido gálico, seus sais e seus ésteres;0.00;oca-l10n-brazil/tipi
29182940;Tetrakis(3-(3,5-di-ter-butil-4-hidroxifenil)propionato) de pentaeritritila;0.00;oca-l10n-brazil/tipi
29182950;3-(3,5-Di-ter-butil-4-hidroxifenil)propionato de octadecila;0.00;oca-l10n-brazil/tipi
29182990;Outros;0.00;oca-l10n-brazil/tipi
29183010;Cetoprofeno;0.00;oca-l10n-brazil/tipi
29183020;Butirilacetato de metila;0.00;oca-l10n-brazil/tipi
29183031;Ácido deidrocólico;0.00;oca-l10n-brazil/tipi
29183032;Deidrocolato de sódio;0.00;oca-l10n-brazil/tipi
29183033;Deidrocolato de magnésio;0.00;oca-l10n-brazil/tipi
29183039;Outros;0.00;oca-l10n-brazil/tipi
29183040;Acetilacetato de 2-nitrometilbenzilideno;0.00;oca-l10n-brazil/tipi
29183090;Outros;0.00;oca-l10n-brazil/tipi
29189100;2,4,5-T (ISO) (ácido 2,4,5-triclorofenoxiacético), seus sais e seus ésteres;0.00;oca-l10n-brazil/tipi
29189911;Ácido fenoxiacético, seus sais e seus ésteres;0.00;oca-l10n-brazil/tipi
29189912;Ácido 2,4-diclorofenoxiacético (2,4-D), seus sais e seus ésteres;0.00;oca-l10n-brazil/tipi
29189919;Outros;0.00;oca-l10n-brazil/tipi
29189921;Ácidos diclorofenoxibutanoicos, seus sais e seus ésteres;0.00;oca-l10n-brazil/tipi
29189929;Outros;0.00;oca-l10n-brazil/tipi
29189930;Acifluorfen sódico;0.00;oca-l10n-brazil/tipi
29189940;Naproxeno;0.00;oca-l10n-brazil/tipi
29189950;Ácido 3-(2-cloro-alfa, alfa, alfa-trifluor-p-toliloxi)benzoico;0.00;oca-l10n-brazil/tipi
29189960;Diclofop-metila;0.00;oca-l10n-brazil/tipi
29189991;Fenofibrato;0.00;oca-l10n-brazil/tipi
29189992;Ácidos metilclorofenoxiacéticos, seus sais e seus ésteres;0.00;oca-l10n-brazil/tipi
29189993;5-(2-Cloro-4-trifluorometilfenoxi)-2-nitrobenzoato de 1'-(carboetoxi)etila (lactofen);0.00;oca-l10n-brazil/tipi
29189994;Ácido 4-(4-hidroxifenoxi)-3,5-di-iodofenilacético;0.00;oca-l10n-brazil/tipi
29189999;Outros;0.00;oca-l10n-brazil/tipi
29191000;Fosfato de tris(2,3-dibromopropila);0.00;oca-l10n-brazil/tipi
29199010;De tributila;0.00;oca-l10n-brazil/tipi
29199020;De tricresila;0.00;oca-l10n-brazil/tipi
29199030;De trifenila;0.00;oca-l10n-brazil/tipi
29199040;Diclorvós (DDVP);0.00;oca-l10n-brazil/tipi
29199050;Lactofosfato de cálcio;0.00;oca-l10n-brazil/tipi
29199060;Clorfenvinfós;0.00;oca-l10n-brazil/tipi
29199090;Outros;0.00;oca-l10n-brazil/tipi
29201110;Paration (etil paration);0.00;oca-l10n-brazil/tipi
29201120;Paration-metila (metil paration);0.00;oca-l10n-brazil/tipi
29201910;Fenitrotion;0.00;oca-l10n-brazil/tipi
29201920;Cloreto de fosforotioato de dimetila;0.00;oca-l10n-brazil/tipi
29201990;Outros;0.00;oca-l10n-brazil/tipi
29202100;Fosfito de dimetila;0.00;oca-l10n-brazil/tipi
29202200;Fosfito de dietila;0.00;oca-l10n-brazil/tipi
29202300;Fosfito de trimetila;0.00;oca-l10n-brazil/tipi
29202400;Fosfito de trietila;0.00;oca-l10n-brazil/tipi
29202910;Fosfito de alquila de C3 a C13 ou de alquil-arila;0.00;oca-l10n-brazil/tipi
29202920;Fosfito de difenila;0.00;oca-l10n-brazil/tipi
29202930;Outros fosfitos, de arila;0.00;oca-l10n-brazil/tipi
29202940;Fosetil Al;0.00;oca-l10n-brazil/tipi
29202950;Fosfito de tris(2,4-di-ter-butilfenila);0.00;oca-l10n-brazil/tipi
29202990;Outros;0.00;oca-l10n-brazil/tipi
29203000;Endossulfan (ISO);0.00;oca-l10n-brazil/tipi
29209022;Propargite;0.00;oca-l10n-brazil/tipi
29209029;Outros;0.00;oca-l10n-brazil/tipi
29209031;De propatila;0.00;oca-l10n-brazil/tipi
29209032;Nitroglicerina;0.00;oca-l10n-brazil/tipi
29209033;Tetranitrato de pentaeritritol (PETN, nitropenta, pentrita);0.00;oca-l10n-brazil/tipi
29209039;Outros;0.00;oca-l10n-brazil/tipi
29209041;De alquila de C6 a C22;0.00;oca-l10n-brazil/tipi
29209042;De monoalquildietilenoglicol ou de monoalquiltrietilenoglicol;0.00;oca-l10n-brazil/tipi
29209049;Outros;0.00;oca-l10n-brazil/tipi
29209051;De etila;0.00;oca-l10n-brazil/tipi
29209059;Outros;0.00;oca-l10n-brazil/tipi
29209090;Outros;0.00;oca-l10n-brazil/tipi
29211111;Monometilamina;0.00;oca-l10n-brazil/tipi
29211112;Sais;0.00;oca-l10n-brazil/tipi
29211121;Dimetilamina;0.00;oca-l10n-brazil/tipi
29211122;2,4-Diclorofenoxiacetato de dimetilamina;0.00;oca-l10n-brazil/tipi
29211123;Metilclorofenoxiacetato de dimetilamina;0.00;oca-l10n-brazil/tipi
29211129;Outros;0.00;oca-l10n-brazil/tipi
29211131;Trimetilamina;0.00;oca-l10n-brazil/tipi
29211132;Cloridrato de trimetilamina;0.00;oca-l10n-brazil/tipi
29211139;Outros;0.00;oca-l10n-brazil/tipi
29211200;Cloridrato de 2-cloroetil(N,N-dimetilamina);0.00;oca-l10n-brazil/tipi
29211300;Cloridrato de 2-cloroetil(N,N-dietilamina);0.00;oca-l10n-brazil/tipi
29211400;Cloridrato de 2-cloroetil(N,N-di-isopropilamina);0.00;oca-l10n-brazil/tipi
29211911;Monoetilamina e seus sais;0.00;oca-l10n-brazil/tipi
29211912;Trietilamina;0.00;oca-l10n-brazil/tipi
29211913;Bis(2-cloroetil)etilamina;0.00;oca-l10n-brazil/tipi
29211914;Triclormetina (DCI) (tris(2-cloroetil)amina);0.00;oca-l10n-brazil/tipi
29211915;Dietilamina e seus sais, exceto etansilato (ethamsylate);0.00;oca-l10n-brazil/tipi
29211919;Outros;0.00;oca-l10n-brazil/tipi
29211921;Mono-n-propilamina e seus sais;0.00;oca-l10n-brazil/tipi
29211922;Di-n-propilamina e seus sais;0.00;oca-l10n-brazil/tipi
29211923;Monoisopropilamina e seus sais;0.00;oca-l10n-brazil/tipi
29211924;Di-isopropilamina e seus sais;0.00;oca-l10n-brazil/tipi
29211929;Outros;0.00;oca-l10n-brazil/tipi
29211931;Di-isobutilamina e seus sais;0.00;oca-l10n-brazil/tipi
29211939;Outros;0.00;oca-l10n-brazil/tipi
29211941;Metildialquilaminas;0.00;oca-l10n-brazil/tipi
29211949;Outras;0.00;oca-l10n-brazil/tipi
29211991;Clormetina (DCI) (bis(2-cloroetil)metilamina);0.00;oca-l10n-brazil/tipi
29211992;N,N-Dialquil-2-cloroetilamina, com grupos alquila de C1 a C3, e seus sais protonados;0.00;oca-l10n-brazil/tipi
29211993;Mucato de isometepteno;0.00;oca-l10n-brazil/tipi
29211994;N,N-Dimetilcetilamina;0.00;oca-l10n-brazil/tipi
29211999;Outros;0.00;oca-l10n-brazil/tipi
29212100;Etilenodiamina e seus sais;0.00;oca-l10n-brazil/tipi
29212200;Hexametilenodiamina e seus sais;0.00;oca-l10n-brazil/tipi
29212910;Dietilenotriamina e seus sais;0.00;oca-l10n-brazil/tipi
29212920;Trietilenotetramina e seus sais;0.00;oca-l10n-brazil/tipi
29212990;Outros;0.00;oca-l10n-brazil/tipi
29213011;Monocicloexilamina e seus sais;0.00;oca-l10n-brazil/tipi
29213012;Dicicloexilamina;0.00;oca-l10n-brazil/tipi
29213019;Outros;0.00;oca-l10n-brazil/tipi
29213020;Propilexedrina;0.00;oca-l10n-brazil/tipi
29213090;Outros;0.00;oca-l10n-brazil/tipi
29214100;Anilina e seus sais;0.00;oca-l10n-brazil/tipi
29214211;Ácido sulfanílico e seus sais;0.00;oca-l10n-brazil/tipi
29214219;Outros;0.00;oca-l10n-brazil/tipi
29214221;3,4-Dicloroanilina e seus sais;0.00;oca-l10n-brazil/tipi
29214229;Outros;0.00;oca-l10n-brazil/tipi
29214231;4-Nitroanilina;0.00;oca-l10n-brazil/tipi
29214239;Outros;0.00;oca-l10n-brazil/tipi
29214241;5-Cloro-2-nitroanilina;0.00;oca-l10n-brazil/tipi
29214249;Outros;0.00;oca-l10n-brazil/tipi
29214290;Outros;0.00;oca-l10n-brazil/tipi
29214311;o-Toluidina;0.00;oca-l10n-brazil/tipi
29214319;Outros;0.00;oca-l10n-brazil/tipi
29214321;3-Nitro-4-toluidina e seus sais;0.00;oca-l10n-brazil/tipi
29214322;Trifluralina;0.00;oca-l10n-brazil/tipi
29214323;4-Cloro-2-toluidina;0.00;oca-l10n-brazil/tipi
29214329;Outros;0.00;oca-l10n-brazil/tipi
29214410;Difenilamina e seus sais;0.00;oca-l10n-brazil/tipi
29214421;n-Octildifenilamina;0.00;oca-l10n-brazil/tipi
29214422;n-Nonildifenilamina;0.00;oca-l10n-brazil/tipi
29214429;Outros;0.00;oca-l10n-brazil/tipi
29214500;"1-Naftilamina (alfa-naftilamina), 2-naftilamina (beta-naftilamina), e seus derivados; sais destes...";0.00;oca-l10n-brazil/tipi
29214610;Anfetamina e seus sais;0.00;oca-l10n-brazil/tipi
29214620;Benzofetamina e seus sais;0.00;oca-l10n-brazil/tipi
29214630;Dexanfetamina e seus sais;0.00;oca-l10n-brazil/tipi
29214640;Etilanfetamina e seus sais;0.00;oca-l10n-brazil/tipi
29214650;Fencanfamina e seus sais;0.00;oca-l10n-brazil/tipi
29214660;Fentermina e seus sais;0.00;oca-l10n-brazil/tipi
29214670;Lefetamina e seus sais;0.00;oca-l10n-brazil/tipi
29214680;Levanfetamina e seus sais;0.00;oca-l10n-brazil/tipi
29214690;Mefenorex e seus sais;0.00;oca-l10n-brazil/tipi
29214910;Cloridrato de fenfluramina;0.00;oca-l10n-brazil/tipi
29214921;2,4-Xilidina e seus sais;0.00;oca-l10n-brazil/tipi
29214922;Pendimetalina;0.00;oca-l10n-brazil/tipi
29214929;Outros;0.00;oca-l10n-brazil/tipi
29214931;Sulfato de tranilcipromina;0.00;oca-l10n-brazil/tipi
29214939;Outros;0.00;oca-l10n-brazil/tipi
29214990;Outros;0.00;oca-l10n-brazil/tipi
29215111;m-Fenilenodiamina e seus sais;0.00;oca-l10n-brazil/tipi
29215112;Diaminotoluenos (toluilenodiaminas);0.00;oca-l10n-brazil/tipi
29215119;Outros;0.00;oca-l10n-brazil/tipi
29215120;"Derivados sulfonados das fenilenodiaminas e de seus derivados; sais destes produtos";0.00;oca-l10n-brazil/tipi
29215131;N,N'-Di-sec-butil-p-fenilenodiamina;0.00;oca-l10n-brazil/tipi
29215132;N-Isopropil-N'-fenil-p-fenilenodiamina;0.00;oca-l10n-brazil/tipi
29215133;N-(1,3-Dimetilbutil)-N'-fenil-p-fenilenodiamina;0.00;oca-l10n-brazil/tipi
29215134;N-(1,4-Dimetilpentil)-N'-fenil-p-fenilenodiamina;0.00;oca-l10n-brazil/tipi
29215135;N-Fenil-p-fenilenodiamina (4-aminodifenilamina) e seus sais;0.00;oca-l10n-brazil/tipi
29215139;Outros;0.00;oca-l10n-brazil/tipi
29215190;Outros;0.00;oca-l10n-brazil/tipi
29215911;3,3'-Diclorobenzidina;0.00;oca-l10n-brazil/tipi
29215919;Outros;0.00;oca-l10n-brazil/tipi
29215921;4,4'-Diaminodifenilmetano;0.00;oca-l10n-brazil/tipi
29215929;Outros;0.00;oca-l10n-brazil/tipi
29215931;4,4'-Diaminodifenilamina e seus sais;0.00;oca-l10n-brazil/tipi
29215932;Ácido 4,4'-diaminodifenilamino-2-sulfônico e seus sais;0.00;oca-l10n-brazil/tipi
29215939;Outros;0.00;oca-l10n-brazil/tipi
29215990;Outros;0.00;oca-l10n-brazil/tipi
29221100;Monoetanolamina e seus sais;0.00;oca-l10n-brazil/tipi
29221200;Dietanolamina e seus sais;0.00;oca-l10n-brazil/tipi
29221400;Dextropropoxifeno (DCI) e seus sais;0.00;oca-l10n-brazil/tipi
29221500;Trietanolamina;0.00;oca-l10n-brazil/tipi
29221600;Perfluoroctanossulfonato de dietanolamônio;0.00;oca-l10n-brazil/tipi
29221700;Metildietanolamina e etildietanolamina;0.00;oca-l10n-brazil/tipi
29221800;2-(N,N-di-isopropilamino)etanol;0.00;oca-l10n-brazil/tipi
29221911;Monoisopropanolamina;0.00;oca-l10n-brazil/tipi
29221912;2,4-Diclorofenoxiacetato de triisopropanolamina;0.00;oca-l10n-brazil/tipi
29221913;2,4-Diclorofenoxiacetato de dimetilpropanolamina;0.00;oca-l10n-brazil/tipi
29221919;Outros;0.00;oca-l10n-brazil/tipi
29221921;Citrato;0.00;oca-l10n-brazil/tipi
29221929;Outros;0.00;oca-l10n-brazil/tipi
29221931;Cloridrato;0.00;oca-l10n-brazil/tipi
29221939;Outros;0.00;oca-l10n-brazil/tipi
29221941;Cloridrato;0.00;oca-l10n-brazil/tipi
29221949;Outros;0.00;oca-l10n-brazil/tipi
29221951;N,N-Dimetil-2-aminoetanol e seus sais protonados;0.00;oca-l10n-brazil/tipi
29221952;N,N-Dietil-2-aminoetanol e seus sais protonados;0.00;oca-l10n-brazil/tipi
29221959;Outros;0.00;oca-l10n-brazil/tipi
29221971;Cloridrato;0.00;oca-l10n-brazil/tipi
29221979;Outros;0.00;oca-l10n-brazil/tipi
29221981;Tartarato;0.00;oca-l10n-brazil/tipi
29221989;Outros;0.00;oca-l10n-brazil/tipi
29221991;1-p-Nitrofenil-2-amino-1,3-propanodiol;0.00;oca-l10n-brazil/tipi
29221992;Fumarato de benciclano;0.00;oca-l10n-brazil/tipi
29221993;Clembuterol (clenbuterol) e seu cloridrato;0.00;oca-l10n-brazil/tipi
29221994;Mirtecaína;0.00;oca-l10n-brazil/tipi
29221995;Tamoxifen e seu citrato;0.00;oca-l10n-brazil/tipi
29221996;Propranolol e seus sais;0.00;oca-l10n-brazil/tipi
29221999;Outros;0.00;oca-l10n-brazil/tipi
29222100;Ácidos aminohidroxinaftalenossulfônicos e seus sais;0.00;oca-l10n-brazil/tipi
29222911;p-Aminofenol;0.00;oca-l10n-brazil/tipi
29222919;Outros;0.00;oca-l10n-brazil/tipi
29222920;Nitroanisidinas e seus sais;0.00;oca-l10n-brazil/tipi
29222990;Outros;0.00;oca-l10n-brazil/tipi
29223111;Anfepramona;0.00;oca-l10n-brazil/tipi
29223112;Sais;0.00;oca-l10n-brazil/tipi
29223120;Metadona e seus sais;0.00;oca-l10n-brazil/tipi
29223130;Normetadona e seus sais;0.00;oca-l10n-brazil/tipi
29223910;Aminoantraquinonas e seus sais;0.00;oca-l10n-brazil/tipi
29223921;Cloridrato;0.00;oca-l10n-brazil/tipi
29223929;Outros;0.00;oca-l10n-brazil/tipi
29223990;Outros;0.00;oca-l10n-brazil/tipi
29224110;Lisina;0.00;oca-l10n-brazil/tipi
29224190;Outros;0.00;oca-l10n-brazil/tipi
29224210;Ácido glutâmico;0.00;oca-l10n-brazil/tipi
29224220;Sais;0.00;oca-l10n-brazil/tipi
29224300;Ácido antranílico e seus sais;0.00;oca-l10n-brazil/tipi
29224410;Tilidina;0.00;oca-l10n-brazil/tipi
29224420;Sais;0.00;oca-l10n-brazil/tipi
29224910;Glicina e seus sais;0.00;oca-l10n-brazil/tipi
29224920;Ácido etilenodiaminotetracético (EDTA) e seus sais;0.00;oca-l10n-brazil/tipi
29224931;Ácido iminodiacético;0.00;oca-l10n-brazil/tipi
29224932;Sais;0.00;oca-l10n-brazil/tipi
29224940;Ácido dietilenotriaminopentacético e seus sais;0.00;oca-l10n-brazil/tipi
29224951;alfa-Fenilglicina;0.00;oca-l10n-brazil/tipi
29224952;Cloridrato de cloreto de D(-)alfa-aminobenzenoacetila;0.00;oca-l10n-brazil/tipi
29224959;Outros;0.00;oca-l10n-brazil/tipi
29224961;Diclofenaco de sódio;0.00;oca-l10n-brazil/tipi
29224962;Diclofenaco de potássio;0.00;oca-l10n-brazil/tipi
29224963;Diclofenaco de dietilamônio;0.00;oca-l10n-brazil/tipi
29224964;Diclofenaco;0.00;oca-l10n-brazil/tipi
29224969;Outros;0.00;oca-l10n-brazil/tipi
29224990;Outros;0.00;oca-l10n-brazil/tipi
29225011;Cloridrato;0.00;oca-l10n-brazil/tipi
29225019;Outros;0.00;oca-l10n-brazil/tipi
29225031;Levodopa;0.00;oca-l10n-brazil/tipi
29225032;Metildopa;0.00;oca-l10n-brazil/tipi
29225039;Outros;0.00;oca-l10n-brazil/tipi
29225091;N-(1-(Metoxicarbonil)propen-2-il)-alfa-amino-p-hidroxifenilacetato de sódio (NAPOH);0.00;oca-l10n-brazil/tipi
29225099;Outros;0.00;oca-l10n-brazil/tipi
29231000;Colina e seus sais;0.00;oca-l10n-brazil/tipi
29232000;Lecitinas e outros fosfoaminolipídios;0.00;oca-l10n-brazil/tipi
29233000;Perfluoroctanossulfonato de tetraetilamônio;0.00;oca-l10n-brazil/tipi
29234000;Perfluoroctanossulfonato de didecildimetilamônio;0.00;oca-l10n-brazil/tipi
29239010;Betaína e seus sais;0.00;oca-l10n-brazil/tipi
29239020;Derivados da colina;0.00;oca-l10n-brazil/tipi
29239030;Cloreto de 3-cloro-2-hidroxipropiltrimetilamônio;0.00;oca-l10n-brazil/tipi
29239040;Halogenetos de alquil-trimetilamônio, com grupo alquila de C6 a C22;0.00;oca-l10n-brazil/tipi
29239050;Halogenetos de dialquil-dimetilamônio ou de alquil-benzil-dimetilamônio, com grupo alquila de C6...;0.00;oca-l10n-brazil/tipi
29239060;Halogenetos de pentametil-alquil-propilenodiamônio, com grupo alquila de C6 a C22;0.00;oca-l10n-brazil/tipi
29239090;Outros;0.00;oca-l10n-brazil/tipi
29241100;Meprobamato (DCI);0.00;oca-l10n-brazil/tipi
29241210;Fluoracetamida;0.00;oca-l10n-brazil/tipi
29241220;Fosfamidona;0.00;oca-l10n-brazil/tipi
29241230;Monocrotofós;0.00;oca-l10n-brazil/tipi
29241911;2-Cloro-N-metilacetoacetamida;0.00;oca-l10n-brazil/tipi
29241919;Outros;0.00;oca-l10n-brazil/tipi
29241921;N-Metilformamida;0.00;oca-l10n-brazil/tipi
29241922;N,N-Dimetilformamida;0.00;oca-l10n-brazil/tipi
29241929;Outras;0.00;oca-l10n-brazil/tipi
29241931;Acrilamida;0.00;oca-l10n-brazil/tipi
29241932;Metacrilamidas;0.00;oca-l10n-brazil/tipi
29241939;Outros;0.00;oca-l10n-brazil/tipi
29241942;Dicrotofós;0.00;oca-l10n-brazil/tipi
29241949;Outros;0.00;oca-l10n-brazil/tipi
29241991;N,N'-Dimetilureia;0.00;oca-l10n-brazil/tipi
29241992;Carisoprodol;0.00;oca-l10n-brazil/tipi
29241993;N,N'-(Diestearoil)etilenodiamina (N,N'-etilen-bis-estearamida);0.00;oca-l10n-brazil/tipi
29241994;Dietanolamidas de ácidos graxos (gordos) de C12 a C18;0.00;oca-l10n-brazil/tipi
29241999;Outros;0.00;oca-l10n-brazil/tipi
29242111;Hexanitrocarbanilidas;0.00;oca-l10n-brazil/tipi
29242119;Outros;0.00;oca-l10n-brazil/tipi
29242120;Diuron;0.00;oca-l10n-brazil/tipi
29242190;Outros;0.00;oca-l10n-brazil/tipi
29242300;Ácido 2-acetamidobenzoico (ácido N-acetilantranílico) e seus sais;0.00;oca-l10n-brazil/tipi
29242400;Etinamato (DCI);0.00;oca-l10n-brazil/tipi
29242500;Alaclor (ISO);0.00;oca-l10n-brazil/tipi
29242911;Acetanilida;0.00;oca-l10n-brazil/tipi
29242912;4-Aminoacetanilida;0.00;oca-l10n-brazil/tipi
29242913;Acetaminofen (paracetamol);0.00;oca-l10n-brazil/tipi
29242914;Lidocaína e seu cloridrato;0.00;oca-l10n-brazil/tipi
29242915;2,5-Dimetoxiacetanilida;0.00;oca-l10n-brazil/tipi
29242919;Outros;0.00;oca-l10n-brazil/tipi
29242920;"Anilidas dos ácidos hidroxinaftoicos e seus derivados; sais destes produtos";0.00;oca-l10n-brazil/tipi
29242931;Carbaril;0.00;oca-l10n-brazil/tipi
29242932;Propoxur;0.00;oca-l10n-brazil/tipi
29242939;Outros;0.00;oca-l10n-brazil/tipi
29242941;Teclozam;0.00;oca-l10n-brazil/tipi
29242943;"Atenolol; metolaclor";0.00;oca-l10n-brazil/tipi
29242944;Ácido ioxáglico;0.00;oca-l10n-brazil/tipi
29242945;Iodamida;0.00;oca-l10n-brazil/tipi
29242946;Cloreto do ácido p-acetamidobenzenossulfônico;0.00;oca-l10n-brazil/tipi
29242947;Ácido ioxitalâmico;0.00;oca-l10n-brazil/tipi
29242949;Outros;0.00;oca-l10n-brazil/tipi
29242951;Bromoprida;0.00;oca-l10n-brazil/tipi
29242952;Metoclopramida e seu cloridrato;0.00;oca-l10n-brazil/tipi
29242959;Outros;0.00;oca-l10n-brazil/tipi
29242961;Propanil;0.00;oca-l10n-brazil/tipi
29242962;Flutamida;0.00;oca-l10n-brazil/tipi
29242963;Prilocaína e seu cloridrato;0.00;oca-l10n-brazil/tipi
29242964;Iobitridol;0.00;oca-l10n-brazil/tipi
29242969;Outros;0.00;oca-l10n-brazil/tipi
29242991;Aspartame;0.00;oca-l10n-brazil/tipi
29242992;Diflubenzurom;0.00;oca-l10n-brazil/tipi
29242993;Metalaxil;0.00;oca-l10n-brazil/tipi
29242994;Triflumurom;0.00;oca-l10n-brazil/tipi
29242995;Buclosamida;0.00;oca-l10n-brazil/tipi
29242996;Benzoato de denatônio;0.00;oca-l10n-brazil/tipi
29242999;Outros;0.00;oca-l10n-brazil/tipi
29251100;Sacarina e seus sais;0.00;oca-l10n-brazil/tipi
29251200;Glutetimida (DCI);0.00;oca-l10n-brazil/tipi
29251910;Talidomida;0.00;oca-l10n-brazil/tipi
29251990;Outros;0.00;oca-l10n-brazil/tipi
29252100;Clordimeforme (ISO);0.00;oca-l10n-brazil/tipi
29252911;Aspartato de L-arginina;0.00;oca-l10n-brazil/tipi
29252919;Outros;0.00;oca-l10n-brazil/tipi
29252921;Guanidina;0.00;oca-l10n-brazil/tipi
29252922;N,N'-Difenilguanidina;0.00;oca-l10n-brazil/tipi
29252923;Clorexidina e seus sais;0.00;oca-l10n-brazil/tipi
29252929;Outros;0.00;oca-l10n-brazil/tipi
29252930;Amitraz;0.00;oca-l10n-brazil/tipi
29252940;Isetionato de pentamidina;0.00;oca-l10n-brazil/tipi
29252950;N-(3,7-Dimetil-7-hidroxioctilideno)antranilato de metila;0.00;oca-l10n-brazil/tipi
29252990;Outros;0.00;oca-l10n-brazil/tipi
29261000;Acrilonitrila;0.00;oca-l10n-brazil/tipi
29262000;1-Cianoguanidina (diciandiamida);0.00;oca-l10n-brazil/tipi
29263011;Fenproporex;0.00;oca-l10n-brazil/tipi
29263012;Sais;0.00;oca-l10n-brazil/tipi
29263020;Intermediário da metadona;0.00;oca-l10n-brazil/tipi
29264000;alfa-Fenilacetoacetonitrila;0.00;oca-l10n-brazil/tipi
29269011;Verapamil;0.00;oca-l10n-brazil/tipi
29269012;Cloridrato;0.00;oca-l10n-brazil/tipi
29269019;Outros;0.00;oca-l10n-brazil/tipi
29269021;Álcool alfa-ciano-3-fenoxibenzílico;0.00;oca-l10n-brazil/tipi
29269022;Ciflutrina;0.00;oca-l10n-brazil/tipi
29269023;Cipermetrina;0.00;oca-l10n-brazil/tipi
29269024;Deltametrina;0.00;oca-l10n-brazil/tipi
29269025;Fenvalerato;0.00;oca-l10n-brazil/tipi
29269026;Cialotrina (cyhalothrin);0.00;oca-l10n-brazil/tipi
29269029;Outros;0.00;oca-l10n-brazil/tipi
29269030;Sais de intermediário da metadona;0.00;oca-l10n-brazil/tipi
29269091;Adiponitrila (1,4-dicianobutano);0.00;oca-l10n-brazil/tipi
29269092;Cianidrina de acetona (acetona cianidrina);0.00;oca-l10n-brazil/tipi
29269093;Closantel;0.00;oca-l10n-brazil/tipi
29269095;Clorotalonil;0.00;oca-l10n-brazil/tipi
29269096;Cianoacrilatos de etila;0.00;oca-l10n-brazil/tipi
29269099;Outros;0.00;oca-l10n-brazil/tipi
29270010;Compostos diazoicos;0.00;oca-l10n-brazil/tipi
29270021;Azodicarbonamida;0.00;oca-l10n-brazil/tipi
29270029;Outros;0.00;oca-l10n-brazil/tipi
29270030;Compostos azóxicos;0.00;oca-l10n-brazil/tipi
29280011;Metiletilacetoxima;0.00;oca-l10n-brazil/tipi
29280019;Outros;0.00;oca-l10n-brazil/tipi
29280020;Carbidopa;0.00;oca-l10n-brazil/tipi
29280030;2-Hidrazinoetanol;0.00;oca-l10n-brazil/tipi
29280041;Fenilidrazina;0.00;oca-l10n-brazil/tipi
29280042;Derivados;0.00;oca-l10n-brazil/tipi
29280090;Outros;0.00;oca-l10n-brazil/tipi
29291010;Di-isocianato de difenilmetano;0.00;oca-l10n-brazil/tipi
29291021;Mistura de isômeros;0.00;oca-l10n-brazil/tipi
29291029;Outros;0.00;oca-l10n-brazil/tipi
29291030;Isocianato de 3,4-diclorofenila;0.00;oca-l10n-brazil/tipi
29291090;Outros;0.00;oca-l10n-brazil/tipi
29299011;De sódio;0.00;oca-l10n-brazil/tipi
29299012;De cálcio;0.00;oca-l10n-brazil/tipi
29299019;Outros;0.00;oca-l10n-brazil/tipi
29299031;Dicloreto de N,N-dimetilfosforoamídico;;sem-ipi-na-fonte
29299039;Outros;;sem-ipi-na-fonte
29299040;N,N-Dialquilfosforoamidatos de dialquila, com grupos alquila de C1 a C3;;sem-ipi-na-fonte
29299050;Fosfonamidofluoridatos de N-(1-(dialquila (de até C10, incluindo cicloalquila)amino))alquilideno...;;sem-ipi-na-fonte
29299060;Fosforamidofluoridatos de O-alquila (H ou de até C10, incluindo cicloalquila) N-(1-(dialquila (de...;;sem-ipi-na-fonte
29299090;Outros;0.00;oca-l10n-brazil/tipi
29301000;2-(N,N-Dimetilamino)etanotiol;0.00;oca-l10n-brazil/tipi
29302011;EPTC;0.00;oca-l10n-brazil/tipi
29302012;Cartap;0.00;oca-l10n-brazil/tipi
29302013;Tiobencarb (dietiltiocarbamato de S-4-clorobenzila);0.00;oca-l10n-brazil/tipi
29302019;Outros;0.00;oca-l10n-brazil/tipi
29302021;"Ziram; dimetilditiocarbamato de sódio";0.00;oca-l10n-brazil/tipi
29302022;Dietilditiocarbamato de zinco;0.00;oca-l10n-brazil/tipi
29302023;Dibutilditiocarbamato de zinco;0.00;oca-l10n-brazil/tipi
29302024;Metam sódio;0.00;oca-l10n-brazil/tipi
29302029;Outros;0.00;oca-l10n-brazil/tipi
29303011;De tetrametiltiourama;0.00;oca-l10n-brazil/tipi
29303012;Sulfiram;0.00;oca-l10n-brazil/tipi
29303019;Outros;0.00;oca-l10n-brazil/tipi
29303021;Thiram;0.00;oca-l10n-brazil/tipi
29303022;Dissulfiram;0.00;oca-l10n-brazil/tipi
29303029;Outros;0.00;oca-l10n-brazil/tipi
29303090;Outros;0.00;oca-l10n-brazil/tipi
29304010;DL-Metionina, com um teor de cinzas sulfatadas superior a 0,1 %, em peso;0.00;oca-l10n-brazil/tipi
29304090;Outra;0.00;oca-l10n-brazil/tipi
29306000;2-(N,N-Dietilamino)etanotiol;0.00;oca-l10n-brazil/tipi
29307000;Sulfeto de bis(2-hidroxietila) (tiodiglicol (DCI));0.00;oca-l10n-brazil/tipi
29308010;Aldicarb;0.00;oca-l10n-brazil/tipi
29308020;Captafol;0.00;oca-l10n-brazil/tipi
29308030;Metamidofós;0.00;oca-l10n-brazil/tipi
29309011;Ácido tioglicólico e seus sais;0.00;oca-l10n-brazil/tipi
29309012;Cisteína;0.00;oca-l10n-brazil/tipi
29309013;N,N-Dialquil-2-aminoetanotiol, com grupos alquila de C1 a C3, e seus sais protonados;0.00;oca-l10n-brazil/tipi
29309019;Outros;0.00;oca-l10n-brazil/tipi
29309021;Tioureia;0.00;oca-l10n-brazil/tipi
29309022;Tiofanato-Metila;0.00;oca-l10n-brazil/tipi
29309023;4-Metil-3-tiosemicarbazida;0.00;oca-l10n-brazil/tipi
29309029;Outros;0.00;oca-l10n-brazil/tipi
29309031;2-(Etiltio)etanol, com uma concentração igual ou superior a 98 %, em peso;0.00;oca-l10n-brazil/tipi
29309032;3-(Metiltio)propanal;0.00;oca-l10n-brazil/tipi
29309033;Clorotioformiato de S-etila;0.00;oca-l10n-brazil/tipi
29309034;Ácido 2-hidroxi-4-(metiltio)butanoico e seu sal cálcico;0.00;oca-l10n-brazil/tipi
29309035;Metomil;0.00;oca-l10n-brazil/tipi
29309036;Carbocisteína;0.00;oca-l10n-brazil/tipi
29309037;"4-Sulfatoetilsulfonil-2,5-dimetoxianilina; 4-sulfatoetilsulfonil-2-metoxi-5-metilanilina; 4-sulfa...";0.00;oca-l10n-brazil/tipi
29309039;Outros;0.00;oca-l10n-brazil/tipi
29309041;Fosforotioato de O,O-dietila e de S-[2-(dietilamino)etila] e seus sais alquilados ou protonados;0.00;oca-l10n-brazil/tipi
29309042;Fosforotioato de O,O-dimetila e de S-[2-(1-metilcarbamoiletiltio)-etila)] (vamidotion);0.00;oca-l10n-brazil/tipi
29309043;Fosforotioato de O-(4-bromo-2-clorofenila) O-etila e de S-propila (profenofós);0.00;oca-l10n-brazil/tipi
29309049;Outros;0.00;oca-l10n-brazil/tipi
29309051;"Forato (ISO); terbufós (ISO)";0.00;oca-l10n-brazil/tipi
29309052;Dissulfoton;0.00;oca-l10n-brazil/tipi
29309053;Etion;0.00;oca-l10n-brazil/tipi
29309054;Dimetoato;0.00;oca-l10n-brazil/tipi
29309057;Fosforoditioato de O,O-dimetila e de S-[2-(etiltio)etila] (tiometon);0.00;oca-l10n-brazil/tipi
29309059;Outros;0.00;oca-l10n-brazil/tipi
29309061;Acefato;0.00;oca-l10n-brazil/tipi
29309069;Outros;0.00;oca-l10n-brazil/tipi
29309071;Tiaprida;0.00;oca-l10n-brazil/tipi
29309072;Bicalutamida;0.00;oca-l10n-brazil/tipi
29309079;Outras;0.00;oca-l10n-brazil/tipi
29309081;Sulfeto de 2-cloroetila e de clorometila;0.00;oca-l10n-brazil/tipi
29309082;Sulfeto de bis(2-cloroetila);0.00;oca-l10n-brazil/tipi
29309083;Bis(2-cloroetiltio)metano;0.00;oca-l10n-brazil/tipi
29309084;1,2-Bis(2-cloroetiltio)etano;0.00;oca-l10n-brazil/tipi
29309085;1,3-Bis(2-cloroetiltio)-n-propano;0.00;oca-l10n-brazil/tipi
29309086;1,4-Bis(2-cloroetiltio)-n-butano;0.00;oca-l10n-brazil/tipi
29309087;1,5-Bis(2-cloroetiltio)-n-pentano;0.00;oca-l10n-brazil/tipi
29309088;Óxido de bis(2-cloroetiltiometila);0.00;oca-l10n-brazil/tipi
29309089;Óxido de bis(2-cloroetiltioetila);0.00;oca-l10n-brazil/tipi
29309091;Captan;0.00;oca-l10n-brazil/tipi
29309093;Metileno-bis-tiocianato;0.00;oca-l10n-brazil/tipi
29309094;Dimetiltiofosforamida;0.00;oca-l10n-brazil/tipi
29309095;Etilditiofosfonato de O-etila e de S-fenila (fonofós);0.00;oca-l10n-brazil/tipi
29309096;Hidrogênio alquil(de C1 a C3)fosfonotioatos de [S-2-(dialquil(de C1 a C3)amino)etila], seus éster...;0.00;oca-l10n-brazil/tipi
29309097;Outros compostos que contenham um átomo de fósforo ligado a um grupo alquila (de C1 a C3) mas sem...;0.00;oca-l10n-brazil/tipi
29309098;Ditiocarbonatos (xantatos e xantogenatos);0.00;oca-l10n-brazil/tipi
29309099;Outros;0.00;oca-l10n-brazil/tipi
29311000;Tetrametila de chumbo e tetraetila de chumbo;0.00;oca-l10n-brazil/tipi
29312000;Compostos de tributilestanho;0.00;oca-l10n-brazil/tipi
29314100;Metilfosfonato de dimetila;0.00;oca-l10n-brazil/tipi
29314200;Propilfosfonato de dimetila;0.00;oca-l10n-brazil/tipi
29314300;Etilfosfonato de dietila;0.00;oca-l10n-brazil/tipi
29314400;Ácido metilfosfônico;0.00;oca-l10n-brazil/tipi
29314500;Sal do ácido metilfosfônico e de (aminoiminometil)ureia (1:1);0.00;oca-l10n-brazil/tipi
29314600;2,4,6-Trióxido de 2,4,6-tripropil-1,3,5,2,4,6-trioxatrifosfinano;0.00;oca-l10n-brazil/tipi
29314700;Metilfosfonato de (5-etil-2-metil-2-óxido-1,3,2-dioxafosfinan-5-il)metil metila;0.00;oca-l10n-brazil/tipi
29314800;3,9-Dióxido de 3,9-dimetil-2,4,8,10-tetraoxa-3,9-difosfaspiro[5.5]undecano;0.00;oca-l10n-brazil/tipi
29314911;"Ácido fosfonometiliminodiacético; ácido aminotrimetilenofosfônico";0.00;oca-l10n-brazil/tipi
29314912;Difenilfosfonato(4,4'-bis((dimetoxifosfinil)metil)difenila);0.00;oca-l10n-brazil/tipi
29314913;Etidronato dissódico;0.00;oca-l10n-brazil/tipi
29314914;Glifosato e seu sal de monoisopropilamina;0.00;oca-l10n-brazil/tipi
29314915;Glufosinato de amônio;0.00;oca-l10n-brazil/tipi
29314916;Hidrogenofosfonato de bis(2-etilexilo);0.00;oca-l10n-brazil/tipi
29314920;Hidrogênio alquil(de C1 a C3)fosfonitos de [O-2-(dialquil(de C1 a C3)amino)etila], seus ésteres d...;0.00;oca-l10n-brazil/tipi
29314931;Metilfosfinato de butila;;sem-ipi-na-fonte
29314932;Metilfosfonato de bis(1-metilpentila);;sem-ipi-na-fonte
29314939;Outros;;sem-ipi-na-fonte
29314940;N,N-Dialquil(de C1 a C3)fosforoamidocianidatos de O-alquila (de até C10, incluindo os cicloalquila);0.00;oca-l10n-brazil/tipi
29314990;Outros;0.00;oca-l10n-brazil/tipi
29315100;Dicloreto metilfosfônico;0.00;oca-l10n-brazil/tipi
29315200;Dicloreto propilfosfônico;0.00;oca-l10n-brazil/tipi
29315300;Metilfosfonotionato de O-(3-cloropropil) O-[4-nitro-3-(trifluorometil)fenila];0.00;oca-l10n-brazil/tipi
29315400;Triclorfom (ISO);0.00;oca-l10n-brazil/tipi
29315911;Ácido clodrônico e seu sal dissódico;0.00;oca-l10n-brazil/tipi
29315912;Etefon;0.00;oca-l10n-brazil/tipi
29315913;Fotemustina;0.00;oca-l10n-brazil/tipi
29315991;Alquil(de C1 a C3)fosfonofluoridatos de O-alquila (de até C10, incluindo os cicloalquila);0.00;oca-l10n-brazil/tipi
29315992;Metilfosfonocloridato de O-isopropila;0.00;oca-l10n-brazil/tipi
29315993;Metilfosfonocloridato de O-pinacolila;0.00;oca-l10n-brazil/tipi
29315994;Difluoreto de alquilfosfonila, com grupo alquila de C1 a C3;0.00;oca-l10n-brazil/tipi
29315995;Fosfonamidofluoridatos de P-alquila (de até C10, incluindo cicloalquila) N-(1-(dialquila (de até...;;sem-ipi-na-fonte
29315996;(Bis(dietilamina)metileno)fosfonamidofluoridato de metila;;sem-ipi-na-fonte
29315998;Outros compostos que contenham um átomo de fósforo ligado a um grupo alquila (de C1 a C3) mas sem...;;sem-ipi-na-fonte
29315999;Outros;0.00;oca-l10n-brazil/tipi
29319021;Bis(trimetilsilil)ureia;0.00;oca-l10n-brazil/tipi
29319029;Outros;0.00;oca-l10n-brazil/tipi
29319041;Acetato de trifenilestanho;0.00;oca-l10n-brazil/tipi
29319042;Tetraoctilestanho;0.00;oca-l10n-brazil/tipi
29319043;Ciexatin;0.00;oca-l10n-brazil/tipi
29319044;Hidróxido de trifenilestanho;0.00;oca-l10n-brazil/tipi
29319045;Óxido de fembutatina;0.00;oca-l10n-brazil/tipi
29319046;Sais de dimetil-estanho, de dibutil-estanho e de dioctil-estanho, dos ácidos carboxílicos ou tiog...;0.00;oca-l10n-brazil/tipi
29319049;Outros;0.00;oca-l10n-brazil/tipi
29319051;Ácido metilarsínico e seus sais;0.00;oca-l10n-brazil/tipi
29319052;2-Clorovinil-dicloroarsina;0.00;oca-l10n-brazil/tipi
29319053;Bis(2-clorovinil)cloroarsina;0.00;oca-l10n-brazil/tipi
29319054;Tris(2-clorovinil)arsina;0.00;oca-l10n-brazil/tipi
29319059;Outros;0.00;oca-l10n-brazil/tipi
29319061;Tricloreto de etilalumínio (sesquicloreto de etilalumínio);0.00;oca-l10n-brazil/tipi
29319062;Cloreto de dietilalumínio;0.00;oca-l10n-brazil/tipi
29319069;Outros;0.00;oca-l10n-brazil/tipi
29319090;Outros;0.00;oca-l10n-brazil/tipi
29321100;Tetra-hidrofurano;0.00;oca-l10n-brazil/tipi
29321200;2-Furaldeído (furfural);0.00;oca-l10n-brazil/tipi
29321310;Álcool furfurílico;0.00;oca-l10n-brazil/tipi
29321320;Álcool tetra-hidrofurfurílico;0.00;oca-l10n-brazil/tipi
29321400;Sucralose;0.00;oca-l10n-brazil/tipi
29321910;Ranitidina e seus sais;0.00;oca-l10n-brazil/tipi
29321920;Nafronil;0.00;oca-l10n-brazil/tipi
29321930;Nitrovin;0.00;oca-l10n-brazil/tipi
29321940;Bioresmetrina;0.00;oca-l10n-brazil/tipi
29321950;Diacetato de 5-nitrofurfurilideno (NFDA);0.00;oca-l10n-brazil/tipi
29321990;Outros;0.00;oca-l10n-brazil/tipi
29322000;Lactonas;0.00;oca-l10n-brazil/tipi
29329100;Isosafrol;0.00;oca-l10n-brazil/tipi
29329200;1-(1,3-Benzodioxol-5-il)propan-2-ona;0.00;oca-l10n-brazil/tipi
29329300;Piperonal;0.00;oca-l10n-brazil/tipi
29329400;Safrol;0.00;oca-l10n-brazil/tipi
29329500;Tetra-hidrocanabinóis (todos os isômeros);0.00;oca-l10n-brazil/tipi
29329600;Carbofurano (ISO);0.00;oca-l10n-brazil/tipi
29329911;Eucaliptol;0.00;oca-l10n-brazil/tipi
29329912;Quercetina;0.00;oca-l10n-brazil/tipi
29329913;Dinitrato de isossorbida;0.00;oca-l10n-brazil/tipi
29329991;Cloridrato de amiodarona;0.00;oca-l10n-brazil/tipi
29329992;1,3,4,6,7,8-Hexaidro-4,6,6,7,8,8-hexametilciclopenta-gama-2-benzopirano;0.00;oca-l10n-brazil/tipi
29329993;Dibenzilideno-sorbitol;0.00;oca-l10n-brazil/tipi
29329994;Carbosulfan ((dibutilaminotio)metilcarbamato de 2,3-di-hidro-2,2-dimetilbenzofuran-7-ila);0.00;oca-l10n-brazil/tipi
29329999;Outros;0.00;oca-l10n-brazil/tipi
29331111;Dipirona;0.00;oca-l10n-brazil/tipi
29331112;Magnopirol (dipirona magnésica);0.00;oca-l10n-brazil/tipi
29331119;Outros;0.00;oca-l10n-brazil/tipi
29331120;Metileno-bis(4-metilamino-1-fenil-2,3-dimetil)pirazolona;0.00;oca-l10n-brazil/tipi
29331190;Outros;0.00;oca-l10n-brazil/tipi
29331911;Fenilbutazona cálcica;0.00;oca-l10n-brazil/tipi
29331919;Outros;0.00;oca-l10n-brazil/tipi
29331990;Outros;0.00;oca-l10n-brazil/tipi
29332110;Iprodiona;0.00;oca-l10n-brazil/tipi
29332121;Fenitoína e seu sal sódico;0.00;oca-l10n-brazil/tipi
29332129;Outros;0.00;oca-l10n-brazil/tipi
29332190;Outros;0.00;oca-l10n-brazil/tipi
29332911;2-Metil-5-nitroimidazol;0.00;oca-l10n-brazil/tipi
29332912;Metronidazol e seus sais;0.00;oca-l10n-brazil/tipi
29332913;Tinidazol;0.00;oca-l10n-brazil/tipi
29332919;Outros;0.00;oca-l10n-brazil/tipi
29332921;Econazol e seu nitrato;0.00;oca-l10n-brazil/tipi
29332922;Nitrato de miconazol;0.00;oca-l10n-brazil/tipi
29332923;Cloridrato de clonidina;0.00;oca-l10n-brazil/tipi
29332924;Nitrato de isoconazol;0.00;oca-l10n-brazil/tipi
29332925;Clotrimazol;0.00;oca-l10n-brazil/tipi
29332929;Outros;0.00;oca-l10n-brazil/tipi
29332930;Cimetidina e seus sais;0.00;oca-l10n-brazil/tipi
29332940;4-Metil-5-hidroximetilimidazol e seus sais;0.00;oca-l10n-brazil/tipi
29332991;Imidazol;0.00;oca-l10n-brazil/tipi
29332992;Histidina e seus sais;0.00;oca-l10n-brazil/tipi
29332993;Ondansetron e seus sais;0.00;oca-l10n-brazil/tipi
29332994;1-Hidroxietil-2-undecanoilimidazolina;0.00;oca-l10n-brazil/tipi
29332995;1-Hidroxietil-2-(8-heptadecenoil)imidazolina;0.00;oca-l10n-brazil/tipi
29332999;Outros;0.00;oca-l10n-brazil/tipi
29333110;Piridina;0.00;oca-l10n-brazil/tipi
29333120;Sais;0.00;oca-l10n-brazil/tipi
29333200;Piperidina e seus sais;0.00;oca-l10n-brazil/tipi
29333311;Alfentanila;0.00;oca-l10n-brazil/tipi
29333312;Anileridina;0.00;oca-l10n-brazil/tipi
29333319;Outros;0.00;oca-l10n-brazil/tipi
29333321;Bezitramida;0.00;oca-l10n-brazil/tipi
29333322;Bromazepam;0.00;oca-l10n-brazil/tipi
29333329;Outros;0.00;oca-l10n-brazil/tipi
29333331;Carfentanila;0.00;oca-l10n-brazil/tipi
29333332;Cetobemidona;0.00;oca-l10n-brazil/tipi
29333339;Outros;0.00;oca-l10n-brazil/tipi
29333341;Difenoxilato;0.00;oca-l10n-brazil/tipi
29333342;Cloridrato de difenoxilato;0.00;oca-l10n-brazil/tipi
29333349;Outros;0.00;oca-l10n-brazil/tipi
29333351;Difenoxina;0.00;oca-l10n-brazil/tipi
29333352;Dipipanona;0.00;oca-l10n-brazil/tipi
29333359;Outros;0.00;oca-l10n-brazil/tipi
29333361;Fenciclidina;0.00;oca-l10n-brazil/tipi
29333362;Fenoperidina;0.00;oca-l10n-brazil/tipi
29333363;Fentanila;0.00;oca-l10n-brazil/tipi
29333369;Outros;0.00;oca-l10n-brazil/tipi
29333371;Metilfenidato;0.00;oca-l10n-brazil/tipi
29333372;Pentazocina;0.00;oca-l10n-brazil/tipi
29333379;Outros;0.00;oca-l10n-brazil/tipi
29333381;Petidina;0.00;oca-l10n-brazil/tipi
29333382;Intermediário A da petidina;0.00;oca-l10n-brazil/tipi
29333383;Pipradrol;0.00;oca-l10n-brazil/tipi
29333384;Cloridrato de petidina;0.00;oca-l10n-brazil/tipi
29333389;Outros;0.00;oca-l10n-brazil/tipi
29333391;Piritramida;0.00;oca-l10n-brazil/tipi
29333392;Propiram;0.00;oca-l10n-brazil/tipi
29333393;Trimeperidina;0.00;oca-l10n-brazil/tipi
29333394;Remifentanila;0.00;oca-l10n-brazil/tipi
29333399;Outros;0.00;oca-l10n-brazil/tipi
29333400;Outras fentanilas e seus derivados;0.00;oca-l10n-brazil/tipi
29333500;Quinuclidin-3-ol;0.00;oca-l10n-brazil/tipi
29333600;4-Anilino-N-fenetilpiperidina (ANPP);0.00;oca-l10n-brazil/tipi
29333700;N-Fenetil-4-piperidona (NPP);0.00;oca-l10n-brazil/tipi
29333912;Droperidol;0.00;oca-l10n-brazil/tipi
29333913;Ácido niflúmico;0.00;oca-l10n-brazil/tipi
29333914;Haloxifop (ácido (RS)-2-(4-(3-cloro-5-trifluorometil-2-piridiloxi)fenoxi)propiônico);0.00;oca-l10n-brazil/tipi
29333915;Haloperidol;0.00;oca-l10n-brazil/tipi
29333919;Outros;0.00;oca-l10n-brazil/tipi
29333921;Picloram;0.00;oca-l10n-brazil/tipi
29333922;Clorpirifós;0.00;oca-l10n-brazil/tipi
29333923;Malato ácido de cleboprida (malato de cleboprida);0.00;oca-l10n-brazil/tipi
29333924;Cloridrato de loperamida;0.00;oca-l10n-brazil/tipi
29333925;Ácido 2-(2-metil-3-cloroanilino)nicotínico e seu sal de lisina;0.00;oca-l10n-brazil/tipi
29333929;Outros;0.00;oca-l10n-brazil/tipi
29333931;Terfenadina;0.00;oca-l10n-brazil/tipi
29333932;Biperideno e seus sais;0.00;oca-l10n-brazil/tipi
29333933;Ácido isonicotínico;0.00;oca-l10n-brazil/tipi
29333934;5-Etil-2,3-dicarboxipiridina (5-EPDC);0.00;oca-l10n-brazil/tipi
29333935;Imazetapir (ácido (RS)-5-etil-2-(4-isopropil-4-metil-5-oxo-2-imidazolin-2-il)nicotínico);0.00;oca-l10n-brazil/tipi
29333936;Dibrometo de 1-[N,N-dialquila (de até C10) -N-(n-hidroxialquil (de até C10))amônio]-n-[N-(3-dimet...;0.00;oca-l10n-brazil/tipi
29333937;Benzilato de 3-quinuclidinila;0.00;oca-l10n-brazil/tipi
29333939;Outros;0.00;oca-l10n-brazil/tipi
29333941;Dibrometo de 1-[N,N-dialquila (de até C10) -N-(n-(ciano, acetoxi)alquil (de até C10))amônio]-n-[N...;;sem-ipi-na-fonte
29333942;Dibrometo de 1,n-bis[N-(3-dimetilcarbamoxi-alfa-picolil)-N,N-dialquila (de até C10) amônio]-alcan...;;sem-ipi-na-fonte
29333943;Nifedipina;0.00;oca-l10n-brazil/tipi
29333944;Nitrendipina;0.00;oca-l10n-brazil/tipi
29333945;Maleato de pirilamina;0.00;oca-l10n-brazil/tipi
29333946;Omeprazol;0.00;oca-l10n-brazil/tipi
29333948;Nimodipina;0.00;oca-l10n-brazil/tipi
29333949;Outros;0.00;oca-l10n-brazil/tipi
29333981;Cloridrato de benzetimida;0.00;oca-l10n-brazil/tipi
29333982;Cloridrato de mepivacaína;0.00;oca-l10n-brazil/tipi
29333983;Cloridrato de bupivacaína;0.00;oca-l10n-brazil/tipi
29333984;Dicloreto de paraquate;0.00;oca-l10n-brazil/tipi
29333989;Outros;0.00;oca-l10n-brazil/tipi
29333991;Cloridrato de fenazopiridina;0.00;oca-l10n-brazil/tipi
29333992;Isoniazida;0.00;oca-l10n-brazil/tipi
29333993;3-Cianopiridina;0.00;oca-l10n-brazil/tipi
29333994;4,4'-Bipiridina;0.00;oca-l10n-brazil/tipi
29333999;Outros;0.00;oca-l10n-brazil/tipi
29334110;Levorfanol;0.00;oca-l10n-brazil/tipi
29334120;Sais;0.00;oca-l10n-brazil/tipi
29334911;Ácido 2,3-quinolinodicarboxílico;0.00;oca-l10n-brazil/tipi
29334912;Rosoxacina;0.00;oca-l10n-brazil/tipi
29334913;Imazaquin;0.00;oca-l10n-brazil/tipi
29334919;Outros;0.00;oca-l10n-brazil/tipi
29334920;Oxaminiquina;0.00;oca-l10n-brazil/tipi
29334930;Broxiquinolina;0.00;oca-l10n-brazil/tipi
29334940;Ésteres do levorfanol;0.00;oca-l10n-brazil/tipi
29334990;Outros;0.00;oca-l10n-brazil/tipi
29335200;Malonilureia (ácido barbitúrico) e seus sais;0.00;oca-l10n-brazil/tipi
29335311;Alobarbital e seus sais;0.00;oca-l10n-brazil/tipi
29335312;Amobarbital e seus sais;0.00;oca-l10n-brazil/tipi
29335321;Barbital e seus sais;0.00;oca-l10n-brazil/tipi
29335322;Butalbital e seus sais;0.00;oca-l10n-brazil/tipi
29335323;Butobarbital e seus sais;0.00;oca-l10n-brazil/tipi
29335330;Ciclobarbital e seus sais;0.00;oca-l10n-brazil/tipi
29335340;Fenobarbital e seus sais;0.00;oca-l10n-brazil/tipi
29335350;Metilfenobarbital e seus sais;0.00;oca-l10n-brazil/tipi
29335360;Pentobarbital e seus sais;0.00;oca-l10n-brazil/tipi
29335371;Secbutabarbital e seus sais;0.00;oca-l10n-brazil/tipi
29335372;Secobarbital e seus sais;0.00;oca-l10n-brazil/tipi
29335380;Venilbital e seus sais;0.00;oca-l10n-brazil/tipi
29335400;"Outros derivados de malonilureia (ácido barbitúrico); sais destes produtos";0.00;oca-l10n-brazil/tipi
29335510;Loprazolam e seus sais;0.00;oca-l10n-brazil/tipi
29335520;Mecloqualona e seus sais;0.00;oca-l10n-brazil/tipi
29335530;Metaqualona e seus sais;0.00;oca-l10n-brazil/tipi
29335540;Zipeprol e seus sais;0.00;oca-l10n-brazil/tipi
29335911;Oxatomida;0.00;oca-l10n-brazil/tipi
29335912;Praziquantel;0.00;oca-l10n-brazil/tipi
29335913;Norfloxacina e seu nicotinato;0.00;oca-l10n-brazil/tipi
29335914;Flunarizina e seu dicloridrato;0.00;oca-l10n-brazil/tipi
29335915;"Enrofloxacina; sais de piperazina";0.00;oca-l10n-brazil/tipi
29335916;Cloridrato de buspirona;0.00;oca-l10n-brazil/tipi
29335919;Outros;0.00;oca-l10n-brazil/tipi
29335921;Bromacil;0.00;oca-l10n-brazil/tipi
29335922;Terbacil;0.00;oca-l10n-brazil/tipi
29335923;Fluorouracil;0.00;oca-l10n-brazil/tipi
29335929;Outros;0.00;oca-l10n-brazil/tipi
29335931;Propiltiouracil;0.00;oca-l10n-brazil/tipi
29335932;Diazinon;0.00;oca-l10n-brazil/tipi
29335933;Pirazofós;0.00;oca-l10n-brazil/tipi
29335934;Azatioprina;0.00;oca-l10n-brazil/tipi
29335935;6-Mercaptopurina;0.00;oca-l10n-brazil/tipi
29335939;Outros;0.00;oca-l10n-brazil/tipi
29335941;Trimetoprima;0.00;oca-l10n-brazil/tipi
29335942;Aciclovir;0.00;oca-l10n-brazil/tipi
29335943;Tosilatos de dipiridamol;0.00;oca-l10n-brazil/tipi
29335944;Nicarbazina;0.00;oca-l10n-brazil/tipi
29335945;Bissulfito de menadiona dimetilpirimidinol;0.00;oca-l10n-brazil/tipi
29335949;Outros;0.00;oca-l10n-brazil/tipi
29335991;Minoxidil;0.00;oca-l10n-brazil/tipi
29335992;2-Aminopirimidina;0.00;oca-l10n-brazil/tipi
29335999;Outros;0.00;oca-l10n-brazil/tipi
29336100;Melamina;0.00;oca-l10n-brazil/tipi
29336911;2,4,6-Triclorotriazina (cloreto cianúrico);0.00;oca-l10n-brazil/tipi
29336912;Mercaptodiclorotriazina;0.00;oca-l10n-brazil/tipi
29336913;Atrazina;0.00;oca-l10n-brazil/tipi
29336914;Simazina;0.00;oca-l10n-brazil/tipi
29336915;Cianazina;0.00;oca-l10n-brazil/tipi
29336916;Anilazina;0.00;oca-l10n-brazil/tipi
29336919;Outros;0.00;oca-l10n-brazil/tipi
29336921;N,N,N-Triidroxietilexaidrotriazina;0.00;oca-l10n-brazil/tipi
29336922;Hexazinona;0.00;oca-l10n-brazil/tipi
29336923;Metribuzim;0.00;oca-l10n-brazil/tipi
29336929;Outros;0.00;oca-l10n-brazil/tipi
29336991;Ametrina;0.00;oca-l10n-brazil/tipi
29336992;Metenamina e seus sais;0.00;oca-l10n-brazil/tipi
29336999;Outros;0.00;oca-l10n-brazil/tipi
29337100;6-Hexanolactama (épsilon-caprolactama);0.00;oca-l10n-brazil/tipi
29337210;Clobazam;0.00;oca-l10n-brazil/tipi
29337220;Metiprilona;0.00;oca-l10n-brazil/tipi
29337910;Piracetam;0.00;oca-l10n-brazil/tipi
29337990;Outras;0.00;oca-l10n-brazil/tipi
29339111;Alprazolam;0.00;oca-l10n-brazil/tipi
29339112;Camazepam;0.00;oca-l10n-brazil/tipi
29339113;Clonazepam;0.00;oca-l10n-brazil/tipi
29339114;Clorazepato;0.00;oca-l10n-brazil/tipi
29339115;Clordiazepóxido;0.00;oca-l10n-brazil/tipi
29339119;Outros;0.00;oca-l10n-brazil/tipi
29339121;Delorazepam;0.00;oca-l10n-brazil/tipi
29339122;Diazepam;0.00;oca-l10n-brazil/tipi
29339123;Estazolam;0.00;oca-l10n-brazil/tipi
29339129;Outros;0.00;oca-l10n-brazil/tipi
29339131;Fludiazepam;0.00;oca-l10n-brazil/tipi
29339132;Flunitrazepam;0.00;oca-l10n-brazil/tipi
29339133;Flurazepam;0.00;oca-l10n-brazil/tipi
29339134;Halazepam;0.00;oca-l10n-brazil/tipi
29339139;Outros;0.00;oca-l10n-brazil/tipi
29339141;Loflazepato de etila;0.00;oca-l10n-brazil/tipi
29339142;Lorazepam;0.00;oca-l10n-brazil/tipi
29339143;Lormetazepam;0.00;oca-l10n-brazil/tipi
29339149;Outros;0.00;oca-l10n-brazil/tipi
29339151;Mazindol;0.00;oca-l10n-brazil/tipi
29339152;Medazepam;0.00;oca-l10n-brazil/tipi
29339153;Midazolam e seus sais;0.00;oca-l10n-brazil/tipi
29339159;Outros;0.00;oca-l10n-brazil/tipi
29339161;Nimetazepam;0.00;oca-l10n-brazil/tipi
29339162;Nitrazepam;0.00;oca-l10n-brazil/tipi
29339163;Nordazepam;0.00;oca-l10n-brazil/tipi
29339164;Oxazepam;0.00;oca-l10n-brazil/tipi
29339169;Outros;0.00;oca-l10n-brazil/tipi
29339171;Pinazepam;0.00;oca-l10n-brazil/tipi
29339172;Pirovalerona;0.00;oca-l10n-brazil/tipi
29339173;Prazepam;0.00;oca-l10n-brazil/tipi
29339179;Outros;0.00;oca-l10n-brazil/tipi
29339181;Temazepam;0.00;oca-l10n-brazil/tipi
29339182;Tetrazepam;0.00;oca-l10n-brazil/tipi
29339183;Triazolam;0.00;oca-l10n-brazil/tipi
29339189;Outros;0.00;oca-l10n-brazil/tipi
29339200;Azinfós metil (ISO);0.00;oca-l10n-brazil/tipi
29339911;Pirazinamida;0.00;oca-l10n-brazil/tipi
29339912;Cloridrato de amilorida;0.00;oca-l10n-brazil/tipi
29339913;Pindolol;0.00;oca-l10n-brazil/tipi
29339919;Outros;0.00;oca-l10n-brazil/tipi
29339920;Cuja estrutura contém um ciclo diazepina (hidrogenado ou não);0.00;oca-l10n-brazil/tipi
29339931;Dibenzoazepina (iminoestilbeno);0.00;oca-l10n-brazil/tipi
29339932;Carbamazepina;0.00;oca-l10n-brazil/tipi
29339933;Cloridrato de clomipramina;0.00;oca-l10n-brazil/tipi
29339934;Molinate (hexaidroazepin-1-carbotioato de S-etila);0.00;oca-l10n-brazil/tipi
29339935;Hexametilenoimina;0.00;oca-l10n-brazil/tipi
29339939;Outros;0.00;oca-l10n-brazil/tipi
29339941;"Clemastina e seus derivados; sais destes produtos";0.00;oca-l10n-brazil/tipi
29339942;Amisulprida;0.00;oca-l10n-brazil/tipi
29339943;Sultoprida;0.00;oca-l10n-brazil/tipi
29339944;Alizaprida;0.00;oca-l10n-brazil/tipi
29339945;"Buflomedil e seus derivados; sais destes produtos";0.00;oca-l10n-brazil/tipi
29339946;Maleato de enalapril;0.00;oca-l10n-brazil/tipi
29339947;Ketorolac trometamina;0.00;oca-l10n-brazil/tipi
29339949;Outros;0.00;oca-l10n-brazil/tipi
29339951;Benomil;0.00;oca-l10n-brazil/tipi
29339952;Oxifendazol;0.00;oca-l10n-brazil/tipi
29339953;Albendazol e seu sulfóxido;0.00;oca-l10n-brazil/tipi
29339954;Mebendazol;0.00;oca-l10n-brazil/tipi
29339955;Flubendazol;0.00;oca-l10n-brazil/tipi
29339956;Fembendazol;0.00;oca-l10n-brazil/tipi
29339959;Outros;0.00;oca-l10n-brazil/tipi
29339961;Triadimenol;0.00;oca-l10n-brazil/tipi
29339962;Triadimefon;0.00;oca-l10n-brazil/tipi
29339963;Triazofós (fosforotioato de O,O-dietila O-(1-fenil-1H-1,2,4-triazol-3-ila));0.00;oca-l10n-brazil/tipi
29339969;Outros;0.00;oca-l10n-brazil/tipi
29339991;Azinfós etílico;0.00;oca-l10n-brazil/tipi
29339992;Ácido nalidíxico;0.00;oca-l10n-brazil/tipi
29339993;Clofazimina;0.00;oca-l10n-brazil/tipi
29339995;Metilssulfato de amezínio;0.00;oca-l10n-brazil/tipi
29339996;Hidrazida maleica e seus sais;0.00;oca-l10n-brazil/tipi
29339999;Outros;0.00;oca-l10n-brazil/tipi
29341010;Fentiazac;0.00;oca-l10n-brazil/tipi
29341020;Cloridrato de tiazolidina;0.00;oca-l10n-brazil/tipi
29341030;Tiabendazol;0.00;oca-l10n-brazil/tipi
29341090;Outros;0.00;oca-l10n-brazil/tipi
29342010;2-Mercaptobenzotiazol e seus sais;0.00;oca-l10n-brazil/tipi
29342020;2,2'-Ditio-bis(benzotiazol) (dissulfeto de benzotiazila);0.00;oca-l10n-brazil/tipi
29342031;2-(Terbutilaminotio)benzotiazol (N-terbutil-benzotiazol-sulfenamida);0.00;oca-l10n-brazil/tipi
29342032;2-(Cicloexilaminotio)benzotiazol (N-cicloexil-benzotiazol-sulfenamida);0.00;oca-l10n-brazil/tipi
29342033;2-(Dicicloexilaminotio)benzotiazol (N,N-dicicloexil-benzotiazol-sulfenamida);0.00;oca-l10n-brazil/tipi
29342034;2-(4-Morfoliniltio)benzotiazol (N-oxidietileno-benzotiazol-sulfenamida);0.00;oca-l10n-brazil/tipi
29342039;Outras;0.00;oca-l10n-brazil/tipi
29342040;2-(Tiocianometiltio)benzotiazol (TCMTB);0.00;oca-l10n-brazil/tipi
29342090;Outros;0.00;oca-l10n-brazil/tipi
29343010;Maleato de metotrimeprazina (maleato de levomepromazina);0.00;oca-l10n-brazil/tipi
29343020;Enantato de flufenazina;0.00;oca-l10n-brazil/tipi
29343030;Prometazina;0.00;oca-l10n-brazil/tipi
29343090;Outros;0.00;oca-l10n-brazil/tipi
29349111;Aminorex e seus sais;0.00;oca-l10n-brazil/tipi
29349112;Brotizolam e seus sais;0.00;oca-l10n-brazil/tipi
29349121;Clotiazepam;0.00;oca-l10n-brazil/tipi
29349122;Cloxazolam;0.00;oca-l10n-brazil/tipi
29349123;Dextromoramida;0.00;oca-l10n-brazil/tipi
29349129;Outros;0.00;oca-l10n-brazil/tipi
29349131;Fendimetrazina e seus sais;0.00;oca-l10n-brazil/tipi
29349132;Fenmetrazina e seus sais;0.00;oca-l10n-brazil/tipi
29349133;Haloxazolam e seus sais;0.00;oca-l10n-brazil/tipi
29349141;Ketazolam;0.00;oca-l10n-brazil/tipi
29349142;Mesocarbo;0.00;oca-l10n-brazil/tipi
29349149;Outros;0.00;oca-l10n-brazil/tipi
29349150;Oxazolam e seus sais;0.00;oca-l10n-brazil/tipi
29349160;Pemolina e seus sais;0.00;oca-l10n-brazil/tipi
29349170;Sufentanila e seus sais;0.00;oca-l10n-brazil/tipi
29349200;Outras fentanilas e seus derivados;0.00;oca-l10n-brazil/tipi
29349911;Morfolina e seus sais;0.00;oca-l10n-brazil/tipi
29349912;Pirenoxina sódica (catalino sódico);0.00;oca-l10n-brazil/tipi
29349913;Nimorazol;0.00;oca-l10n-brazil/tipi
29349914;Anidrido isatoico (2H-3,1-benzoxazina-2,4-(1H)-diona);0.00;oca-l10n-brazil/tipi
29349915;4,4'-Ditiodimorfolina;0.00;oca-l10n-brazil/tipi
29349919;Outros;0.00;oca-l10n-brazil/tipi
29349922;Zidovudina (AZT);0.00;oca-l10n-brazil/tipi
29349923;Timidina;0.00;oca-l10n-brazil/tipi
29349924;Furazolidona;0.00;oca-l10n-brazil/tipi
29349925;Citarabina;0.00;oca-l10n-brazil/tipi
29349926;Oxadiazona;0.00;oca-l10n-brazil/tipi
29349927;Estavudina;0.00;oca-l10n-brazil/tipi
29349929;Outros;0.00;oca-l10n-brazil/tipi
29349931;Cetoconazol;0.00;oca-l10n-brazil/tipi
29349932;Cloridrato de prazosina;0.00;oca-l10n-brazil/tipi
29349933;Talniflumato;0.00;oca-l10n-brazil/tipi
29349934;Ácidos nucleicos e seus sais;0.00;oca-l10n-brazil/tipi
29349935;Propiconazol;0.00;oca-l10n-brazil/tipi
29349939;Outros;0.00;oca-l10n-brazil/tipi
29349941;Tiofeno;0.00;oca-l10n-brazil/tipi
29349942;Ácido 6-aminopenicilânico;0.00;oca-l10n-brazil/tipi
29349943;Ácido 7-aminocefalosporânico;0.00;oca-l10n-brazil/tipi
29349944;Ácido 7-aminodesacetoxicefalosporânico;0.00;oca-l10n-brazil/tipi
29349945;Clormezanona;0.00;oca-l10n-brazil/tipi
29349946;9-(N-Metil-4-piperidinilideno)tioxanteno;0.00;oca-l10n-brazil/tipi
29349949;Outros;0.00;oca-l10n-brazil/tipi
29349951;Tebutiuron;0.00;oca-l10n-brazil/tipi
29349952;Tetramisol;0.00;oca-l10n-brazil/tipi
29349953;Levamisol e seus sais;0.00;oca-l10n-brazil/tipi
29349954;Tioconazol;0.00;oca-l10n-brazil/tipi
29349959;Outros;0.00;oca-l10n-brazil/tipi
29349961;Cloridrato de tizanidina;0.00;oca-l10n-brazil/tipi
29349969;Outros;0.00;oca-l10n-brazil/tipi
29349991;Timolol;0.00;oca-l10n-brazil/tipi
29349992;Maleato ácido de timolol;0.00;oca-l10n-brazil/tipi
29349993;Lamivudina;0.00;oca-l10n-brazil/tipi
29349999;Outros;0.00;oca-l10n-brazil/tipi
29351000;N-Metilperfluoroctano sulfonamida;0.00;oca-l10n-brazil/tipi
29352000;N-Etilperfluoroctano sulfonamida;0.00;oca-l10n-brazil/tipi
29353000;N-Etil-N-(2-hidroxietil)perfluoroctano sulfonamida;0.00;oca-l10n-brazil/tipi
29354000;N-(2-Hidroxietil)-N-metilperfluoroctano sulfonamida;0.00;oca-l10n-brazil/tipi
29355000;Outras perfluoroctanossulfonamidas;0.00;oca-l10n-brazil/tipi
29359011;Sulfadiazina e seu sal sódico;0.00;oca-l10n-brazil/tipi
29359012;Clortalidona;0.00;oca-l10n-brazil/tipi
29359013;Sulpirida;0.00;oca-l10n-brazil/tipi
29359014;Veraliprida;0.00;oca-l10n-brazil/tipi
29359015;Sulfametazina (4,6-dimetil-2-sulfanilamidopirimidina) e seu sal sódico;0.00;oca-l10n-brazil/tipi
29359019;Outras;0.00;oca-l10n-brazil/tipi
29359021;Furosemida;0.00;oca-l10n-brazil/tipi
29359022;Ftalilsulfatiazol;0.00;oca-l10n-brazil/tipi
29359023;Piroxicam;0.00;oca-l10n-brazil/tipi
29359024;Tenoxicam;0.00;oca-l10n-brazil/tipi
29359025;Sulfametoxazol;0.00;oca-l10n-brazil/tipi
29359029;Outras;0.00;oca-l10n-brazil/tipi
29359091;Cloramina-B e cloramina-T;0.00;oca-l10n-brazil/tipi
29359092;Gliburida;0.00;oca-l10n-brazil/tipi
29359093;Toluenossulfonamidas;0.00;oca-l10n-brazil/tipi
29359094;Nimesulida;0.00;oca-l10n-brazil/tipi
29359095;Bumetanida;0.00;oca-l10n-brazil/tipi
29359096;Sulfaguanidina;0.00;oca-l10n-brazil/tipi
29359099;Outras;0.00;oca-l10n-brazil/tipi
29362111;Vitamina A1 álcool (retinol);0.00;oca-l10n-brazil/tipi
29362112;Acetato;0.00;oca-l10n-brazil/tipi
29362113;Palmitato;0.00;oca-l10n-brazil/tipi
29362119;Outros;0.00;oca-l10n-brazil/tipi
29362190;Outros;0.00;oca-l10n-brazil/tipi
29362210;Cloridrato de vitamina B1 (cloridrato de tiamina);0.00;oca-l10n-brazil/tipi
29362220;Mononitrato de vitamina B1 (mononitrato de tiamina);0.00;oca-l10n-brazil/tipi
29362290;Outros;0.00;oca-l10n-brazil/tipi
29362310;Vitamina B2 (riboflavina);0.00;oca-l10n-brazil/tipi
29362320;5'-Fosfato sódico de vitamina B2 (5'-fosfato sódico de riboflavina);0.00;oca-l10n-brazil/tipi
29362390;Outros;0.00;oca-l10n-brazil/tipi
29362410;D-Pantotenato de cálcio;0.00;oca-l10n-brazil/tipi
29362490;Outros;0.00;oca-l10n-brazil/tipi
29362510;Vitamina B6;0.00;oca-l10n-brazil/tipi
29362520;Cloridrato de piridoxina;0.00;oca-l10n-brazil/tipi
29362590;Outros;0.00;oca-l10n-brazil/tipi
29362610;Vitamina B12 (cianocobalamina);0.00;oca-l10n-brazil/tipi
29362620;Cobamamida;0.00;oca-l10n-brazil/tipi
29362630;Hidroxocobalamina e seus sais;0.00;oca-l10n-brazil/tipi
29362690;Outros;0.00;oca-l10n-brazil/tipi
29362710;Vitamina C (ácido L- ou DL-ascórbico);0.00;oca-l10n-brazil/tipi
29362720;Ascorbato de sódio;0.00;oca-l10n-brazil/tipi
29362790;Outros;0.00;oca-l10n-brazil/tipi
29362811;D- ou DL-alfa-Tocoferol;0.00;oca-l10n-brazil/tipi
29362812;Acetato de D- ou DL-alfa-tocoferol;0.00;oca-l10n-brazil/tipi
29362819;Outros;0.00;oca-l10n-brazil/tipi
29362890;Outros;0.00;oca-l10n-brazil/tipi
29362911;Vitamina B9 (ácido fólico) e seus sais;0.00;oca-l10n-brazil/tipi
29362919;Outros;0.00;oca-l10n-brazil/tipi
29362921;Vitamina D3 (colecalciferol);0.00;oca-l10n-brazil/tipi
29362929;Outros;0.00;oca-l10n-brazil/tipi
29362931;Vitamina H (biotina);0.00;oca-l10n-brazil/tipi
29362939;Outros;0.00;oca-l10n-brazil/tipi
29362940;Vitaminas K e seus derivados;0.00;oca-l10n-brazil/tipi
29362951;Ácido nicotínico;0.00;oca-l10n-brazil/tipi
29362952;Nicotinamida;0.00;oca-l10n-brazil/tipi
29362953;Nicotinato de sódio;0.00;oca-l10n-brazil/tipi
29362959;Outros;0.00;oca-l10n-brazil/tipi
29362990;Outros;0.00;oca-l10n-brazil/tipi
29369000;Outras, incluindo os concentrados naturais;0.00;oca-l10n-brazil/tipi
29371100;Somatotropina, seus derivados e análogos estruturais;0.00;oca-l10n-brazil/tipi
29371200;Insulina e seus sais;0.00;oca-l10n-brazil/tipi
29371910;ACTH (corticotropina);0.00;oca-l10n-brazil/tipi
29371920;HCG (gonadotropina coriônica);0.00;oca-l10n-brazil/tipi
29371930;PMSG (gonadotropina sérica);0.00;oca-l10n-brazil/tipi
29371940;Menotropinas;0.00;oca-l10n-brazil/tipi
29371950;Oxitocina;0.00;oca-l10n-brazil/tipi
29371990;Outros;0.00;oca-l10n-brazil/tipi
29372110;Cortisona;0.00;oca-l10n-brazil/tipi
29372120;Hidrocortisona;0.00;oca-l10n-brazil/tipi
29372130;Prednisona (deidrocortisona);0.00;oca-l10n-brazil/tipi
29372140;Prednisolona (deidroidrocortisona);0.00;oca-l10n-brazil/tipi
29372210;Dexametasona e seus acetatos;0.00;oca-l10n-brazil/tipi
29372221;Acetonida da triancinolona;0.00;oca-l10n-brazil/tipi
29372229;Outros;0.00;oca-l10n-brazil/tipi
29372231;Valerato de diflucortolona;0.00;oca-l10n-brazil/tipi
29372239;Outros;0.00;oca-l10n-brazil/tipi
29372290;Outros;0.00;oca-l10n-brazil/tipi
29372310;Medroxiprogesterona e seus derivados;0.00;oca-l10n-brazil/tipi
29372321;L-Norgestrel (levonorgestrel);0.00;oca-l10n-brazil/tipi
29372322;DL-Norgestrel;0.00;oca-l10n-brazil/tipi
29372329;Outros;0.00;oca-l10n-brazil/tipi
29372331;Estriol e seu succinato;0.00;oca-l10n-brazil/tipi
29372339;Outros;0.00;oca-l10n-brazil/tipi
29372341;Hemissuccinato de estradiol;0.00;oca-l10n-brazil/tipi
29372342;Fempropionato de estradiol (17-(3-fenilpropionato) de estradiol);0.00;oca-l10n-brazil/tipi
29372349;Outros;0.00;oca-l10n-brazil/tipi
29372351;Alilestrenol;0.00;oca-l10n-brazil/tipi
29372359;Outros;0.00;oca-l10n-brazil/tipi
29372360;Desogestrel;0.00;oca-l10n-brazil/tipi
29372370;Linestrenol;0.00;oca-l10n-brazil/tipi
29372391;Acetato de etinodiol;0.00;oca-l10n-brazil/tipi
29372392;Gestodeno;0.00;oca-l10n-brazil/tipi
29372399;Outros;0.00;oca-l10n-brazil/tipi
29372910;Metilprednisolona e seus derivados;0.00;oca-l10n-brazil/tipi
29372920;21-Succinato sódico de hidrocortisona;0.00;oca-l10n-brazil/tipi
29372931;Acetato de ciproterona;0.00;oca-l10n-brazil/tipi
29372939;Outros;0.00;oca-l10n-brazil/tipi
29372940;Mesterolona e seus derivados;0.00;oca-l10n-brazil/tipi
29372950;Espironolactona;0.00;oca-l10n-brazil/tipi
29372960;Deflazacorte;0.00;oca-l10n-brazil/tipi
29372990;Outros;0.00;oca-l10n-brazil/tipi
29375000;Prostaglandinas, tromboxanas e leucotrienos, seus derivados e análogos estruturais;0.00;oca-l10n-brazil/tipi
29379010;Tiratricol (triac) e seu sal sódico;0.00;oca-l10n-brazil/tipi
29379030;Levotiroxina sódica;0.00;oca-l10n-brazil/tipi
29379040;Liotironina sódica;0.00;oca-l10n-brazil/tipi
29379090;Outros;0.00;oca-l10n-brazil/tipi
29381000;Rutosídio (rutina) e seus derivados;0.00;oca-l10n-brazil/tipi
29389010;Deslanosídio;0.00;oca-l10n-brazil/tipi
29389020;Esteviosídio;0.00;oca-l10n-brazil/tipi
29389090;Outros;0.00;oca-l10n-brazil/tipi
29391110;Concentrados de palha de dormideira ou papoula;0.00;oca-l10n-brazil/tipi
29391121;Buprenorfina e seus sais;0.00;oca-l10n-brazil/tipi
29391122;Codeína e seus sais;0.00;oca-l10n-brazil/tipi
29391123;Di-hidrocodeína e seus sais;0.00;oca-l10n-brazil/tipi
29391131;Etilmorfina e seus sais;0.00;oca-l10n-brazil/tipi
29391132;Etorfina e seus sais;0.00;oca-l10n-brazil/tipi
29391140;Folcodina e seus sais;0.00;oca-l10n-brazil/tipi
29391151;Heroína e seus sais;0.00;oca-l10n-brazil/tipi
29391152;Hidrocodona e seus sais;0.00;oca-l10n-brazil/tipi
29391153;Hidromorfona e seus sais;0.00;oca-l10n-brazil/tipi
29391161;Morfina;0.00;oca-l10n-brazil/tipi
29391162;Cloridrato e sulfato de morfina;0.00;oca-l10n-brazil/tipi
29391169;Outros;0.00;oca-l10n-brazil/tipi
29391170;Nicomorfina e seus sais;0.00;oca-l10n-brazil/tipi
29391181;Oxicodona e seus sais;0.00;oca-l10n-brazil/tipi
29391182;Oximorfona e seus sais;0.00;oca-l10n-brazil/tipi
29391191;Tebacona e seus sais;0.00;oca-l10n-brazil/tipi
29391192;Tebaína e seus sais;0.00;oca-l10n-brazil/tipi
29391900;Outros;0.00;oca-l10n-brazil/tipi
29392000;"Alcaloides da quina e seus derivados; sais destes produtos";0.00;oca-l10n-brazil/tipi
29393010;Cafeína;0.00;oca-l10n-brazil/tipi
29393020;Sais;0.00;oca-l10n-brazil/tipi
29394100;Efedrina e seus sais;0.00;oca-l10n-brazil/tipi
29394200;Pseudoefedrina (DCI) e seus sais;0.00;oca-l10n-brazil/tipi
29394300;Catina (DCI) e seus sais;0.00;oca-l10n-brazil/tipi
29394400;Norefedrina e seus sais;0.00;oca-l10n-brazil/tipi
29394510;Levometanfetamina e seus sais;0.00;oca-l10n-brazil/tipi
29394520;Metanfetamina e seus sais;0.00;oca-l10n-brazil/tipi
29394530;Racemato de metanfetamina e seus sais;0.00;oca-l10n-brazil/tipi
29394900;Outros;0.00;oca-l10n-brazil/tipi
29395100;Fenetilina (DCI) e seus sais;0.00;oca-l10n-brazil/tipi
29395910;Teofilina;0.00;oca-l10n-brazil/tipi
29395920;Aminofilina;0.00;oca-l10n-brazil/tipi
29395990;Outros;0.00;oca-l10n-brazil/tipi
29396100;Ergometrina (DCI) e seus sais;0.00;oca-l10n-brazil/tipi
29396200;Ergotamina (DCI) e seus sais;0.00;oca-l10n-brazil/tipi
29396300;Ácido lisérgico e seus sais;0.00;oca-l10n-brazil/tipi
29396911;Maleato de metilergometrina;0.00;oca-l10n-brazil/tipi
29396919;Outros;0.00;oca-l10n-brazil/tipi
29396921;Mesilato de di-hidroergotamina;0.00;oca-l10n-brazil/tipi
29396929;Outros;0.00;oca-l10n-brazil/tipi
29396931;Mesilato de di-hidroergocornina;0.00;oca-l10n-brazil/tipi
29396939;Outros;0.00;oca-l10n-brazil/tipi
29396941;Mesilato de alfa-di-hidroergocriptina;0.00;oca-l10n-brazil/tipi
29396942;Mesilato de beta-di-hidroergocriptina;0.00;oca-l10n-brazil/tipi
29396949;Outros;0.00;oca-l10n-brazil/tipi
29396951;Ergocristina;0.00;oca-l10n-brazil/tipi
29396952;Metanossulfonato de di-hidroergocristina;0.00;oca-l10n-brazil/tipi
29396959;Outros;0.00;oca-l10n-brazil/tipi
29396990;Outros;0.00;oca-l10n-brazil/tipi
29397210;Cocaína e seus sais;0.00;oca-l10n-brazil/tipi
29397220;Ecgonina e seus sais;0.00;oca-l10n-brazil/tipi
29397290;Outros;0.00;oca-l10n-brazil/tipi
29397911;Brometo de N-butilescopolamônio;0.00;oca-l10n-brazil/tipi
29397919;Outros;0.00;oca-l10n-brazil/tipi
29397920;"Teobromina e seus derivados; sais destes produtos";0.00;oca-l10n-brazil/tipi
29397931;Pilocarpina, seu nitrato e seu cloridrato;0.00;oca-l10n-brazil/tipi
29397939;Outros;0.00;oca-l10n-brazil/tipi
29397940;Tiocolquicósido;0.00;oca-l10n-brazil/tipi
29397990;Outros;0.00;oca-l10n-brazil/tipi
29398010;Saxitoxina;;sem-ipi-na-fonte
29398090;Outros;;sem-ipi-na-fonte
29400011;Galactose;0.00;oca-l10n-brazil/tipi
29400012;Arabinose;0.00;oca-l10n-brazil/tipi
29400013;Ramnose;0.00;oca-l10n-brazil/tipi
29400019;Outros;0.00;oca-l10n-brazil/tipi
29400021;Ácido lactobiônico;0.00;oca-l10n-brazil/tipi
29400022;Lactobionato de cálcio;0.00;oca-l10n-brazil/tipi
29400023;Bromolactobionato de cálcio;0.00;oca-l10n-brazil/tipi
29400029;Outros;0.00;oca-l10n-brazil/tipi
29400092;Frutose-1,6-difosfato de cálcio ou de sódio;0.00;oca-l10n-brazil/tipi
29400093;Maltitol;0.00;oca-l10n-brazil/tipi
29400094;Lactogluconato de cálcio;0.00;oca-l10n-brazil/tipi
29400099;Outros;0.00;oca-l10n-brazil/tipi
29411010;Ampicilina e seus sais;0.00;oca-l10n-brazil/tipi
29411020;Amoxicilina e seus sais;0.00;oca-l10n-brazil/tipi
29411031;Penicilina V potássica;0.00;oca-l10n-brazil/tipi
29411039;Outros;0.00;oca-l10n-brazil/tipi
29411041;Penicilina G potássica;0.00;oca-l10n-brazil/tipi
29411042;Penicilina G benzatínica;0.00;oca-l10n-brazil/tipi
29411043;Penicilina G procaínica;0.00;oca-l10n-brazil/tipi
29411049;Outros;0.00;oca-l10n-brazil/tipi
29411090;Outros;0.00;oca-l10n-brazil/tipi
29412010;Sulfatos;0.00;oca-l10n-brazil/tipi
29412090;Outros;0.00;oca-l10n-brazil/tipi
29413010;Cloridrato de tetraciclina;0.00;oca-l10n-brazil/tipi
29413020;Oxitetraciclina;0.00;oca-l10n-brazil/tipi
29413031;Minociclina;0.00;oca-l10n-brazil/tipi
29413032;Sais;0.00;oca-l10n-brazil/tipi
29413090;Outros;0.00;oca-l10n-brazil/tipi
29414011;Cloranfenicol, seu palmitato, seu succinato e seu hemissuccinato;0.00;oca-l10n-brazil/tipi
29414019;Outros;0.00;oca-l10n-brazil/tipi
29414020;Tianfenicol e seus ésteres;0.00;oca-l10n-brazil/tipi
29414090;Outros;0.00;oca-l10n-brazil/tipi
29415010;Claritromicina;0.00;oca-l10n-brazil/tipi
29415020;Eritromicina e seus sais;0.00;oca-l10n-brazil/tipi
29415090;Outros;0.00;oca-l10n-brazil/tipi
29419011;Rifamicina S;0.00;oca-l10n-brazil/tipi
29419012;Rifampicina (rifamicina AMP);0.00;oca-l10n-brazil/tipi
29419013;Rifamicina SV sódica;0.00;oca-l10n-brazil/tipi
29419019;Outros;0.00;oca-l10n-brazil/tipi
29419021;Cloridrato de lincomicina;0.00;oca-l10n-brazil/tipi
29419022;Fosfato de clindamicina;0.00;oca-l10n-brazil/tipi
29419029;Outros;0.00;oca-l10n-brazil/tipi
29419031;Ceftriaxona e seus sais;0.00;oca-l10n-brazil/tipi
29419032;Cefoperazona e seus sais, cefazolina sódica;0.00;oca-l10n-brazil/tipi
29419033;Cefaclor e cefalexina monoidratados, cefalotina sódica;0.00;oca-l10n-brazil/tipi
29419034;Cefadroxil e seus sais;0.00;oca-l10n-brazil/tipi
29419035;Cefotaxima sódica;0.00;oca-l10n-brazil/tipi
29419036;Cefoxitina e seus sais;0.00;oca-l10n-brazil/tipi
29419037;Cefalosporina C;0.00;oca-l10n-brazil/tipi
29419039;Outros;0.00;oca-l10n-brazil/tipi
29419041;Sulfato de neomicina;0.00;oca-l10n-brazil/tipi
29419042;Embonato de gentamicina (pamoato de gentamicina);0.00;oca-l10n-brazil/tipi
29419043;Sulfato de gentamicina;0.00;oca-l10n-brazil/tipi
29419049;Outros;0.00;oca-l10n-brazil/tipi
29419051;Embonato de espiramicina (pamoato de espiramicina);0.00;oca-l10n-brazil/tipi
29419059;Outros;0.00;oca-l10n-brazil/tipi
29419061;Nistatina e seus sais;0.00;oca-l10n-brazil/tipi
29419062;Anfotericina B e seus sais;0.00;oca-l10n-brazil/tipi
29419069;Outros;0.00;oca-l10n-brazil/tipi
29419071;Monensina sódica;0.00;oca-l10n-brazil/tipi
29419072;Narasina;0.00;oca-l10n-brazil/tipi
29419073;Avilamicinas;0.00;oca-l10n-brazil/tipi
29419079;Outros;0.00;oca-l10n-brazil/tipi
29419081;Polimixinas e seus sais, exceto sulfato de colistina;0.00;oca-l10n-brazil/tipi
29419082;Sulfato de colistina;0.00;oca-l10n-brazil/tipi
29419083;Virginiamicinas e seus sais;0.00;oca-l10n-brazil/tipi
29419089;Outros;0.00;oca-l10n-brazil/tipi
29419091;Griseofulvina e seus sais;0.00;oca-l10n-brazil/tipi
29419092;Fumarato de tiamulina;0.00;oca-l10n-brazil/tipi
29419099;Outros;0.00;oca-l10n-brazil/tipi
29420000;Outros compostos orgânicos.;0.00;oca-l10n-brazil/tipi
30012010;De fígado;0.00;oca-l10n-brazil/tipi
30012090;Outros;0.00;oca-l10n-brazil/tipi
30019010;Heparina e seus sais;0.00;oca-l10n-brazil/tipi
30019020;Pedaços de pericárdio de origem bovina ou suína;0.00;oca-l10n-brazil/tipi
30019031;Fígados;0.00;oca-l10n-brazil/tipi
30019039;Outros;0.00;oca-l10n-brazil/tipi
30019090;Outros;0.00;oca-l10n-brazil/tipi
30021211;Antiofídicos e outros antivenenosos;0.00;oca-l10n-brazil/tipi
30021212;Antitetânico;0.00;oca-l10n-brazil/tipi
30021213;Anticatarral;0.00;oca-l10n-brazil/tipi
30021214;Antipiogênico;0.00;oca-l10n-brazil/tipi
30021215;Antidiftérico;0.00;oca-l10n-brazil/tipi
30021216;Polivalentes;0.00;oca-l10n-brazil/tipi
30021219;Outros;0.00;oca-l10n-brazil/tipi
30021221;Imunoglobulina anti-Rh;0.00;oca-l10n-brazil/tipi
30021222;Outras imunoglobulinas séricas;0.00;oca-l10n-brazil/tipi
30021223;Concentrado de fator VIII;0.00;oca-l10n-brazil/tipi
30021224;Soroalbumina, sob a forma de gel, para preparação de reagentes de diagnóstico;0.00;oca-l10n-brazil/tipi
30021229;Outros;0.00;oca-l10n-brazil/tipi
30021231;Soroalbumina, exceto a humana;0.00;oca-l10n-brazil/tipi
30021232;Plasmina (fibrinolisina);0.00;oca-l10n-brazil/tipi
30021233;Uroquinase;0.00;oca-l10n-brazil/tipi
30021234;Imunoglobulina e cloridrato de histamina, associados;0.00;oca-l10n-brazil/tipi
30021235;Imunoglobulina G, liofilizada ou em solução;0.00;oca-l10n-brazil/tipi
30021236;Soroalbumina humana;0.00;oca-l10n-brazil/tipi
30021239;Outros;0.00;oca-l10n-brazil/tipi
30021300;Produtos imunológicos, não misturados, não apresentados em doses nem acondicionados para venda a...;0.00;oca-l10n-brazil/tipi
30021400;Produtos imunológicos, misturados, não apresentados em doses nem acondicionados para venda a retalho;0.00;oca-l10n-brazil/tipi
30021510;"betainterferona; alfapeginterferona 2a";0.00;oca-l10n-brazil/tipi
30021520;"Basiliximab (DCI); bevacizumab (DCI); daclizumab (DCI); etanercept (DCI); gemtuzumab ozogamicin (...";0.00;oca-l10n-brazil/tipi
30021590;Outros;0.00;oca-l10n-brazil/tipi
30024111;Contra a gripe;0.00;oca-l10n-brazil/tipi
30024112;Contra a poliomielite;0.00;oca-l10n-brazil/tipi
30024113;Contra a hepatite B;0.00;oca-l10n-brazil/tipi
30024114;Contra o sarampo;0.00;oca-l10n-brazil/tipi
30024115;Contra a meningite;0.00;oca-l10n-brazil/tipi
30024116;Contra a rubéola, sarampo e caxumba (tríplice);0.00;oca-l10n-brazil/tipi
30024117;Outras tríplices;0.00;oca-l10n-brazil/tipi
30024118;Anticatarral e antipiogênico;0.00;oca-l10n-brazil/tipi
30024119;Outras;0.00;oca-l10n-brazil/tipi
30024121;Contra a gripe;0.00;oca-l10n-brazil/tipi
30024122;Contra a poliomielite;0.00;oca-l10n-brazil/tipi
30024123;Contra a hepatite B;0.00;oca-l10n-brazil/tipi
30024124;Contra o sarampo;0.00;oca-l10n-brazil/tipi
30024125;Contra a meningite;0.00;oca-l10n-brazil/tipi
30024126;Contra a rubéola, sarampo e caxumba (tríplice);0.00;oca-l10n-brazil/tipi
30024127;Outras tríplices;0.00;oca-l10n-brazil/tipi
30024128;Anticatarral e antipiogênico;0.00;oca-l10n-brazil/tipi
30024129;Outras;0.00;oca-l10n-brazil/tipi
30024210;Contra a raiva;0.00;oca-l10n-brazil/tipi
30024220;Contra a coccidiose;0.00;oca-l10n-brazil/tipi
30024230;Contra a querato-conjuntivite;0.00;oca-l10n-brazil/tipi
30024240;Contra a cinomose;0.00;oca-l10n-brazil/tipi
30024250;Contra a leptospirose;0.00;oca-l10n-brazil/tipi
30024260;Contra a febre aftosa;0.00;oca-l10n-brazil/tipi
30024270;"Contra as seguintes enfermidades: de Newcastle, a vírus vivo ou vírus inativo; de Gumboro, a víru...";0.00;oca-l10n-brazil/tipi
30024280;Vacinas combinadas contra as enfermidades citadas no item 3002.42.70;0.00;oca-l10n-brazil/tipi
30024290;Outras;0.00;oca-l10n-brazil/tipi
30024910;Antitoxinas de origem microbiana;0.00;oca-l10n-brazil/tipi
30024920;Tuberculinas;0.00;oca-l10n-brazil/tipi
30024991;Para a saúde animal;0.00;oca-l10n-brazil/tipi
30024992;Para a saúde humana;0.00;oca-l10n-brazil/tipi
30024994;Ricina;0.00;oca-l10n-brazil/tipi
30024999;Outros;0.00;oca-l10n-brazil/tipi
30025100;Produtos de terapia celular;0.00;oca-l10n-brazil/tipi
30025900;Outras;0.00;oca-l10n-brazil/tipi
30029000;Outros;0.00;oca-l10n-brazil/tipi
30031011;Ampicilina ou seus sais;0.00;oca-l10n-brazil/tipi
30031012;Amoxicilina ou seus sais;0.00;oca-l10n-brazil/tipi
30031013;Penicilina G benzatínica;0.00;oca-l10n-brazil/tipi
30031014;Penicilina G potássica;0.00;oca-l10n-brazil/tipi
30031015;Penicilina G procaínica;0.00;oca-l10n-brazil/tipi
30031019;Outros;0.00;oca-l10n-brazil/tipi
30031020;Que contenham estreptomicinas ou seus derivados;0.00;oca-l10n-brazil/tipi
30032011;Cloranfenicol, seu palmitato, seu succinato ou seu hemissuccinato;0.00;oca-l10n-brazil/tipi
30032019;Outros;0.00;oca-l10n-brazil/tipi
30032021;Eritromicina ou seus sais;0.00;oca-l10n-brazil/tipi
30032029;Outros;0.00;oca-l10n-brazil/tipi
30032031;Rifamicina SV sódica;0.00;oca-l10n-brazil/tipi
30032032;Rifampicina;0.00;oca-l10n-brazil/tipi
30032039;Outros;0.00;oca-l10n-brazil/tipi
30032041;Cloridrato de lincomicina;0.00;oca-l10n-brazil/tipi
30032049;Outros;0.00;oca-l10n-brazil/tipi
30032051;Cefalotina sódica;0.00;oca-l10n-brazil/tipi
30032052;Cefaclor ou cefalexina monoidratados;0.00;oca-l10n-brazil/tipi
30032059;Outros;0.00;oca-l10n-brazil/tipi
30032061;Sulfato de gentamicina;0.00;oca-l10n-brazil/tipi
30032062;Daunorubicina;0.00;oca-l10n-brazil/tipi
30032063;"Idarubicina; pirarubicina";0.00;oca-l10n-brazil/tipi
30032069;Outros;0.00;oca-l10n-brazil/tipi
30032071;Vancomicina;0.00;oca-l10n-brazil/tipi
30032072;Actinomicinas;0.00;oca-l10n-brazil/tipi
30032073;Ciclosporina A;0.00;oca-l10n-brazil/tipi
30032079;Outros;0.00;oca-l10n-brazil/tipi
30032091;Mitomicina;0.00;oca-l10n-brazil/tipi
30032092;Fumarato de tiamulina;0.00;oca-l10n-brazil/tipi
30032093;Bleomicinas ou seus sais;0.00;oca-l10n-brazil/tipi
30032094;Imipenem;0.00;oca-l10n-brazil/tipi
30032095;Anfotericina B em lipossomas;0.00;oca-l10n-brazil/tipi
30032099;Outros;0.00;oca-l10n-brazil/tipi
30033100;Que contenham insulina;0.00;oca-l10n-brazil/tipi
30033911;Somatotropina;0.00;oca-l10n-brazil/tipi
30033912;Gonadotropina coriônica (hCG);0.00;oca-l10n-brazil/tipi
30033913;Menotropinas;0.00;oca-l10n-brazil/tipi
30033914;Corticotropina (ACTH);0.00;oca-l10n-brazil/tipi
30033915;Gonadotropina sérica (PMSG);0.00;oca-l10n-brazil/tipi
30033916;Somatostatina ou seus sais;0.00;oca-l10n-brazil/tipi
30033917;Buserelina ou seu acetato;0.00;oca-l10n-brazil/tipi
30033918;Triptorelina ou seus sais;0.00;oca-l10n-brazil/tipi
30033919;Leuprolida ou seu acetato;0.00;oca-l10n-brazil/tipi
30033921;LH-RH (gonadorelina);0.00;oca-l10n-brazil/tipi
30033922;Oxitocina;0.00;oca-l10n-brazil/tipi
30033923;Sais de insulina;0.00;oca-l10n-brazil/tipi
30033924;Timosinas;0.00;oca-l10n-brazil/tipi
30033925;Octreotida;0.00;oca-l10n-brazil/tipi
30033926;Goserelina ou seu acetato;0.00;oca-l10n-brazil/tipi
30033927;Nafarelina ou seu acetato;0.00;oca-l10n-brazil/tipi
30033929;Outros;0.00;oca-l10n-brazil/tipi
30033931;Hemissuccinato de estradiol;0.00;oca-l10n-brazil/tipi
30033932;Fempropionato de estradiol;0.00;oca-l10n-brazil/tipi
30033933;Estriol ou seu succinato;0.00;oca-l10n-brazil/tipi
30033934;Alilestrenol;0.00;oca-l10n-brazil/tipi
30033935;Linestrenol;0.00;oca-l10n-brazil/tipi
30033936;"Acetato de megestrol; formestano; fulvestranto";0.00;oca-l10n-brazil/tipi
30033937;Desogestrel;0.00;oca-l10n-brazil/tipi
30033939;Outros;0.00;oca-l10n-brazil/tipi
30033981;Levotiroxina sódica;0.00;oca-l10n-brazil/tipi
30033982;Liotironina sódica;0.00;oca-l10n-brazil/tipi
30033991;Sal sódico ou éster metílico do ácido 9,11,15-triidroxi-16-(3-clorofenoxi)prosta-5,13-dien-1-oico...;0.00;oca-l10n-brazil/tipi
30033992;Tiratricol (triac) ou seu sal sódico;0.00;oca-l10n-brazil/tipi
30033994;Espironolactona;0.00;oca-l10n-brazil/tipi
30033995;Exemestano;0.00;oca-l10n-brazil/tipi
30033999;Outros;0.00;oca-l10n-brazil/tipi
30034100;Que contenham efedrina ou seus sais;0.00;oca-l10n-brazil/tipi
30034200;Que contenham pseudoefedrina (DCI) ou seus sais;0.00;oca-l10n-brazil/tipi
30034300;Que contenham norefedrina ou seus sais;0.00;oca-l10n-brazil/tipi
30034910;"Vimblastina; vincristina; derivados destes produtos; topotecan ou seu cloridrato";0.00;oca-l10n-brazil/tipi
30034920;Pilocarpina, seu nitrato ou seu cloridrato;0.00;oca-l10n-brazil/tipi
30034930;Metanossulfonato de di-hidroergocristina;0.00;oca-l10n-brazil/tipi
30034940;Codeína ou seus sais;0.00;oca-l10n-brazil/tipi
30034950;"Granisetron; tropisetrona ou seu cloridrato";0.00;oca-l10n-brazil/tipi
30034990;Outros;0.00;oca-l10n-brazil/tipi
30036000;Outros, que contenham princípios ativos antimaláricos (antipalúdicos) descritos na Nota de subpos...;0.00;oca-l10n-brazil/tipi
30039011;Folinato de cálcio (leucovorina);0.00;oca-l10n-brazil/tipi
30039012;Nicotinamida;0.00;oca-l10n-brazil/tipi
30039013;"Hidroxocobalamina ou seus sais; cianocobalamina";0.00;oca-l10n-brazil/tipi
30039014;Vitamina A1 (retinol) ou seus derivados, exceto o ácido retinoico (tretinoína);0.00;oca-l10n-brazil/tipi
30039015;"D-Pantotenato de cálcio; vitamina D3 (colecalciferol)";0.00;oca-l10n-brazil/tipi
30039016;Ésteres das vitaminas A e D3, em concentração igual ou superior a 1.500.000 UI/g de vitamina A e...;0.00;oca-l10n-brazil/tipi
30039017;Ácido retinoico (tretinoína);0.00;oca-l10n-brazil/tipi
30039019;Outros;0.00;oca-l10n-brazil/tipi
30039021;Estreptoquinase;0.00;oca-l10n-brazil/tipi
30039022;L-Asparaginase;0.00;oca-l10n-brazil/tipi
30039023;Deoxirribonuclease;0.00;oca-l10n-brazil/tipi
30039024;Idursulfase;0.00;oca-l10n-brazil/tipi
30039025;"alfa-Agalsidase; alfavelaglicerase";0.00;oca-l10n-brazil/tipi
30039029;Outros;0.00;oca-l10n-brazil/tipi
30039031;"Permetrina; nitrato de propatila; benzoato de benzila; dioctilsulfossuccinato de sódio";0.00;oca-l10n-brazil/tipi
30039032;"Ácido cólico; ácido deoxicólico; sal magnésico do ácido deidrocólico";0.00;oca-l10n-brazil/tipi
30039033;Ácido glucônico, seus sais ou seus ésteres;0.00;oca-l10n-brazil/tipi
30039034;"Ácido o-acetilsalicílico; o-acetilsalicilato de alumínio; salicilato de metila; diclorvós";0.00;oca-l10n-brazil/tipi
30039035;Lactofosfato de cálcio;0.00;oca-l10n-brazil/tipi
30039036;"Ácido láctico, seus sais ou seus ésteres; ácido 4-(4-hidroxifenoxi)-3,5-di-iodofenilacético";0.00;oca-l10n-brazil/tipi
30039037;Ácido fumárico, seus sais ou seus ésteres;0.00;oca-l10n-brazil/tipi
30039038;"Etretinato; fosfestrol ou seus sais de di ou tetrassódio";0.00;oca-l10n-brazil/tipi
30039039;Outros;0.00;oca-l10n-brazil/tipi
30039041;"Sulfato de tranilcipromina; dietilpropiona";0.00;oca-l10n-brazil/tipi
30039042;Cloridrato de ketamina;0.00;oca-l10n-brazil/tipi
30039043;Clembuterol ou seu cloridrato;0.00;oca-l10n-brazil/tipi
30039044;Tamoxifen ou seu citrato;0.00;oca-l10n-brazil/tipi
30039045;"Levodopa; alfa-metildopa";0.00;oca-l10n-brazil/tipi
30039046;"Cloridrato de fenilefrina; mirtecaína; propranolol ou seus sais";0.00;oca-l10n-brazil/tipi
30039047;"Diclofenaco de sódio; diclofenaco de potássio; diclofenaco de dietilamônio";0.00;oca-l10n-brazil/tipi
30039048;"Clorambucil; clormetina (DCI) ou seu cloridrato; melfalano; toremifene ou seu citrato";0.00;oca-l10n-brazil/tipi
30039049;Outros;0.00;oca-l10n-brazil/tipi
30039051;"Metoclopramida ou seu cloridrato; closantel";0.00;oca-l10n-brazil/tipi
30039052;"Atenolol; prilocaína ou seu cloridrato; talidomida";0.00;oca-l10n-brazil/tipi
30039053;"Lidocaína ou seu cloridrato; flutamida";0.00;oca-l10n-brazil/tipi
30039054;Femproporex;0.00;oca-l10n-brazil/tipi
30039055;"Paracetamol; bromoprida";0.00;oca-l10n-brazil/tipi
30039056;"Amitraz; cipermetrina";0.00;oca-l10n-brazil/tipi
30039057;"Clorexidina ou seus sais; isetionato de pentamidina";0.00;oca-l10n-brazil/tipi
30039058;"Aminoglutetimida; carmustina; deferoxamina (desferrioxamina B) ou seus sais, derivados destes pro...";0.00;oca-l10n-brazil/tipi
30039059;Outros;0.00;oca-l10n-brazil/tipi
30039061;Quercetina;0.00;oca-l10n-brazil/tipi
30039062;Tiaprida;0.00;oca-l10n-brazil/tipi
30039063;Etidronato dissódico;0.00;oca-l10n-brazil/tipi
30039064;Cloridrato de amiodarona;0.00;oca-l10n-brazil/tipi
30039065;"Nitrovin; moxidectina";0.00;oca-l10n-brazil/tipi
30039066;"Ácido clodrônico ou seu sal dissódico; estreptozocina; fotemustina";0.00;oca-l10n-brazil/tipi
30039067;"Carbocisteína; sulfiram";0.00;oca-l10n-brazil/tipi
30039069;Outros;0.00;oca-l10n-brazil/tipi
30039071;"Terfenadina; talniflumato; malato ácido de cleboprida; econazol ou seu nitrato; nitrato de isocon...";0.00;oca-l10n-brazil/tipi
30039072;"Cloridrato de loperamida; fembendazol; ketorolac trometamina; nifedipina; nimodipina; nitrendipina";0.00;oca-l10n-brazil/tipi
30039073;"Albendazol ou seu sulfóxido; mebendazol; 6-mercaptopurina; metilsulfato de amezínio; oxifendazol;...";0.00;oca-l10n-brazil/tipi
30039074;"Alprazolam; bromazepam; clordiazepóxido; cloridrato de petidina; diazepam; droperidol; mazindol;...";0.00;oca-l10n-brazil/tipi
30039075;"Benzetimida ou seu cloridrato; fenitoína ou seu sal sódico; isoniazida; pirazinamida";0.00;oca-l10n-brazil/tipi
30039076;"Ácido 2-(2-metil-3-cloroanilina)nicotínico ou seu sal de lisina; metronidazol ou seus sais; azati...";0.00;oca-l10n-brazil/tipi
30039077;"Enrofloxacina; maleato de enalapril; maleato de pirilamina; nicarbazina; norfloxacina; sais de pi...";0.00;oca-l10n-brazil/tipi
30039078;"Altretamina; bortezomib; cloridrato de erlotinibe; dacarbazina; disoproxilfumarato de tenofovir;...";0.00;oca-l10n-brazil/tipi
30039079;Outros;0.00;oca-l10n-brazil/tipi
30039081;"Levamisol ou seus sais; tetramisol";0.00;oca-l10n-brazil/tipi
30039082;"Sulfadiazina ou seu sal sódico; sulfametoxazol";0.00;oca-l10n-brazil/tipi
30039083;"Cloxazolam; ketazolam; piroxicam; tenoxicam";0.00;oca-l10n-brazil/tipi
30039084;"Ftalilsulfatiazol; inosina";0.00;oca-l10n-brazil/tipi
30039085;"Enantato de flufenazina; prometazina; gliburida; rutosídio; deslanosídio";0.00;oca-l10n-brazil/tipi
30039086;"Clortalidona; furosemida";0.00;oca-l10n-brazil/tipi
30039087;"Cloridrato de tizanidina; cetoconazol; furazolidona";0.00;oca-l10n-brazil/tipi
30039088;"Amprenavir; aprepitanto; delavirdina ou seu mesilato; efavirenz; emtricitabina; etopósido; everol...";0.00;oca-l10n-brazil/tipi
30039089;Outros;0.00;oca-l10n-brazil/tipi
30039091;Extrato de pólen;0.00;oca-l10n-brazil/tipi
30039092;"Crisarobina; disofenol";0.00;oca-l10n-brazil/tipi
30039093;Diclofenaco resinato;0.00;oca-l10n-brazil/tipi
30039094;Silimarina;0.00;oca-l10n-brazil/tipi
30039095;"Bussulfano; dexormaplatina; dietilestilbestrol ou seu dipropionato; enloplatina; iproplatina; lob...";0.00;oca-l10n-brazil/tipi
30039096;Complexo de ferro dextrana;0.00;oca-l10n-brazil/tipi
30039097;Sevoflurano;0.00;oca-l10n-brazil/tipi
30039099;Outros;0.00;oca-l10n-brazil/tipi
30041011;Ampicilina ou seus sais;0.00;oca-l10n-brazil/tipi
30041012;Amoxicilina ou seus sais;0.00;oca-l10n-brazil/tipi
30041013;Penicilina G benzatínica;0.00;oca-l10n-brazil/tipi
30041014;Penicilina G potássica;0.00;oca-l10n-brazil/tipi
30041015;Penicilina G procaínica;0.00;oca-l10n-brazil/tipi
30041019;Outros;0.00;oca-l10n-brazil/tipi
30041020;Que contenham estreptomicinas ou seus derivados;0.00;oca-l10n-brazil/tipi
30042011;Cloranfenicol, seu palmitato, seu succinato ou seu hemissuccinato;0.00;oca-l10n-brazil/tipi
30042019;Outros;0.00;oca-l10n-brazil/tipi
30042021;Eritromicina ou seus sais;0.00;oca-l10n-brazil/tipi
30042029;Outros;0.00;oca-l10n-brazil/tipi
30042031;Rifamicina SV sódica;0.00;oca-l10n-brazil/tipi
30042032;Rifampicina;0.00;oca-l10n-brazil/tipi
30042039;Outros;0.00;oca-l10n-brazil/tipi
30042041;Cloridrato de lincomicina;0.00;oca-l10n-brazil/tipi
30042049;Outros;0.00;oca-l10n-brazil/tipi
30042051;Cefalotina sódica;0.00;oca-l10n-brazil/tipi
30042052;Cefaclor ou cefalexina monoidratados;0.00;oca-l10n-brazil/tipi
30042059;Outros;0.00;oca-l10n-brazil/tipi
30042061;Sulfato de gentamicina;0.00;oca-l10n-brazil/tipi
30042062;Daunorubicina;0.00;oca-l10n-brazil/tipi
30042063;"Idarubicina; pirarubicina";0.00;oca-l10n-brazil/tipi
30042069;Outros;0.00;oca-l10n-brazil/tipi
30042071;Vancomicina;0.00;oca-l10n-brazil/tipi
30042072;Actinomicinas;0.00;oca-l10n-brazil/tipi
30042073;Ciclosporina A;0.00;oca-l10n-brazil/tipi
30042079;Outros;0.00;oca-l10n-brazil/tipi
30042091;Mitomicina;0.00;oca-l10n-brazil/tipi
30042092;Fumarato de tiamulina;0.00;oca-l10n-brazil/tipi
30042093;Bleomicinas ou seus sais;0.00;oca-l10n-brazil/tipi
30042094;Imipenem;0.00;oca-l10n-brazil/tipi
30042095;Anfotericina B em lipossomas;0.00;oca-l10n-brazil/tipi
30042099;Outros;0.00;oca-l10n-brazil/tipi
30043100;Que contenham insulina;0.00;oca-l10n-brazil/tipi
30043210;Hormônios corticosteroides;0.00;oca-l10n-brazil/tipi
30043220;Espironolactona;0.00;oca-l10n-brazil/tipi
30043290;Outros;0.00;oca-l10n-brazil/tipi
30043911;Somatotropina;0.00;oca-l10n-brazil/tipi
30043912;Gonadotropina coriônica (hCG);0.00;oca-l10n-brazil/tipi
30043913;Menotropinas;0.00;oca-l10n-brazil/tipi
30043914;Corticotropina (ACTH);0.00;oca-l10n-brazil/tipi
30043915;Gonadotropina sérica (PMSG);0.00;oca-l10n-brazil/tipi
30043916;Somatostatina ou seus sais;0.00;oca-l10n-brazil/tipi
30043917;Buserelina ou seu acetato;0.00;oca-l10n-brazil/tipi
30043918;Triptorelina ou seus sais;0.00;oca-l10n-brazil/tipi
30043919;Leuprolida ou seu acetato;0.00;oca-l10n-brazil/tipi
30043921;LH-RH (gonadorelina);0.00;oca-l10n-brazil/tipi
30043922;Oxitocina;0.00;oca-l10n-brazil/tipi
30043923;Sais de insulina;0.00;oca-l10n-brazil/tipi
30043924;Timosinas;0.00;oca-l10n-brazil/tipi
30043925;Calcitonina;0.00;oca-l10n-brazil/tipi
30043926;Octreotida;0.00;oca-l10n-brazil/tipi
30043927;Goserelina ou seu acetato;0.00;oca-l10n-brazil/tipi
30043928;Nafarelina ou seu acetato;0.00;oca-l10n-brazil/tipi
30043929;Outros;0.00;oca-l10n-brazil/tipi
30043931;Hemissuccinato de estradiol;0.00;oca-l10n-brazil/tipi
30043932;Fempropionato de estradiol;0.00;oca-l10n-brazil/tipi
30043933;Estriol ou seu succinato;0.00;oca-l10n-brazil/tipi
30043934;Alilestrenol;0.00;oca-l10n-brazil/tipi
30043935;Linestrenol;0.00;oca-l10n-brazil/tipi
30043936;"Acetato de megestrol; formestano; fulvestranto";0.00;oca-l10n-brazil/tipi
30043937;Desogestrel;0.00;oca-l10n-brazil/tipi
30043939;Outros;0.00;oca-l10n-brazil/tipi
30043981;Levotiroxina sódica;0.00;oca-l10n-brazil/tipi
30043982;Liotironina sódica;0.00;oca-l10n-brazil/tipi
30043991;Sal sódico ou éster metílico do ácido 9,11,15-triidroxi-16-(3-clorofenoxi)prosta-5,13-dien-1-oico...;0.00;oca-l10n-brazil/tipi
30043992;Tiratricol (triac) ou seu sal sódico;0.00;oca-l10n-brazil/tipi
30043994;Exemestano;0.00;oca-l10n-brazil/tipi
30043999;Outros;0.00;oca-l10n-brazil/tipi
30044100;Que contenham efedrina ou seus sais;0.00;oca-l10n-brazil/tipi
30044200;Que contenham pseudoefedrina (DCI) ou seus sais;0.00;oca-l10n-brazil/tipi
30044300;Que contenham norefedrina ou seus sais;0.00;oca-l10n-brazil/tipi
30044910;"Vimblastina; vincristina; derivados destes produtos; topotecan ou seu cloridrato";0.00;oca-l10n-brazil/tipi
30044920;Pilocarpina, seu nitrato ou seu cloridrato;0.00;oca-l10n-brazil/tipi
30044930;Metanossulfonato de di-hidroergocristina;0.00;oca-l10n-brazil/tipi
30044940;Codeína ou seus sais;0.00;oca-l10n-brazil/tipi
30044950;"Granisetron; tropisetrona ou seu cloridrato";0.00;oca-l10n-brazil/tipi
30044990;Outros;0.00;oca-l10n-brazil/tipi
30045010;Folinato de cálcio (leucovorina);0.00;oca-l10n-brazil/tipi
30045020;Nicotinamida;0.00;oca-l10n-brazil/tipi
30045030;"Hidroxocobalamina ou seus sais; cianocobalamina";0.00;oca-l10n-brazil/tipi
30045040;Vitamina A1 (retinol) ou seus derivados, exceto o ácido retinoico (tretinoína);0.00;oca-l10n-brazil/tipi
30045050;"D-Pantotenato de cálcio; vitamina D3 (colecalciferol)";0.00;oca-l10n-brazil/tipi
30045060;Ácido retinoico (tretinoína);0.00;oca-l10n-brazil/tipi
30045090;Outros;0.00;oca-l10n-brazil/tipi
30046000;Outros, que contenham princípios ativos antimaláricos (antipalúdicos) descritos na Nota de subpos...;0.00;oca-l10n-brazil/tipi
30049011;Estreptoquinase;0.00;oca-l10n-brazil/tipi
30049012;L-Asparaginase;0.00;oca-l10n-brazil/tipi
30049013;Deoxirribonuclease;0.00;oca-l10n-brazil/tipi
30049014;Idursulfase;0.00;oca-l10n-brazil/tipi
30049015;"alfa-Agalsidase; alfavelaglicerase";0.00;oca-l10n-brazil/tipi
30049019;Outros;0.00;oca-l10n-brazil/tipi
30049021;"Permetrina; nitrato de propatila; benzoato de benzila; dioctilsulfossuccinato de sódio";0.00;oca-l10n-brazil/tipi
30049022;"Ácido cólico; ácido deoxicólico; sal magnésico do ácido deidrocólico";0.00;oca-l10n-brazil/tipi
30049023;Ácido glucônico, seus sais ou seus ésteres;0.00;oca-l10n-brazil/tipi
30049024;"Ácido o-acetilsalicílico; o-acetilsalicilato de alumínio; salicilato de metila; diclorvós";0.00;oca-l10n-brazil/tipi
30049025;Lactofosfato de cálcio;0.00;oca-l10n-brazil/tipi
30049026;"Ácido láctico, seus sais ou seus ésteres; ácido 4-(4-hidroxifenoxi)-3,5-di-iodofenilacético; ácid...";0.00;oca-l10n-brazil/tipi
30049027;Nitroglicerina, destinada a ser administrada por via percutânea;0.00;oca-l10n-brazil/tipi
30049028;"Etretinato; fosfestrol ou seus sais de di ou tetrassódio";0.00;oca-l10n-brazil/tipi
30049029;Outros;0.00;oca-l10n-brazil/tipi
30049031;"Sulfato de tranilcipromina; dietilpropiona";0.00;oca-l10n-brazil/tipi
30049032;Cloridrato de ketamina;0.00;oca-l10n-brazil/tipi
30049033;Clembuterol ou seu cloridrato;0.00;oca-l10n-brazil/tipi
30049034;Tamoxifen ou seu citrato;0.00;oca-l10n-brazil/tipi
30049035;"Levodopa; alfa-metildopa";0.00;oca-l10n-brazil/tipi
30049036;"Cloridrato de fenilefrina; mirtecaína; propranolol ou seus sais";0.00;oca-l10n-brazil/tipi
30049037;"Diclofenaco de sódio; diclofenaco de potássio; diclofenaco de dietilamônio";0.00;oca-l10n-brazil/tipi
30049038;"Clorambucil; clormetina (DCI) ou seu cloridrato; melfalano; toremifene ou seu citrato";0.00;oca-l10n-brazil/tipi
30049039;Outros;0.00;oca-l10n-brazil/tipi
30049041;"Metoclopramida ou seu cloridrato; closantel";0.00;oca-l10n-brazil/tipi
30049042;"Atenolol; prilocaína ou seu cloridrato; talidomida";0.00;oca-l10n-brazil/tipi
30049043;"Lidocaína ou seu cloridrato; flutamida";0.00;oca-l10n-brazil/tipi
30049044;Femproporex;0.00;oca-l10n-brazil/tipi
30049045;"Paracetamol; bromoprida";0.00;oca-l10n-brazil/tipi
30049046;"Amitraz; cipermetrina";0.00;oca-l10n-brazil/tipi
30049047;"Clorexidina ou seus sais; isetionato de pentamidina";0.00;oca-l10n-brazil/tipi
30049048;"Aminoglutetimida; carmustina; deferoxamina (desferrioxamina B) ou seus sais, derivados destes pro...";0.00;oca-l10n-brazil/tipi
30049049;Outros;0.00;oca-l10n-brazil/tipi
30049051;Quercetina;0.00;oca-l10n-brazil/tipi
30049052;Tiaprida;0.00;oca-l10n-brazil/tipi
30049053;Etidronato dissódico;0.00;oca-l10n-brazil/tipi
30049054;Cloridrato de amiodarona;0.00;oca-l10n-brazil/tipi
30049055;"Nitrovin; moxidectina";0.00;oca-l10n-brazil/tipi
30049057;"Carbocisteína; sulfiram";0.00;oca-l10n-brazil/tipi
30049058;"Ácido clodrônico ou seu sal dissódico; estreptozocina; fotemustina";0.00;oca-l10n-brazil/tipi
30049059;Outros;0.00;oca-l10n-brazil/tipi
30049061;"Terfenadina; talniflumato; malato ácido de cleboprida; econazol ou seu nitrato; nitrato de isocon...";0.00;oca-l10n-brazil/tipi
30049062;"Cloridrato de loperamida; fembendazol; ketorolac trometamina; nifedipina nimodipina; nitrendipina";0.00;oca-l10n-brazil/tipi
30049063;"Albendazol ou seu sulfóxido; mebendazol; 6-mercaptopurina; metilsulfato de amezínio; oxifendazol;...";0.00;oca-l10n-brazil/tipi
30049064;"Alprazolam; bromazepam; clordiazepóxido; cloridrato de petidina; diazepam; droperidol; mazindol;...";0.00;oca-l10n-brazil/tipi
30049065;"Benzetimida ou seu cloridrato; fenitoína ou seu sal sódico; isoniazida; pirazinamida";0.00;oca-l10n-brazil/tipi
30049066;"Ácido 2-(2-metil-3-cloroanilina)nicotínico ou seu sal de lisina; metronidazol ou seus sais; azati...";0.00;oca-l10n-brazil/tipi
30049067;"Enrofloxacina; maleato de enalapril; maleato de pirilamina; nicarbazina; norfloxacina; sais de pi...";0.00;oca-l10n-brazil/tipi
30049068;"Altretamina; bortezomib; cloridrato de erlotinibe; dacarbazina; disoproxilfumarato de tenofovir;...";0.00;oca-l10n-brazil/tipi
30049069;Outros;0.00;oca-l10n-brazil/tipi
30049071;"Levamisol ou seus sais; tetramisol";0.00;oca-l10n-brazil/tipi
30049072;"Sulfadiazina ou seu sal sódico; sulfametoxazol";0.00;oca-l10n-brazil/tipi
30049073;"Cloxazolam; ketazolam; piroxicam; tenoxicam";0.00;oca-l10n-brazil/tipi
30049074;"Ftalilsulfatiazol; inosina";0.00;oca-l10n-brazil/tipi
30049075;"Enantato de flufenazina; prometazina; gliburida; rutosídio; deslanosídio";0.00;oca-l10n-brazil/tipi
30049076;"Clortalidona; furosemida";0.00;oca-l10n-brazil/tipi
30049077;"Cloridrato de tizanidina; cetoconazol; furazolidona";0.00;oca-l10n-brazil/tipi
30049078;"Amprenavir; aprepitanto; delavirdina ou seu mesilato; efavirenz; emtricitabina; etopósido; everol...";0.00;oca-l10n-brazil/tipi
30049079;Outros;0.00;oca-l10n-brazil/tipi
30049091;Extrato de pólen;0.00;oca-l10n-brazil/tipi
30049092;"Crisarobina; disofenol";0.00;oca-l10n-brazil/tipi
30049093;Diclofenaco resinato;0.00;oca-l10n-brazil/tipi
30049094;Silimarina;0.00;oca-l10n-brazil/tipi
30049095;"Bussulfano; dexormaplatina; dietilestilbestrol ou seu dipropionato; enloplatina; iproplatina; lob...";0.00;oca-l10n-brazil/tipi
30049096;Complexo de ferro dextrana;0.00;oca-l10n-brazil/tipi
30049097;Sevoflurano;0.00;oca-l10n-brazil/tipi
30049098;Regenerador de cartilagem, constituído por colágeno moldado, absorvível;;sem-ipi-na-fonte
30049099;Outros;0.00;oca-l10n-brazil/tipi
30051010;Impregnados ou recobertos de substâncias farmacêuticas;0.00;oca-l10n-brazil/tipi
30051020;Curativos (pensos) cirúrgicos que permitem a observação direta de feridas;0.00;oca-l10n-brazil/tipi
30051030;Curativos (pensos) impermeáveis aplicáveis sobre mucosas;0.00;oca-l10n-brazil/tipi
30051040;Curativos (pensos) com obturador próprios para colostomia (cones obturadores);0.00;oca-l10n-brazil/tipi
30051050;Curativos (pensos) com fecho de correr próprios para fechar ferimentos;0.00;oca-l10n-brazil/tipi
30051090;Outros;0.00;oca-l10n-brazil/tipi
30059011;De ácido poliglicólico;0.00;oca-l10n-brazil/tipi
30059012;De copolímeros de ácido glicólico e ácido láctico;0.00;oca-l10n-brazil/tipi
30059019;Outros;0.00;oca-l10n-brazil/tipi
30059020;Campos cirúrgicos, de falso tecido (tecido não tecido);0.00;oca-l10n-brazil/tipi
30059090;Outros;0.00;oca-l10n-brazil/tipi
30061010;Materiais para suturas cirúrgicas, de polidioxanona;0.00;oca-l10n-brazil/tipi
30061020;Materiais para suturas cirúrgicas, de aço inoxidável;0.00;oca-l10n-brazil/tipi
30061090;Outros;0.00;oca-l10n-brazil/tipi
30063011;À base de ioexol;0.00;oca-l10n-brazil/tipi
30063012;À base de iocarmato de dimeglumina ou de iodixanol;0.00;oca-l10n-brazil/tipi
30063013;À base de iopamidol;0.00;oca-l10n-brazil/tipi
30063015;À base de dióxido de zircônio e sulfato de gentamicina;0.00;oca-l10n-brazil/tipi
30063016;À base de diatrizoato de sódio ou de meglumina;0.00;oca-l10n-brazil/tipi
30063017;À base de iomeprol, iopromida ou de ioversol;0.00;oca-l10n-brazil/tipi
30063018;À base de iotalamato de sódio, de iotalamato de meglumina ou de suas misturas;0.00;oca-l10n-brazil/tipi
30063019;Outras;0.00;oca-l10n-brazil/tipi
30063021;À base de somatoliberina;0.00;oca-l10n-brazil/tipi
30063029;Outros;0.00;oca-l10n-brazil/tipi
30064011;Cimentos;0.00;oca-l10n-brazil/tipi
30064012;Outros produtos para obturação dentária;0.00;oca-l10n-brazil/tipi
30064020;Cimentos para reconstituição óssea;0.00;oca-l10n-brazil/tipi
30065000;Estojos e caixas de primeiros socorros, guarnecidos;0.00;oca-l10n-brazil/tipi
30066000;Preparações químicas contraceptivas à base de hormônios, de outros produtos da posição 29.37 ou d...;0.00;oca-l10n-brazil/tipi
30067000;Preparações apresentadas sob a forma de gel concebidas para uso em medicina humana ou veterinária...;0.00;oca-l10n-brazil/tipi
30069110;Bolsas para colostomia, ileostomia e urostomia;0.00;oca-l10n-brazil/tipi
30069190;Outros;0.00;oca-l10n-brazil/tipi
30069200;Resíduos farmacêuticos;0.00;oca-l10n-brazil/tipi
30069300;Placebos e estojos para ensaios clínicos cegos (ou duplo-cegos) destinados a um ensaio clínico re...;0.00;oca-l10n-brazil/tipi
31010000;Adubos (fertilizantes) de origem animal ou vegetal, mesmo misturados entre si ou tratados quimica...;0.00;oca-l10n-brazil/tipi
31021010;Que contenha, em peso, mais de 45 % de nitrogênio (azoto), calculado sobre o produto anidro no es...;0.00;oca-l10n-brazil/tipi
31021090;Outra;0.00;oca-l10n-brazil/tipi
31022100;Sulfato de amônio;0.00;oca-l10n-brazil/tipi
31022910;Sulfonitrato de amônio;0.00;oca-l10n-brazil/tipi
31022990;Outros;0.00;oca-l10n-brazil/tipi
31023000;Nitrato de amônio, mesmo em solução aquosa;0.00;oca-l10n-brazil/tipi
31024000;Misturas de nitrato de amônio com carbonato de cálcio ou com outras matérias inorgânicas desprovi...;0.00;oca-l10n-brazil/tipi
31025011;Que contenha, em peso, 16,3 % ou menos de nitrogênio (azoto);0.00;oca-l10n-brazil/tipi
31025019;Outro;0.00;oca-l10n-brazil/tipi
31025090;Outro;0.00;oca-l10n-brazil/tipi
31026000;Sais duplos e misturas de nitrato de cálcio e de nitrato de amônio;0.00;oca-l10n-brazil/tipi
31028000;Misturas de ureia com nitrato de amônio em soluções aquosas ou amoniacais;0.00;oca-l10n-brazil/tipi
31029000;Outros, incluindo as misturas não mencionadas nas subposições precedentes;0.00;oca-l10n-brazil/tipi
31031100;Que contenham, em peso, 35 % ou mais de pentóxido de difósforo (P2O5);0.00;oca-l10n-brazil/tipi
31031900;Outros;0.00;oca-l10n-brazil/tipi
31039011;Que contenha, em peso, 46 % ou menos de pentóxido de difósforo (P2O5);0.00;oca-l10n-brazil/tipi
31039019;Outros;0.00;oca-l10n-brazil/tipi
31039090;Outros;0.00;oca-l10n-brazil/tipi
31042010;Que contenha, em peso, 60 % ou menos de óxido de potássio (K2O);0.00;oca-l10n-brazil/tipi
31042090;Outros;0.00;oca-l10n-brazil/tipi
31043010;Que contenha, em peso, 52 % ou menos de óxido de potássio (K2O);0.00;oca-l10n-brazil/tipi
31043090;Outros;0.00;oca-l10n-brazil/tipi
31049010;Sulfato duplo de potássio e magnésio, que contenha, em peso, 30 % ou mais de óxido de potássio (K2O);0.00;oca-l10n-brazil/tipi
31049090;Outros;0.00;oca-l10n-brazil/tipi
31051000;Produtos do presente Capítulo apresentados em tabletes ou formas semelhantes, ou ainda em embalag...;0.00;oca-l10n-brazil/tipi
31052000;Adubos (fertilizantes) minerais ou químicos, que contenham os três elementos fertilizantes: nitro...;0.00;oca-l10n-brazil/tipi
31053000;Hidrogeno-ortofosfato de diamônio (fosfato de diamônio ou diamoniacal);0.00;oca-l10n-brazil/tipi
31054000;Di-hidrogeno-ortofosfato de amônio (fosfato de monoamônio ou monoamoniacal), mesmo misturado com...;0.00;oca-l10n-brazil/tipi
31055100;Que contenham nitratos e fosfatos;0.00;oca-l10n-brazil/tipi
31055900;Outros;0.00;oca-l10n-brazil/tipi
31056000;Adubos (fertilizantes) minerais ou químicos, que contenham os dois elementos fertilizantes: fósfo...;0.00;oca-l10n-brazil/tipi
31059011;Que contenha, em peso, 15 % ou menos de nitrogênio (azoto) e 15 % ou menos de óxido de potássio (...;0.00;oca-l10n-brazil/tipi
31059019;Outros;0.00;oca-l10n-brazil/tipi
31059090;Outros;0.00;oca-l10n-brazil/tipi
32011000;Extrato de quebracho;0.00;oca-l10n-brazil/tipi
32012000;Extrato de mimosa;0.00;oca-l10n-brazil/tipi
32019011;De gambir;0.00;oca-l10n-brazil/tipi
32019012;De carvalho ou de castanheiro;0.00;oca-l10n-brazil/tipi
32019019;Outros;0.00;oca-l10n-brazil/tipi
32019020;Taninos;0.00;oca-l10n-brazil/tipi
32019090;Outros;0.00;oca-l10n-brazil/tipi
32021000;Produtos tanantes orgânicos sintéticos;0.00;oca-l10n-brazil/tipi
32029011;À base de sais de cromo;0.00;oca-l10n-brazil/tipi
32029012;À base de sais de titânio;0.00;oca-l10n-brazil/tipi
32029013;À base de sais de zircônio;0.00;oca-l10n-brazil/tipi
32029019;Outros;0.00;oca-l10n-brazil/tipi
32029021;À base de compostos de cromo;0.00;oca-l10n-brazil/tipi
32029029;Outros;0.00;oca-l10n-brazil/tipi
32029030;Preparações enzimáticas para a pré-curtimenta;0.00;oca-l10n-brazil/tipi
32030011;Hemateína;0.00;oca-l10n-brazil/tipi
32030012;Fisetina;0.00;oca-l10n-brazil/tipi
32030013;Morina;0.00;oca-l10n-brazil/tipi
32030019;Outras;0.00;oca-l10n-brazil/tipi
32030021;Carmim de cochonilha;0.00;oca-l10n-brazil/tipi
32030029;Outras;0.00;oca-l10n-brazil/tipi
32030030;Preparações indicadas na Nota 3 do presente Capítulo, à base de matérias corantes de origem veget...;0.00;oca-l10n-brazil/tipi
32041100;Corantes dispersos e preparações à base desses corantes;0.00;oca-l10n-brazil/tipi
32041210;Corantes ácidos, mesmo metalizados, e preparações à base desses corantes;0.00;oca-l10n-brazil/tipi
32041220;Corantes mordentes e preparações à base desses corantes;0.00;oca-l10n-brazil/tipi
32041300;Corantes básicos e preparações à base desses corantes;0.00;oca-l10n-brazil/tipi
32041400;Corantes diretos e preparações à base desses corantes;0.00;oca-l10n-brazil/tipi
32041510;Indigo blue segundo Colour Index 73000;0.00;oca-l10n-brazil/tipi
32041520;Dibenzantrona;0.00;oca-l10n-brazil/tipi
32041530;12,12-Dimetoxidibenzantrona;0.00;oca-l10n-brazil/tipi
32041590;Outros;0.00;oca-l10n-brazil/tipi
32041600;Corantes reagentes e preparações à base desses corantes;0.00;oca-l10n-brazil/tipi
32041700;Pigmentos e preparações à base desses pigmentos;0.00;oca-l10n-brazil/tipi
32041810;Carotenoides;0.00;oca-l10n-brazil/tipi
32041820;Preparações que contenham beta-caroteno, ésteres metílico ou etílico do ácido 8'-apo-beta-caroten...;0.00;oca-l10n-brazil/tipi
32041830;Outras preparações próprias para colorir alimentos;0.00;oca-l10n-brazil/tipi
32041890;Outras;0.00;oca-l10n-brazil/tipi
32041920;Corantes solúveis em solventes (corantes solventes);0.00;oca-l10n-brazil/tipi
32041930;Corantes azoicos;0.00;oca-l10n-brazil/tipi
32041990;Outras;0.00;oca-l10n-brazil/tipi
32042011;Derivados do ácido 4,4-bis-(1,3,5)triazinil-6-aminoestilbeno-2,2-dissulfônico;0.00;oca-l10n-brazil/tipi
32042019;Outros;0.00;oca-l10n-brazil/tipi
32042090;Outros;0.00;oca-l10n-brazil/tipi
32049000;Outros;0.00;oca-l10n-brazil/tipi
32050000;"Lacas corantes; preparações indicadas na Nota 3 do presente Capítulo, à base de lacas corantes.";0.00;oca-l10n-brazil/tipi
32061110;Pigmentos tipo rutilo;0.00;oca-l10n-brazil/tipi
32061120;Outros pigmentos;0.00;oca-l10n-brazil/tipi
32061130;Preparações;0.00;oca-l10n-brazil/tipi
32061910;Pigmento constituído por mica revestida com película de dióxido de titânio;0.00;oca-l10n-brazil/tipi
32061990;Outros;0.00;oca-l10n-brazil/tipi
32062000;Pigmentos e preparações à base de compostos de cromo;0.00;oca-l10n-brazil/tipi
32064100;Ultramar e suas preparações;0.00;oca-l10n-brazil/tipi
32064210;Litopônio;0.00;oca-l10n-brazil/tipi
32064290;Outros;0.00;oca-l10n-brazil/tipi
32064910;Pigmentos e preparações à base de compostos de cádmio;0.00;oca-l10n-brazil/tipi
32064920;Pigmentos e preparações à base de hexacianoferratos (ferrocianetos e ferricianetos);0.00;oca-l10n-brazil/tipi
32064990;Outras;0.00;oca-l10n-brazil/tipi
32065011;Halofosfatos de cálcio ou de estrôncio;0.00;oca-l10n-brazil/tipi
32065019;Outros;0.00;oca-l10n-brazil/tipi
32065021;Halofosfatos de cálcio ou de estrôncio;0.00;oca-l10n-brazil/tipi
32065029;Outros;0.00;oca-l10n-brazil/tipi
32071020;Suspensão de pigmentos em solventes orgânicos, do tipo utilizado em impressoras de jato de tinta...;;sem-ipi-na-fonte
32071030;Outros, à base de zircônio ou de seus sais;;sem-ipi-na-fonte
32071090;Outros;0.00;oca-l10n-brazil/tipi
32072010;Engobos;0.00;oca-l10n-brazil/tipi
32072091;Com um teor, em peso, de prata igual ou superior a 25 % ou de bismuto igual ou superior a 40 %, d...;0.00;oca-l10n-brazil/tipi
32072099;Outras;0.00;oca-l10n-brazil/tipi
32073000;Polimentos (Esmaltes metálicos*) líquidos e preparações semelhantes;0.00;oca-l10n-brazil/tipi
32074010;Fritas de vidro;0.00;oca-l10n-brazil/tipi
32074090;Outros;0.00;oca-l10n-brazil/tipi
32081010;Tintas;3.25;oca-l10n-brazil/tipi
32081020;Vernizes;3.25;oca-l10n-brazil/tipi
32081030;Soluções definidas na Nota 4 do presente Capítulo;3.25;oca-l10n-brazil/tipi
32082011;À base de polímeros acrílicos, apresentadas em sortidos definidos na Nota 3 da Seção VI, do tipo...;3.25;oca-l10n-brazil/tipi
32082019;Outras;3.25;oca-l10n-brazil/tipi
32082020;Vernizes;3.25;oca-l10n-brazil/tipi
32082030;Soluções definidas na Nota 4 do presente Capítulo;3.25;oca-l10n-brazil/tipi
32089010;Tintas;3.25;oca-l10n-brazil/tipi
32089021;À base de derivados de celulose;3.25;oca-l10n-brazil/tipi
32089029;Outros;3.25;oca-l10n-brazil/tipi
32089031;De silicones;6.50;oca-l10n-brazil/tipi
32089039;Outras;6.50;oca-l10n-brazil/tipi
32091010;Tintas;0.00;oca-l10n-brazil/tipi
32091020;Vernizes;0.00;oca-l10n-brazil/tipi
32099011;À base de politetrafluoretileno;0.00;oca-l10n-brazil/tipi
32099019;Outras;0.00;oca-l10n-brazil/tipi
32099020;Vernizes;0.00;oca-l10n-brazil/tipi
32100010;Tintas;6.50;oca-l10n-brazil/tipi
32100020;Vernizes;6.50;oca-l10n-brazil/tipi
32100030;Pigmentos a água preparados, do tipo utilizado para acabamento de couros;6.50;oca-l10n-brazil/tipi
32110000;Secantes preparados.;6.50;oca-l10n-brazil/tipi
32121000;Folhas para marcar a ferro;6.50;oca-l10n-brazil/tipi
32129010;Alumínio em pó ou em lamelas, empastado com solvente do tipo hidrocarbonetos, com um teor de alum...;6.50;oca-l10n-brazil/tipi
32129090;Outros;6.50;oca-l10n-brazil/tipi
32131000;Cores em sortidos;6.50;oca-l10n-brazil/tipi
32139000;Outras;6.50;oca-l10n-brazil/tipi
32141010;Mástique de vidraceiro, cimentos de resina e outras mástiques;1.30;oca-l10n-brazil/tipi
32141020;Indutos utilizados em pintura;1.30;oca-l10n-brazil/tipi
32149000;Outros;0.00;oca-l10n-brazil/tipi
32151100;Pretas;0.00;oca-l10n-brazil/tipi
32151900;Outras;0.00;oca-l10n-brazil/tipi
32159000;Outras;0.00;oca-l10n-brazil/tipi
33011210;De petit grain;3.25;oca-l10n-brazil/tipi
33011290;Outros;3.25;oca-l10n-brazil/tipi
33011300;De limão;3.25;oca-l10n-brazil/tipi
33011910;De lima;3.25;oca-l10n-brazil/tipi
33011990;Outros;3.25;oca-l10n-brazil/tipi
33012400;De hortelã-pimenta (Mentha piperita);3.25;oca-l10n-brazil/tipi
33012510;De menta japonesa (Mentha arvensis);3.25;oca-l10n-brazil/tipi
33012520;De mentha spearmint (Mentha viridis L.);3.25;oca-l10n-brazil/tipi
33012590;Outros;3.25;oca-l10n-brazil/tipi
33012911;De citronela;3.25;oca-l10n-brazil/tipi
33012912;De cedro;3.25;oca-l10n-brazil/tipi
33012913;De pau-santo (Bulnesia sarmientoi);3.25;oca-l10n-brazil/tipi
33012914;De lemongrass;3.25;oca-l10n-brazil/tipi
33012915;De pau-rosa;3.25;oca-l10n-brazil/tipi
33012916;De palma rosa;3.25;oca-l10n-brazil/tipi
33012917;De coriandro;3.25;oca-l10n-brazil/tipi
33012918;De cabreúva;3.25;oca-l10n-brazil/tipi
33012919;De eucalipto;3.25;oca-l10n-brazil/tipi
33012921;De alfazema ou lavanda;3.25;oca-l10n-brazil/tipi
33012922;De vetiver;3.25;oca-l10n-brazil/tipi
33012990;Outros;3.25;oca-l10n-brazil/tipi
33013000;Resinoides;3.25;oca-l10n-brazil/tipi
33019010;Soluções concentradas de óleos essenciais em gorduras, em óleos fixos, em ceras ou em matérias an...;3.25;oca-l10n-brazil/tipi
33019020;Subprodutos terpênicos residuais da desterpenação dos óleos essenciais;3.25;oca-l10n-brazil/tipi
33019030;Águas destiladas aromáticas e soluções aquosas de óleos essenciais;3.25;oca-l10n-brazil/tipi
33019040;Oleorresinas de extração;3.25;oca-l10n-brazil/tipi
33021000;Do tipo utilizado para as indústrias alimentares ou de bebidas;3.25;oca-l10n-brazil/tipi
33029011;Vetiverol;3.25;oca-l10n-brazil/tipi
33029019;Outras;3.25;oca-l10n-brazil/tipi
33029091;Misturas à base de substâncias odoríferas apresentadas sob a forma de microcápsulas;3.25;oca-l10n-brazil/tipi
33029099;Outras;3.25;oca-l10n-brazil/tipi
33030010;Perfumes (extratos);27.30;oca-l10n-brazil/tipi
33030020;Águas-de-colônia;7.80;oca-l10n-brazil/tipi
33041000;Produtos de maquiagem para os lábios;14.30;oca-l10n-brazil/tipi
33042010;Sombra, delineador, lápis para sobrancelhas e rímel;14.30;oca-l10n-brazil/tipi
33042090;Outros;14.30;oca-l10n-brazil/tipi
33043000;Preparações para manicuros e pedicuros;14.30;oca-l10n-brazil/tipi
33049100;Pós, incluindo os compactos;7.80;oca-l10n-brazil/tipi
33049910;"Cremes de beleza e cremes nutritivos; loções tônicas";14.30;oca-l10n-brazil/tipi
33049990;Outros;0.00;oca-l10n-brazil/tipi
33051000;Xampus;4.55;oca-l10n-brazil/tipi
33052000;Preparações para ondulação ou alisamento, permanentes;14.30;oca-l10n-brazil/tipi
33053000;Laquês (Lacas*) para o cabelo;14.30;oca-l10n-brazil/tipi
33059000;Outras;4.55;oca-l10n-brazil/tipi
33061000;Dentifrícios (dentífricos);0.00;oca-l10n-brazil/tipi
33062000;Fios utilizados para limpar os espaços interdentais (fios dentais);0.00;oca-l10n-brazil/tipi
33069000;Outras;0.00;oca-l10n-brazil/tipi
33071000;Preparações para barbear (antes, durante ou após);14.30;oca-l10n-brazil/tipi
33072010;Líquidos;4.55;oca-l10n-brazil/tipi
33072090;Outros;4.55;oca-l10n-brazil/tipi
33073000;Sais perfumados e outras preparações para banhos;14.30;oca-l10n-brazil/tipi
33074100;Agarbate e outras preparações odoríferas que atuem por combustão;14.30;oca-l10n-brazil/tipi
33074900;Outras;22.00;oca-l10n-brazil/tipi
33079000;Outros;7.80;oca-l10n-brazil/tipi
34011110;Sabões medicinais;3.25;oca-l10n-brazil/tipi
34011190;Outros;0.00;oca-l10n-brazil/tipi
34011900;Outros;0.00;oca-l10n-brazil/tipi
34012010;De toucador;3.25;oca-l10n-brazil/tipi
34012090;Outros;3.25;oca-l10n-brazil/tipi
34013000;Produtos e preparações orgânicos tensoativos para lavagem da pele, sob a forma de líquido ou de c...;6.50;oca-l10n-brazil/tipi
34023100;Ácidos sulfônicos de alquilbenzenos lineares e seus sais;3.25;oca-l10n-brazil/tipi
34023910;Dibutilnaftalenossulfato de sódio;3.25;oca-l10n-brazil/tipi
34023920;N-Metil-N-oleiltaurato de sódio;3.25;oca-l10n-brazil/tipi
34023930;Alquilsulfonato de sódio, secundário;3.25;oca-l10n-brazil/tipi
34023990;Outros;3.25;oca-l10n-brazil/tipi
34024110;Acetato de oleilamina;3.25;oca-l10n-brazil/tipi
34024190;Outros;3.25;oca-l10n-brazil/tipi
34024200;Não iônicos;3.25;oca-l10n-brazil/tipi
34024900;Outros;3.25;oca-l10n-brazil/tipi
34025000;Preparações acondicionadas para venda a retalho;3.25;oca-l10n-brazil/tipi
34029011;Que contenham exclusivamente produtos não iônicos;3.25;oca-l10n-brazil/tipi
34029019;Outras;3.25;oca-l10n-brazil/tipi
34029021;Soluções ou emulsões hidroalcoólicas de (1-perfluoralquil-2-acetoxi)propil-betaína;3.25;oca-l10n-brazil/tipi
34029022;À base de nonanoiloxibenzenossulfonato de sódio;3.25;oca-l10n-brazil/tipi
34029023;Soluções ou emulsões hidroalcoólicas de sulfonatos de perfluoralquiltrimetilamônio e de perfluora...;3.25;oca-l10n-brazil/tipi
34029029;Outras;3.25;oca-l10n-brazil/tipi
34029031;À base de nonilfenol etoxilado;3.25;oca-l10n-brazil/tipi
34029039;Outras;3.25;oca-l10n-brazil/tipi
34029090;Outras;3.25;oca-l10n-brazil/tipi
34031110;Para o tratamento de matérias têxteis;9.75;oca-l10n-brazil/tipi
34031120;Para o tratamento de couros e peles;9.75;oca-l10n-brazil/tipi
34031190;Outras;9.75;oca-l10n-brazil/tipi
34031900;Outras;9.75;oca-l10n-brazil/tipi
34039110;Para o tratamento de matérias têxteis;9.75;oca-l10n-brazil/tipi
34039120;Para o tratamento de couros e peles;9.75;oca-l10n-brazil/tipi
34039190;Outras;9.75;oca-l10n-brazil/tipi
34039900;Outras;9.75;oca-l10n-brazil/tipi
34042010;Ceras artificiais;9.75;oca-l10n-brazil/tipi
34042020;Ceras preparadas;9.75;oca-l10n-brazil/tipi
34049011;De polietileno, emulsionáveis;9.75;oca-l10n-brazil/tipi
34049012;Outras, de polietileno;9.75;oca-l10n-brazil/tipi
34049013;De polipropilenoglicóis;9.75;oca-l10n-brazil/tipi
34049014;De dímero de alquilceteno com dois grupos alternados n-alquila de C12, C14 e C16, em grânulos;9.75;oca-l10n-brazil/tipi
34049019;Outras;9.75;oca-l10n-brazil/tipi
34049021;À base de vaselina e álcoois de lanolina (eucerina anidra);9.75;oca-l10n-brazil/tipi
34049022;À base de hidroxiestearil cetil éter;9.75;oca-l10n-brazil/tipi
34049029;Outras;9.75;oca-l10n-brazil/tipi
34051000;Pomadas, cremes e preparações semelhantes, para calçado ou para couros;6.50;oca-l10n-brazil/tipi
34052000;Encáusticas e preparações semelhantes, para conservação e limpeza de móveis de madeira, soalhos e...;6.50;oca-l10n-brazil/tipi
34053000;Preparações para dar brilho a pinturas de carroçarias e produtos semelhantes, exceto preparações...;6.50;oca-l10n-brazil/tipi
34054000;Pastas, pós e outras preparações para arear;6.50;oca-l10n-brazil/tipi
34059000;Outros;6.50;oca-l10n-brazil/tipi
34060000;Velas, pavios, círios e artigos semelhantes.;0.00;oca-l10n-brazil/tipi
34070010;Massas ou pastas para modelar;6.50;oca-l10n-brazil/tipi
34070020;"""Ceras para odontologia""";6.50;oca-l10n-brazil/tipi
34070090;Outras;6.50;oca-l10n-brazil/tipi
35011000;Caseínas;0.00;oca-l10n-brazil/tipi
35019011;Caseinato de sódio;0.00;oca-l10n-brazil/tipi
35019019;Outros;0.00;oca-l10n-brazil/tipi
35019020;Colas de caseína;0.00;oca-l10n-brazil/tipi
35021100;Seca;0.00;oca-l10n-brazil/tipi
35021900;Outra;0.00;oca-l10n-brazil/tipi
35022000;Lactalbumina, incluindo os concentrados de duas ou mais proteínas de soro de leite;0.00;oca-l10n-brazil/tipi
35029010;Soroalbumina;0.00;oca-l10n-brazil/tipi
35029090;Outros;0.00;oca-l10n-brazil/tipi
35030011;De osseína, com grau de pureza igual ou superior a 99,98 %, em peso;0.00;oca-l10n-brazil/tipi
35030012;De osseína, com grau de pureza inferior a 99,98 %, em peso;0.00;oca-l10n-brazil/tipi
35030019;Outros;0.00;oca-l10n-brazil/tipi
35030090;Outras;0.00;oca-l10n-brazil/tipi
35040011;Peptonas e peptonatos;0.00;oca-l10n-brazil/tipi
35040019;Outros;0.00;oca-l10n-brazil/tipi
35040020;Proteínas de soja em pó, com um teor de proteínas igual ou superior a 90 %, em peso, em base seca;0.00;oca-l10n-brazil/tipi
35040030;Proteínas de batata em pó, com um teor de proteínas igual ou superior a 80 %, em peso, em base seca;0.00;oca-l10n-brazil/tipi
35040090;Outros;0.00;oca-l10n-brazil/tipi
35051000;Dextrina e outros amidos e féculas modificados;0.00;oca-l10n-brazil/tipi
35052000;Colas;0.00;oca-l10n-brazil/tipi
35061010;À base de cianoacrilatos;0.00;oca-l10n-brazil/tipi
35061090;Outros;0.00;oca-l10n-brazil/tipi
35069110;À base de borracha;0.00;oca-l10n-brazil/tipi
35069120;À base de polímeros das posições 39.01 a 39.13, dispersos ou para dispersar em meio aquoso;0.00;oca-l10n-brazil/tipi
35069190;Outros;0.00;oca-l10n-brazil/tipi
35069900;Outros;0.00;oca-l10n-brazil/tipi
35071000;Coalho e seus concentrados;0.00;oca-l10n-brazil/tipi
35079011;Alfa-amilase (Aspergillus oryzae);0.00;oca-l10n-brazil/tipi
35079019;Outros;0.00;oca-l10n-brazil/tipi
35079021;Fibrinucleases;0.00;oca-l10n-brazil/tipi
35079022;Bromelina;0.00;oca-l10n-brazil/tipi
35079023;Estreptoquinase;0.00;oca-l10n-brazil/tipi
35079024;Estreptodornase;0.00;oca-l10n-brazil/tipi
35079025;Mistura de estreptoquinase e estreptodornase;0.00;oca-l10n-brazil/tipi
35079026;Papaína;0.00;oca-l10n-brazil/tipi
35079029;Outros;0.00;oca-l10n-brazil/tipi
35079031;Lisozima e seu cloridrato;0.00;oca-l10n-brazil/tipi
35079032;L-Asparaginase;0.00;oca-l10n-brazil/tipi
35079039;Outros;0.00;oca-l10n-brazil/tipi
35079041;À base de celulases;0.00;oca-l10n-brazil/tipi
35079042;À base de transglutaminase;0.00;oca-l10n-brazil/tipi
35079049;Outras;0.00;oca-l10n-brazil/tipi
36010000;Pólvoras propulsivas.;16.25;oca-l10n-brazil/tipi
36020000;Explosivos preparados, exceto pólvoras propulsivas.;3.25;oca-l10n-brazil/tipi
36031000;Estopins e rastilhos, de segurança;13.00;oca-l10n-brazil/tipi
36032000;Cordéis (cordões) detonantes;13.00;oca-l10n-brazil/tipi
36033000;Escorvas fulminantes;13.00;oca-l10n-brazil/tipi
36034000;Cápsulas fulminantes;13.00;oca-l10n-brazil/tipi
36035000;Inflamadores;13.00;oca-l10n-brazil/tipi
36036000;Detonadores elétricos;13.00;oca-l10n-brazil/tipi
36041000;Fogos de artifício;19.50;oca-l10n-brazil/tipi
36049010;Foguetes e cartuchos contra o granizo e semelhantes;6.50;oca-l10n-brazil/tipi
36049090;Outros;6.50;oca-l10n-brazil/tipi
36050000;Fósforos, exceto os artigos de pirotecnia da posição 36.04.;0.00;oca-l10n-brazil/tipi
36061000;Combustíveis líquidos e combustíveis gasosos liquefeitos, em recipientes do tipo utilizado para c...;13.00;oca-l10n-brazil/tipi
36069000;Outros;13.00;oca-l10n-brazil/tipi
37011010;Sensibilizados em uma face;0.00;oca-l10n-brazil/tipi
37011021;Próprios para uso odontológico;0.00;oca-l10n-brazil/tipi
37011029;Outros;0.00;oca-l10n-brazil/tipi
37012010;Para fotografia a cores (policromo);9.75;oca-l10n-brazil/tipi
37012020;Para fotografia monocromática;9.75;oca-l10n-brazil/tipi
37013010;Para fotografia a cores (policromo);9.75;oca-l10n-brazil/tipi
37013021;De alumínio;9.75;oca-l10n-brazil/tipi
37013022;De poliéster;9.75;oca-l10n-brazil/tipi
37013029;Outras;9.75;oca-l10n-brazil/tipi
37013031;De alumínio;9.75;oca-l10n-brazil/tipi
37013039;Outras;9.75;oca-l10n-brazil/tipi
37013040;Filmes para as artes gráficas;9.75;oca-l10n-brazil/tipi
37013050;Filmes heliográficos, de poliéster;9.75;oca-l10n-brazil/tipi
37013090;Outros;9.75;oca-l10n-brazil/tipi
37019100;Para fotografia a cores (policromo);9.75;oca-l10n-brazil/tipi
37019900;Outros;9.75;oca-l10n-brazil/tipi
37021010;Sensibilizados em uma face;0.00;oca-l10n-brazil/tipi
37021020;Sensibilizados em ambas as faces;0.00;oca-l10n-brazil/tipi
37023100;Para fotografia a cores (policromo);9.75;oca-l10n-brazil/tipi
37023200;Outros, que contenham uma emulsão de halogenetos de prata;9.75;oca-l10n-brazil/tipi
37023900;Outros;9.75;oca-l10n-brazil/tipi
37024100;De largura superior a 610 mm e comprimento superior a 200 m, para fotografia a cores (policromo);9.75;oca-l10n-brazil/tipi
37024210;Para as artes gráficas;9.75;oca-l10n-brazil/tipi
37024290;Outros;9.75;oca-l10n-brazil/tipi
37024310;Para as artes gráficas;9.75;oca-l10n-brazil/tipi
37024320;Heliográficos, de poliéster;9.75;oca-l10n-brazil/tipi
37024390;Outros;9.75;oca-l10n-brazil/tipi
37024410;Para fotografia a cores (policromo);9.75;oca-l10n-brazil/tipi
37024421;Para as artes gráficas;9.75;oca-l10n-brazil/tipi
37024422;Fotopolimerizáveis, sensibilizadas à base de compostos acrílicos, do tipo utilizado para a fabric...;9.75;oca-l10n-brazil/tipi
37024429;Outros;9.75;oca-l10n-brazil/tipi
37025200;De largura não superior a 16 mm;0.00;oca-l10n-brazil/tipi
37025300;De largura superior a 16 mm, mas não superior a 35 mm, e comprimento não superior a 30 m, para di...;9.75;oca-l10n-brazil/tipi
37025411;Em bobinas (filmpacks);9.75;oca-l10n-brazil/tipi
37025412;De 12 exposições (0,5 m de comprimento), de 24 exposições (1,0 m de comprimento) ou de 36 exposiç...;9.75;oca-l10n-brazil/tipi
37025419;Outros;9.75;oca-l10n-brazil/tipi
37025491;Em bobinas (filmpacks);9.75;oca-l10n-brazil/tipi
37025499;Outros;9.75;oca-l10n-brazil/tipi
37025510;De largura igual a 35 mm;0.00;oca-l10n-brazil/tipi
37025590;Outros;9.75;oca-l10n-brazil/tipi
37025600;De largura superior a 35 mm;9.75;oca-l10n-brazil/tipi
37029600;De largura não superior a 35 mm e comprimento não superior a 30 m;0.00;oca-l10n-brazil/tipi
37029700;De largura não superior a 35 mm e comprimento superior a 30 m;9.75;oca-l10n-brazil/tipi
37029800;De largura superior a 35 mm;9.75;oca-l10n-brazil/tipi
37031010;Para fotografia a cores (policromo);9.75;oca-l10n-brazil/tipi
37031021;Papel heliográfico;9.75;oca-l10n-brazil/tipi
37031029;Outros;9.75;oca-l10n-brazil/tipi
37032000;Outros, para fotografia a cores (policromo);15.00;oca-l10n-brazil/tipi
37039010;Papel para fotocomposição;9.75;oca-l10n-brazil/tipi
37039090;Outros;9.75;oca-l10n-brazil/tipi
37040000;Chapas, filmes, papéis, cartões e têxteis, fotográficos, impressionados, mas não revelados.;0.00;oca-l10n-brazil/tipi
37050010;Fotomáscaras sobre vidro plano, positivas, próprias para gravação em pastilhas de silício (chips)...;0.00;oca-l10n-brazil/tipi
37050090;Outros;0.00;oca-l10n-brazil/tipi
37061000;De largura igual ou superior a 35 mm;0.00;oca-l10n-brazil/tipi
37069000;Outros;0.00;oca-l10n-brazil/tipi
37071000;Emulsões para sensibilização;9.75;oca-l10n-brazil/tipi
37079010;Fixadores;9.75;oca-l10n-brazil/tipi
37079021;À base de negro de fumo ou de um corante e resinas termoplásticas, para a reprodução de documento...;9.75;oca-l10n-brazil/tipi
37079029;Outros;9.75;oca-l10n-brazil/tipi
37079030;Compostos diazoicos fotossensíveis para preparação de emulsões;9.75;oca-l10n-brazil/tipi
37079090;Outros;9.75;oca-l10n-brazil/tipi
38011000;Grafita artificial;0.00;oca-l10n-brazil/tipi
38012010;Suspensão semicoloidal em óleos minerais;6.50;oca-l10n-brazil/tipi
38012090;Outros;6.50;oca-l10n-brazil/tipi
38013010;Pasta carbonada para eletrodos;6.50;oca-l10n-brazil/tipi
38013090;Outras;6.50;oca-l10n-brazil/tipi
38019000;Outras;6.50;oca-l10n-brazil/tipi
38021000;Carvões ativados;0.00;oca-l10n-brazil/tipi
38029010;Farinhas siliciosas fósseis;0.00;oca-l10n-brazil/tipi
38029020;Bentonita;0.00;oca-l10n-brazil/tipi
38029030;Atapulgita;0.00;oca-l10n-brazil/tipi
38029040;Outras argilas e terras;0.00;oca-l10n-brazil/tipi
38029050;Bauxita;0.00;oca-l10n-brazil/tipi
38029090;Outros;0.00;oca-l10n-brazil/tipi
38030010;Em bruto;0.00;oca-l10n-brazil/tipi
38030090;Outros;0.00;oca-l10n-brazil/tipi
38040011;Ao sulfito;0.00;oca-l10n-brazil/tipi
38040012;À soda ou ao sulfato;6.50;oca-l10n-brazil/tipi
38040020;Lignossulfonatos;0.00;oca-l10n-brazil/tipi
38051000;Essências de terebintina, de pinheiro ou provenientes da fabricação da pasta de papel ao sulfato;0.00;oca-l10n-brazil/tipi
38059010;Óleo de pinho;6.50;oca-l10n-brazil/tipi
38059090;Outros;0.00;oca-l10n-brazil/tipi
38061000;Colofônias e ácidos resínicos;0.00;oca-l10n-brazil/tipi
38062000;Sais de colofônias, de ácidos resínicos ou de derivados de colofônias ou de ácidos resínicos, exc...;0.00;oca-l10n-brazil/tipi
38063000;Gomas ésteres;6.50;oca-l10n-brazil/tipi
38069011;Colofônias oxidadas, hidrogenadas, desidrogenadas, polimerizadas ou modificadas com ácidos fumári...;0.00;oca-l10n-brazil/tipi
38069012;"Abietatos de metila ou de benzila; hidroabietato de metila";0.00;oca-l10n-brazil/tipi
38069019;Outros;0.00;oca-l10n-brazil/tipi
38069090;Outros;6.50;oca-l10n-brazil/tipi
38070000;"Alcatrões de madeira; óleos de alcatrão de madeira; creosoto de madeira; metileno; breu (pez) veg...";6.50;oca-l10n-brazil/tipi
38085200;DDT (ISO) (clofenotano (DCI)), acondicionado em embalagens com um conteúdo de peso líquido não su...;0.00;oca-l10n-brazil/tipi
38085910;Apresentadas em formas ou embalagens exclusivamente para uso direto em aplicações domissanitárias;0.00;oca-l10n-brazil/tipi
38085921;À base de metamidofós (ISO) ou de monocrotofós (ISO);0.00;oca-l10n-brazil/tipi
38085922;À base de endossulfan (ISO);0.00;oca-l10n-brazil/tipi
38085923;À base de alaclor (ISO);0.00;oca-l10n-brazil/tipi
38085924;À base de 1,2,3,4,5,6-hexaclorocicloexano (HCH (ISO)), incluindo o lindano (ISO, DCI);0.00;oca-l10n-brazil/tipi
38085925;À base de triclorfom (ISO);0.00;oca-l10n-brazil/tipi
38085926;À base de N-etilperfluoroctano sulfonamida;0.00;oca-l10n-brazil/tipi
38085929;Outras;0.00;oca-l10n-brazil/tipi
38086100;Acondicionadas em embalagens com um conteúdo de peso líquido não superior a 300 g;0.00;oca-l10n-brazil/tipi
38086210;À base de alfa-cipermetrina (ISO);0.00;oca-l10n-brazil/tipi
38086290;Outras;0.00;oca-l10n-brazil/tipi
38086910;À base de alfa-cipermetrina (ISO);0.00;oca-l10n-brazil/tipi
38086990;Outras;0.00;oca-l10n-brazil/tipi
38089111;Que contenham bromometano (brometo de metila) ou bromoclorometano;0.00;oca-l10n-brazil/tipi
38089119;Outros;0.00;oca-l10n-brazil/tipi
38089120;Apresentados de outro modo, que contenham bromometano (brometo de metila) ou bromoclorometano;0.00;oca-l10n-brazil/tipi
38089191;À base de acefato ou de Bacillus thuringiensis;0.00;oca-l10n-brazil/tipi
38089192;À base de cipermetrinas ou de permetrina;0.00;oca-l10n-brazil/tipi
38089193;À base de dicrotofós;0.00;oca-l10n-brazil/tipi
38089194;À base de dissulfoton;0.00;oca-l10n-brazil/tipi
38089195;À base de fosfeto de alumínio;0.00;oca-l10n-brazil/tipi
38089196;À base de diclorvós;0.00;oca-l10n-brazil/tipi
38089197;À base de óleo mineral ou de tiometon;0.00;oca-l10n-brazil/tipi
38089199;Outros;0.00;oca-l10n-brazil/tipi
38089211;Que contenham bromometano (brometo de metila) ou bromoclorometano;0.00;oca-l10n-brazil/tipi
38089219;Outros;0.00;oca-l10n-brazil/tipi
38089220;Apresentados de outro modo, que contenham bromometano (brometo de metila) ou bromoclorometano;0.00;oca-l10n-brazil/tipi
38089291;À base de hidróxido de cobre, de oxicloreto de cobre ou de óxido cuproso;0.00;oca-l10n-brazil/tipi
38089292;À base de enxofre ou de ziram;0.00;oca-l10n-brazil/tipi
38089293;À base de mancozeb ou de maneb;0.00;oca-l10n-brazil/tipi
38089294;À base de sulfiram;0.00;oca-l10n-brazil/tipi
38089295;À base de compostos de arsênio, cobre ou cromo, exceto os produtos do subitem 3808.92.91;0.00;oca-l10n-brazil/tipi
38089296;À base de thiram;0.00;oca-l10n-brazil/tipi
38089297;À base de propiconazol;0.00;oca-l10n-brazil/tipi
38089299;Outros;0.00;oca-l10n-brazil/tipi
38089311;Que contenham bromometano (brometo de metila) ou bromoclorometano;0.00;oca-l10n-brazil/tipi
38089319;Outros;0.00;oca-l10n-brazil/tipi
38089321;Que contenham bromometano (brometo de metila) ou bromoclorometano;0.00;oca-l10n-brazil/tipi
38089322;Outros, à base de ácido 2,4-diclorofenoxiacético (2,4-D), de ácido 4-(2,4-diclorofenoxi)butírico...;0.00;oca-l10n-brazil/tipi
38089323;Outros, à base de atrazina ou de diuron;0.00;oca-l10n-brazil/tipi
38089324;Outros, à base de glifosato ou seus sais, de imazaquim ou de lactofen;0.00;oca-l10n-brazil/tipi
38089325;Outros, à base de dicloreto de paraquate, de propanil ou de simazina;0.00;oca-l10n-brazil/tipi
38089326;Outros, à base de trifluralina;0.00;oca-l10n-brazil/tipi
38089327;Outros, à base de imazetapir;0.00;oca-l10n-brazil/tipi
38089328;Outros, à base de ametrina ou de hexazinona;0.00;oca-l10n-brazil/tipi
38089329;Outros;0.00;oca-l10n-brazil/tipi
38089331;Que contenham bromometano (brometo de metila) ou bromoclorometano;0.00;oca-l10n-brazil/tipi
38089332;Outros, apresentados em formas ou embalagens exclusivamente para uso direto em aplicações domissa...;0.00;oca-l10n-brazil/tipi
38089333;Outros;0.00;oca-l10n-brazil/tipi
38089341;Que contenham bromometano (brometo de metila) ou bromoclorometano;0.00;oca-l10n-brazil/tipi
38089349;Outros;0.00;oca-l10n-brazil/tipi
38089351;Que contenham bromometano (brometo de metila) ou bromoclorometano;0.00;oca-l10n-brazil/tipi
38089352;Outros, à base de hidrazida maleica;0.00;oca-l10n-brazil/tipi
38089359;Outros;0.00;oca-l10n-brazil/tipi
38089411;Que contenham bromometano (brometo de metila) ou bromoclorometano;30.00;oca-l10n-brazil/tipi
38089419;Outros;0.00;oca-l10n-brazil/tipi
38089421;Que contenham bromometano (brometo de metila) ou bromoclorometano;19.50;oca-l10n-brazil/tipi
38089422;Outros, à base de 2-(tiocianometiltio) benzotiazol;19.50;oca-l10n-brazil/tipi
38089429;Outros;0.00;oca-l10n-brazil/tipi
38089911;Que contenham bromometano (brometo de metila) ou bromoclorometano;0.00;oca-l10n-brazil/tipi
38089919;Outros;0.00;oca-l10n-brazil/tipi
38089920;Apresentados de outro modo, que contenham bromometano (brometo de metila) ou bromoclorometano;0.00;oca-l10n-brazil/tipi
38089991;Acaricidas à base de amitraz, de clorfenvinfós ou de propargite;0.00;oca-l10n-brazil/tipi
38089992;Acaricidas à base de ciexatin ou de óxido de fembutatina;0.00;oca-l10n-brazil/tipi
38089993;Outros acaricidas;0.00;oca-l10n-brazil/tipi
38089994;Nematicidas à base de metam sódio;0.00;oca-l10n-brazil/tipi
38089995;Outros nematicidas;0.00;oca-l10n-brazil/tipi
38089996;Raticidas;0.00;oca-l10n-brazil/tipi
38089999;Outros;0.00;oca-l10n-brazil/tipi
38091010;Do tipo utilizado na indústria têxtil;0.00;oca-l10n-brazil/tipi
38091090;Outros;0.00;oca-l10n-brazil/tipi
38099110;Aprestos preparados;0.00;oca-l10n-brazil/tipi
38099120;Preparações mordentes;0.00;oca-l10n-brazil/tipi
38099130;Produtos ignífugos;6.50;oca-l10n-brazil/tipi
38099141;À base de parafina ou de derivados de ácidos graxos (gordos);6.50;oca-l10n-brazil/tipi
38099149;Outros;6.50;oca-l10n-brazil/tipi
38099190;Outros;0.00;oca-l10n-brazil/tipi
38099211;À base de parafina ou de derivados de ácidos graxos (gordos);6.50;oca-l10n-brazil/tipi
38099219;Outros;6.50;oca-l10n-brazil/tipi
38099290;Outros;6.50;oca-l10n-brazil/tipi
38099311;À base de parafina ou de derivados de ácidos graxos (gordos);6.50;oca-l10n-brazil/tipi
38099319;Outros;6.50;oca-l10n-brazil/tipi
38099390;Outros;6.50;oca-l10n-brazil/tipi
38101010;Preparações para decapagem de metais;0.00;oca-l10n-brazil/tipi
38101020;Pastas e pós para soldar;0.00;oca-l10n-brazil/tipi
38109000;Outros;0.00;oca-l10n-brazil/tipi
38111100;À base de compostos de chumbo;5.20;oca-l10n-brazil/tipi
38111900;Outras;5.20;oca-l10n-brazil/tipi
38112110;Melhoradores do índice de viscosidade;5.20;oca-l10n-brazil/tipi
38112120;Antidesgastes, anticorrosivos ou antioxidantes, que contenham dialquilditiofosfato de zinco ou di...;5.20;oca-l10n-brazil/tipi
38112130;Dispersantes sem cinzas;5.20;oca-l10n-brazil/tipi
38112140;Detergentes metálicos;5.20;oca-l10n-brazil/tipi
38112150;Outras preparações que contenham, pelo menos, um de quaisquer dos produtos compreendidos nos iten...;5.20;oca-l10n-brazil/tipi
38112190;Outros;5.20;oca-l10n-brazil/tipi
38112910;Dispersantes sem cinzas;5.20;oca-l10n-brazil/tipi
38112920;Detergentes metálicos;5.20;oca-l10n-brazil/tipi
38112990;Outros;5.20;oca-l10n-brazil/tipi
38119010;Dispersantes sem cinzas, para óleos de petróleo combustíveis;5.20;oca-l10n-brazil/tipi
38119090;Outros;5.20;oca-l10n-brazil/tipi
38121000;"Preparações denominadas ""aceleradores de vulcanização""";6.50;oca-l10n-brazil/tipi
38122000;Plastificantes compostos para borracha ou plástico;6.50;oca-l10n-brazil/tipi
38123100;Misturas de oligômeros de 2,2,4-trimetil-1,2-di-hidroquinolina (TMQ);6.50;oca-l10n-brazil/tipi
38123911;Que contenham derivados N-substituídos de p-fenilenodiamina;6.50;oca-l10n-brazil/tipi
38123912;Que contenham fosfitos de alquila, de arila ou de alquil-arila;6.50;oca-l10n-brazil/tipi
38123919;Outros;6.50;oca-l10n-brazil/tipi
38123921;Que contenham derivados N-substituídos de p-fenilenodiamina;6.50;oca-l10n-brazil/tipi
38123929;Outros;6.50;oca-l10n-brazil/tipi
38130010;Que contenham bromoclorodifluorometano, bromotrifluorometano ou dibromotetrafluoroetanos;5.20;oca-l10n-brazil/tipi
38130020;Que contenham hidrobromofluorcarbonetos (HBFC) do metano, do etano ou do propano;5.20;oca-l10n-brazil/tipi
38130030;Que contenham hidroclorofluorcarbonetos (HCFC) do metano, do etano ou do propano;5.20;oca-l10n-brazil/tipi
38130040;Que contenham bromoclorometano;5.20;oca-l10n-brazil/tipi
38130090;Outros;5.20;oca-l10n-brazil/tipi
38140010;Que contenham clorofluorcarbonetos (CFC) do metano, do etano ou do propano, mesmo que contenham h...;6.50;oca-l10n-brazil/tipi
38140020;Que contenham hidroclorofluorcarbonetos (HCFC) do metano, do etano ou do propano, mas que não con...;6.50;oca-l10n-brazil/tipi
38140030;Que contenham tetracloreto de carbono, bromoclorometano ou 1,1,1-tricloroetano (metilclorofórmio);6.50;oca-l10n-brazil/tipi
38140090;Outros;6.50;oca-l10n-brazil/tipi
38151100;Tendo como substância ativa o níquel ou um composto de níquel;6.50;oca-l10n-brazil/tipi
38151210;Em colmeia cerâmica ou metálica para conversão catalítica de gases de escape de veículos;6.50;oca-l10n-brazil/tipi
38151220;Com tamanho de partícula inferior a 500 micrômetros (mícrons);6.50;oca-l10n-brazil/tipi
38151290;Outros;6.50;oca-l10n-brazil/tipi
38151900;Outros;6.50;oca-l10n-brazil/tipi
38159010;Para craqueamento de petróleo;0.00;oca-l10n-brazil/tipi
38159091;Tendo como substância ativa o isoprenilalumínio (IPRA);6.50;oca-l10n-brazil/tipi
38159092;Tendo como substância ativa o óxido de zinco;6.50;oca-l10n-brazil/tipi
38159093;Tendo como substância ativa óxidos de terras raras;6.50;oca-l10n-brazil/tipi
38159099;Outros;6.50;oca-l10n-brazil/tipi
38160011;À base de magnesita calcinada;3.25;oca-l10n-brazil/tipi
38160012;À base de silimanita;3.25;oca-l10n-brazil/tipi
38160019;Outros;3.25;oca-l10n-brazil/tipi
38160021;Que contenham grafita e 50 % ou mais, em peso, de coríndon;6.50;oca-l10n-brazil/tipi
38160029;Outras;6.50;oca-l10n-brazil/tipi
38160090;Outros;0.00;oca-l10n-brazil/tipi
38170010;Misturas de alquilbenzenos;6.50;oca-l10n-brazil/tipi
38170020;Misturas de alquilnaftalenos;6.50;oca-l10n-brazil/tipi
38180010;De silício;6.50;oca-l10n-brazil/tipi
38180090;Outros;6.50;oca-l10n-brazil/tipi
38190000;Fluidos para freios (travões) hidráulicos e outros líquidos preparados para transmissões hidráuli...;6.50;oca-l10n-brazil/tipi
38200000;Preparações anticongelantes e líquidos preparados para descongelamento.;6.50;oca-l10n-brazil/tipi
38210000;Meios de cultura preparados para o desenvolvimento e a manutenção de microrganismos (incluindo os...;0.00;oca-l10n-brazil/tipi
38221100;Para a malária (paludismo);0.00;oca-l10n-brazil/tipi
38221200;Para a zika e outras doenças transmitidas por mosquitos do gênero Aedes;0.00;oca-l10n-brazil/tipi
38221300;Para a determinação dos grupos ou dos fatores sanguíneos;0.00;oca-l10n-brazil/tipi
38221910;Reagentes para determinação de componentes do sangue ou da urina, sobre suporte de papel, em rolo...;0.00;oca-l10n-brazil/tipi
38221920;Reagentes para determinação de glicose no sangue, sobre suporte em tiras, para uso direto;0.00;oca-l10n-brazil/tipi
38221930;Reagentes de origem microbiana para diagnóstico;0.00;oca-l10n-brazil/tipi
38221940;Anticorpos monoclonais em solução tampão, que contenham albumina bovina;0.00;oca-l10n-brazil/tipi
38221990;Outros;0.00;oca-l10n-brazil/tipi
38229000;Outros;0.00;oca-l10n-brazil/tipi
38231100;Ácido esteárico;0.00;oca-l10n-brazil/tipi
38231200;Ácido oleico;0.00;oca-l10n-brazil/tipi
38231300;Ácidos graxos (gordos) do tall oil;0.00;oca-l10n-brazil/tipi
38231910;Ácido caprílico;0.00;oca-l10n-brazil/tipi
38231990;Outros;0.00;oca-l10n-brazil/tipi
38237010;Esteárico;0.00;oca-l10n-brazil/tipi
38237020;Láurico;0.00;oca-l10n-brazil/tipi
38237040;Cetílico;9.75;oca-l10n-brazil/tipi
38237090;Outros;9.75;oca-l10n-brazil/tipi
38241000;Aglutinantes preparados para moldes ou para núcleos de fundição;6.50;oca-l10n-brazil/tipi
38243000;Carbonetos metálicos não aglomerados, misturados entre si ou com aglutinantes metálicos;6.50;oca-l10n-brazil/tipi
38244000;Aditivos preparados para cimentos, argamassas ou concretos (betões);3.25;oca-l10n-brazil/tipi
38245000;Argamassas e concretos (betões), não refratários;0.00;oca-l10n-brazil/tipi
38246000;Sorbitol, exceto o da subposição 2905.44;6.50;oca-l10n-brazil/tipi
38248110;Mistura de óxido de propileno com um conteúdo de óxido de etileno inferior ou igual a 30 %, em peso;6.50;oca-l10n-brazil/tipi
38248190;Outras;6.50;oca-l10n-brazil/tipi
38248210;Que contenham policlorobifenilas (PCB);6.50;oca-l10n-brazil/tipi
38248290;Outras;6.50;oca-l10n-brazil/tipi
38248300;Que contenham fosfato de tris(2,3-dibromopropila);6.50;oca-l10n-brazil/tipi
38248400;Que contenham aldrin (ISO), canfecloro (ISO) (toxafeno), clordano (ISO), clordecona (ISO), DDT (I...;6.50;oca-l10n-brazil/tipi
38248500;Que contenham 1,2,3,4,5,6-hexaclorocicloexano (HCH (ISO)), incluindo o lindano (ISO, DCI);6.50;oca-l10n-brazil/tipi
38248600;Que contenham pentaclorobenzeno (ISO) ou hexaclorobenzeno (ISO);6.50;oca-l10n-brazil/tipi
38248700;Que contenham ácido perfluoroctano sulfônico, seus sais, perfluoroctanossulfonamidas, ou fluoreto...;6.50;oca-l10n-brazil/tipi
38248810;Que contenham éteres tetra- ou pentabromodifenílicos;6.50;oca-l10n-brazil/tipi
38248820;Que contenham éteres hexa-, hepta- ou octabromodifenílicos;6.50;oca-l10n-brazil/tipi
38248900;Que contenham parafinas cloradas de cadeia curta;6.50;oca-l10n-brazil/tipi
38249100;Misturas e preparações constituídas principalmente por metilfosfonato de (5-etil-2-metil-2-óxido-...;6.50;oca-l10n-brazil/tipi
38249200;Ésteres de poliglicol do ácido metilfosfônico;6.50;oca-l10n-brazil/tipi
38249911;Salinomicina micelial;6.50;oca-l10n-brazil/tipi
38249912;Com um teor de cianocobalamina inferior ou igual a 55 %, em peso;6.50;oca-l10n-brazil/tipi
38249913;Da fabricação da primicina amônica;6.50;oca-l10n-brazil/tipi
38249914;Senduramicina sódica, da fabricação da senduramicina;6.50;oca-l10n-brazil/tipi
38249915;Maduramicina amônica, em solução alcoólica, da fabricação da maduramicina;6.50;oca-l10n-brazil/tipi
38249919;Outros;6.50;oca-l10n-brazil/tipi
38249921;"Ácidos graxos (gordos) dimerizados; preparações que contenham ácidos graxos (gordos) dimerizados";6.50;oca-l10n-brazil/tipi
38249922;"Preparações que contenham estearoilbenzoilmetano e palmitoilbenzoilmetano; preparações que conten...";6.50;oca-l10n-brazil/tipi
38249923;Preparações que contenham triglicerídios dos ácidos caprílico e cáprico;6.50;oca-l10n-brazil/tipi
38249924;"Ésteres de álcoois graxos (gordos) de C12 a C20 do ácido metacrílico e suas misturas; ésteres de...";6.50;oca-l10n-brazil/tipi
38249925;"Misturas de ésteres dimetílicos dos ácidos adípico, glutárico e succínico; misturas de ácidos dib...";6.50;oca-l10n-brazil/tipi
38249929;Outros;6.50;oca-l10n-brazil/tipi
38249931;Que contenham isocianatos de hexametileno ou outros isocianatos;6.50;oca-l10n-brazil/tipi
38249932;Que contenham aminas graxas de C8 a C22;6.50;oca-l10n-brazil/tipi
38249933;Que contenham polietilenoaminas e dietilenotriaminas, próprias para a coagulação do látex;6.50;oca-l10n-brazil/tipi
38249934;Outras, que contenham polietilenoaminas;6.50;oca-l10n-brazil/tipi
38249935;Misturas de mono-, di- e triisopropanolaminas;6.50;oca-l10n-brazil/tipi
38249936;Reticulantes para silicones;6.50;oca-l10n-brazil/tipi
38249939;Outras;6.50;oca-l10n-brazil/tipi
38249941;Preparações desincrustantes, anticorrosivas ou antioxidantes;0.00;oca-l10n-brazil/tipi
38249942;Mistura eutética de difenila e óxido de difenila;6.50;oca-l10n-brazil/tipi
38249943;À base de trimetil-3,9-dietildecano;6.50;oca-l10n-brazil/tipi
38249949;Outros;6.50;oca-l10n-brazil/tipi
38249951;Antiespumantes que contenham fosfato de tributila em solução de álcool isopropílico;6.50;oca-l10n-brazil/tipi
38249952;Misturas de polietilenoglicóis;6.50;oca-l10n-brazil/tipi
38249953;Polipropilenoglicol líquido;6.50;oca-l10n-brazil/tipi
38249954;Retardante de chama que contenha misturas de trifenilfosfatos isopropilados;6.50;oca-l10n-brazil/tipi
38249959;Outros;6.50;oca-l10n-brazil/tipi
38249961;À base de gadobenato de dimeglumina, de gadobutrol, de gadopentetato de dimeglumina, de gadoterat...;;sem-ipi-na-fonte
38249962;À base de hexafluoreto de enxofre;;sem-ipi-na-fonte
38249969;Outros;;sem-ipi-na-fonte
38249971;"Cal sodada; carbonato de cálcio hidrófugo";6.50;oca-l10n-brazil/tipi
38249972;"Preparações à base de sílica em suspensão coloidal; nitreto de boro de estrutura cristalina cúbic...";6.50;oca-l10n-brazil/tipi
38249973;"Preparações à base de carboneto de tungstênio (volfrâmio) com níquel como aglomerante; brometo de...";6.50;oca-l10n-brazil/tipi
38249974;Preparações à base de hidróxido de níquel ou de cádmio, de óxido de cádmio ou de óxido ferroso fé...;6.50;oca-l10n-brazil/tipi
38249975;"Preparações utilizadas na elaboração de meios de cultura; trocadores de íons para o tratamento de...";6.50;oca-l10n-brazil/tipi
38249976;Compostos absorventes à base de metais para aperfeiçoar o vácuo nos tubos ou válvulas elétricas;6.50;oca-l10n-brazil/tipi
38249977;Adubos (fertilizantes) foliares que contenham zinco ou manganês;0.00;oca-l10n-brazil/tipi
38249978;Preparações à base de óxido de alumínio e óxido de zircônio, com um conteúdo de óxido de zircônio...;6.50;oca-l10n-brazil/tipi
38249979;Outros;0.00;oca-l10n-brazil/tipi
38249981;Preparações à base de anidrido poliisobutenilsuccínico, em óleo mineral;6.50;oca-l10n-brazil/tipi
38249982;"Halquinol; tetraclorohidroxiglicina de alumínio e zircônio";6.50;oca-l10n-brazil/tipi
38249983;Triisocianato de tiofosfato de fenila ou de trifenilmetano, em solução de cloreto de metileno ou...;6.50;oca-l10n-brazil/tipi
38249984;Que contenham éteres decabromodifenílicos;6.50;oca-l10n-brazil/tipi
38249985;Metilato de sódio em metanol;6.50;oca-l10n-brazil/tipi
38249986;"Maneb; mancozeb; cloreto de benzalcônio";6.50;oca-l10n-brazil/tipi
38249987;Dispersão aquosa de microcápsulas de poliuretano ou de melamina-formaldeído que contenha um precu...;6.50;oca-l10n-brazil/tipi
38249988;Misturas constituídas principalmente pelos compostos seguintes (grupos alquila de C1 a C3, exceto...;6.50;oca-l10n-brazil/tipi
38249989;Outros;6.50;oca-l10n-brazil/tipi
38251000;Resíduos municipais;0.00;oca-l10n-brazil/tipi
38252000;Lamas de tratamento de esgotos (Lamas de depuração*);0.00;oca-l10n-brazil/tipi
38253000;Resíduos clínicos;0.00;oca-l10n-brazil/tipi
38254100;Halogenados;0.00;oca-l10n-brazil/tipi
38254900;Outros;0.00;oca-l10n-brazil/tipi
38255000;Resíduos de soluções decapantes para metais, de fluidos hidráulicos, de fluidos para freios (trav...;0.00;oca-l10n-brazil/tipi
38256100;Que contenham principalmente constituintes orgânicos;0.00;oca-l10n-brazil/tipi
38256900;Outros;0.00;oca-l10n-brazil/tipi
38259000;Outros;0.00;oca-l10n-brazil/tipi
38260000;Biodiesel e suas misturas, que não contenham ou que contenham menos de 70 %, em peso, de óleos de...;0.00;oca-l10n-brazil/tipi
38271110;Que contenham triclorotrifluoroetanos;6.50;oca-l10n-brazil/tipi
38271190;Outras;6.50;oca-l10n-brazil/tipi
38271200;Que contenham hidrobromofluorcarbonetos (HBFC);6.50;oca-l10n-brazil/tipi
38271300;Que contenham tetracloreto de carbono;6.50;oca-l10n-brazil/tipi
38271400;Que contenham 1,1,1-tricloroetano (metilclorofórmio);6.50;oca-l10n-brazil/tipi
38272000;Que contenham bromoclorodifluorometano (halon-1211), bromotrifluorometano (halon-1301) ou dibromo...;6.50;oca-l10n-brazil/tipi
38273110;Que contenham clorodifluorometano e pentafluoroetano;6.50;oca-l10n-brazil/tipi
38273190;Outras;6.50;oca-l10n-brazil/tipi
38273210;Que contenham clorodifluorometano e clorotetrafluoroetano;6.50;oca-l10n-brazil/tipi
38273290;Outras;6.50;oca-l10n-brazil/tipi
38273900;Outras;6.50;oca-l10n-brazil/tipi
38274000;Que contenham brometo de metila (bromometano) ou bromoclorometano;6.50;oca-l10n-brazil/tipi
38275100;Que contenham trifluorometano (HFC-23);10.00;oca-l10n-brazil/tipi
38275900;Outras;10.00;oca-l10n-brazil/tipi
38276100;Que contenham, em massa, 15 % ou mais de 1,1,1-trifluoroetano (HFC-143a);10.00;oca-l10n-brazil/tipi
38276200;Outras, não mencionadas na subposição acima, que contenham, em massa, 55 % ou mais de pentafluoro...;10.00;oca-l10n-brazil/tipi
38276300;Outras, não mencionadas nas subposições acima, que contenham, em massa, 40 % ou mais de pentafluo...;10.00;oca-l10n-brazil/tipi
38276400;Outras, não mencionadas nas subposições acima, que contenham, em massa, 30 % ou mais de 1,1,1,2-t...;10.00;oca-l10n-brazil/tipi
38276500;Outras, não mencionadas nas subposições acima, que contenham, em massa, 20 % ou mais de difluorom...;10.00;oca-l10n-brazil/tipi
38276800;Outras, não mencionadas nas subposições acima, que contenham substâncias das subposições 2903.41...;10.00;oca-l10n-brazil/tipi
38276900;Outras;10.00;oca-l10n-brazil/tipi
38279000;Outras;6.50;oca-l10n-brazil/tipi
39011020;Com carga;5.00;oca-l10n-brazil/tipi
39011030;Sem carga;5.00;oca-l10n-brazil/tipi
39012011;Vulcanizado, de densidade superior a 1,3;3.25;oca-l10n-brazil/tipi
39012019;Outros;3.25;oca-l10n-brazil/tipi
39012021;Vulcanizado, de densidade superior a 1,3;3.25;oca-l10n-brazil/tipi
39012029;Outros;3.25;oca-l10n-brazil/tipi
39013010;Nas formas previstas na Nota 6 a) deste Capítulo;3.25;oca-l10n-brazil/tipi
39013090;Outros;3.25;oca-l10n-brazil/tipi
39014000;Copolímeros de etileno e alfa-olefina, de densidade inferior a 0,94;3.25;oca-l10n-brazil/tipi
39019010;Copolímeros de etileno e ácido acrílico;3.25;oca-l10n-brazil/tipi
39019020;Copolímeros de etileno e monômeros com radicais carboxílicos, inclusive com metacrilato de metila...;3.25;oca-l10n-brazil/tipi
39019030;Polietileno clorossulfonado;3.25;oca-l10n-brazil/tipi
39019040;Polietileno clorado;3.25;oca-l10n-brazil/tipi
39019050;Copolímeros de etileno - ácido metacrílico, com um conteúdo de etileno igual ou superior a 60 %,...;3.25;oca-l10n-brazil/tipi
39019090;Outros;5.00;oca-l10n-brazil/tipi
39021010;Com carga;3.25;oca-l10n-brazil/tipi
39021020;Sem carga;3.25;oca-l10n-brazil/tipi
39022000;Poli-isobutileno;3.25;oca-l10n-brazil/tipi
39023000;Copolímeros de propileno;3.25;oca-l10n-brazil/tipi
39029000;Outros;3.25;oca-l10n-brazil/tipi
39031110;Com carga;3.25;oca-l10n-brazil/tipi
39031120;Sem carga;3.25;oca-l10n-brazil/tipi
39031900;Outros;5.00;oca-l10n-brazil/tipi
39032000;Copolímeros de estireno-acrilonitrila (SAN);3.25;oca-l10n-brazil/tipi
39033010;Com carga;3.25;oca-l10n-brazil/tipi
39033020;Sem carga;3.25;oca-l10n-brazil/tipi
39039010;Copolímeros de metacrilato de metilbutadieno-estireno (MBS);3.25;oca-l10n-brazil/tipi
39039020;Copolímeros de acrilonitrilo-estireno-acrilato de butilo (ASA);3.25;oca-l10n-brazil/tipi
39039090;Outros;3.25;oca-l10n-brazil/tipi
39041010;Obtido por processo de suspensão;3.25;oca-l10n-brazil/tipi
39041020;Obtido por processo de emulsão;3.25;oca-l10n-brazil/tipi
39041090;Outros;3.25;oca-l10n-brazil/tipi
39042100;Não plastificado;3.25;oca-l10n-brazil/tipi
39042200;Plastificado;3.25;oca-l10n-brazil/tipi
39043000;Copolímeros de cloreto de vinila e acetato de vinila;3.25;oca-l10n-brazil/tipi
39044010;Com acetato de vinila, com um ácido dibásico ou com álcool vinílico, nas formas previstas na Nota...;3.25;oca-l10n-brazil/tipi
39044090;Outros;3.25;oca-l10n-brazil/tipi
39045010;Copolímeros de cloreto de vinilideno, sem emulsionante nem plastificante;3.25;oca-l10n-brazil/tipi
39045090;Outros;3.25;oca-l10n-brazil/tipi
39046110;Nas formas previstas na Nota 6 a) deste Capítulo;3.25;oca-l10n-brazil/tipi
39046190;Outros;3.25;oca-l10n-brazil/tipi
39046910;Copolímero de fluoreto de vinilideno e hexafluorpropileno;3.25;oca-l10n-brazil/tipi
39046990;Outros;3.25;oca-l10n-brazil/tipi
39049010;Poli(cloreto de vinila) clorado;3.25;oca-l10n-brazil/tipi
39049090;Outros;3.25;oca-l10n-brazil/tipi
39051200;Em dispersão aquosa;3.25;oca-l10n-brazil/tipi
39051910;Com grupos álcool vinílico, nas formas previstas na Nota 6 b) deste Capítulo;3.25;oca-l10n-brazil/tipi
39051990;Outro;3.25;oca-l10n-brazil/tipi
39052100;Em dispersão aquosa;3.25;oca-l10n-brazil/tipi
39052900;Outros;3.25;oca-l10n-brazil/tipi
39053000;Poli(álcool vinílico), mesmo que contenha grupos acetato não hidrolisados;3.25;oca-l10n-brazil/tipi
39059130;De vinilpirrolidona e acetato de vinila, em solução alcoólica;3.25;oca-l10n-brazil/tipi
39059190;Outros;3.25;oca-l10n-brazil/tipi
39059910;Poli(vinilformal);3.25;oca-l10n-brazil/tipi
39059920;Poli(butiral de vinila);3.25;oca-l10n-brazil/tipi
39059930;Poli(vinilpirrolidona) iodada;3.25;oca-l10n-brazil/tipi
39059990;Outros;3.25;oca-l10n-brazil/tipi
39061000;Poli(metacrilato de metila);0.00;oca-l10n-brazil/tipi
39069011;Poli(ácido acrílico) e seus sais;3.25;oca-l10n-brazil/tipi
39069012;Sal sódico do poli(ácido acrilamídico), solúvel em água;3.25;oca-l10n-brazil/tipi
39069019;Outros;3.25;oca-l10n-brazil/tipi
39069021;Poli(ácido acrílico) e seus sais;3.25;oca-l10n-brazil/tipi
39069022;Copolímero de metacrilato de 2-di-isopropilaminoetila e metacrilato de n-decila, em suspensão de...;3.25;oca-l10n-brazil/tipi
39069029;Outros;3.25;oca-l10n-brazil/tipi
39069031;Poli(ácido acrílico) e seus sais;3.25;oca-l10n-brazil/tipi
39069032;Sal sódico do poli(ácido acrilamídico), solúvel em água;3.25;oca-l10n-brazil/tipi
39069039;Outros;3.25;oca-l10n-brazil/tipi
39069051;Poli(ácido acrílico) e seus sais;;sem-ipi-na-fonte
39069052;Sal sódico do poli(ácido acrilamídico), solúvel em água;;sem-ipi-na-fonte
39069053;Carboxipolimetileno, em pó;;sem-ipi-na-fonte
39069054;Poli(acrilato de sódio), com capacidade de absorção de uma solução aquosa de cloreto de sódio 0,9...;;sem-ipi-na-fonte
39069059;Outros;;sem-ipi-na-fonte
39069061;Copolímero de acrilato de potássio e acrilamida, com capacidade de absorção de água destilada de...;;sem-ipi-na-fonte
39069062;Copolímeros de acrilato de metila-etileno com um conteúdo de acrilato de metila igual ou superior...;;sem-ipi-na-fonte
39069063;Copolímero de acrilato de etila, acrilato de n-butila e acrilato de 2-metoxietila;;sem-ipi-na-fonte
39069064;Copolímero de acrilato de potássio e ácido acrílico, com capacidade de absorção de água destilada...;;sem-ipi-na-fonte
39069065;Copolímero de acrilamida e acrilato de sódio;;sem-ipi-na-fonte
39069069;Outros;;sem-ipi-na-fonte
39071010;Com carga, nas formas previstas na Nota 6 a) deste Capítulo;3.25;oca-l10n-brazil/tipi
39071020;Com carga, nas formas previstas na Nota 6 b) deste Capítulo;3.25;oca-l10n-brazil/tipi
39071031;Polidextrose;3.25;oca-l10n-brazil/tipi
39071039;Outros;3.25;oca-l10n-brazil/tipi
39071041;Polidextrose;3.25;oca-l10n-brazil/tipi
39071042;Outros, em pó que passe através de uma peneira com abertura de malha de 0,85 mm em proporção supe...;3.25;oca-l10n-brazil/tipi
39071049;Outros;3.25;oca-l10n-brazil/tipi
39071091;Em grânulos, de diâmetro de partícula superior a 2 mm, segundo a Norma ASTM E 11-70;3.25;oca-l10n-brazil/tipi
39071099;Outros;3.25;oca-l10n-brazil/tipi
39072100;Metilfosfonato de bis(polioxietileno);3.25;oca-l10n-brazil/tipi
39072911;Com carga;3.25;oca-l10n-brazil/tipi
39072912;Sem carga;3.25;oca-l10n-brazil/tipi
39072920;Politetrametilenoeterglicol;3.25;oca-l10n-brazil/tipi
39072931;Polietilenoglicol 400;3.25;oca-l10n-brazil/tipi
39072939;Outros;3.25;oca-l10n-brazil/tipi
39072941;Poli(epicloridrina);3.25;oca-l10n-brazil/tipi
39072942;Copolímeros de óxido de etileno;3.25;oca-l10n-brazil/tipi
39072949;Outros;3.25;oca-l10n-brazil/tipi
39072991;Poliacetal poliéter (PAPE);;sem-ipi-na-fonte
39072992;Éter metalílico de poli(oxietileno) (HPEG);;sem-ipi-na-fonte
39072999;Outros;;sem-ipi-na-fonte
39073011;Nas formas previstas na Nota 6 a) deste Capítulo;3.25;oca-l10n-brazil/tipi
39073019;Outras;3.25;oca-l10n-brazil/tipi
39073021;Copolímero de tetrabromobisfenol A e epicloridrina (resina epóxida bromada);3.25;oca-l10n-brazil/tipi
39073022;Outras, nas formas previstas na Nota 6 a) deste Capítulo;3.25;oca-l10n-brazil/tipi
39073029;Outras;3.25;oca-l10n-brazil/tipi
39074010;Nas formas previstas na Nota 6 b) deste Capítulo, com transmissão de luz de comprimento de onda d...;3.25;oca-l10n-brazil/tipi
39074020;Em pó ou flocos, com índice de fluidez de massa inferior a 60 g/10 min ou superior a 80 g/10 min...;3.25;oca-l10n-brazil/tipi
39074090;Outros;3.25;oca-l10n-brazil/tipi
39075010;Nas formas previstas na Nota 6 a) deste Capítulo;3.25;oca-l10n-brazil/tipi
39075090;Outras;3.25;oca-l10n-brazil/tipi
39076100;De um índice de viscosidade de 78 ml/g ou mais;3.25;oca-l10n-brazil/tipi
39076900;Outros;3.25;oca-l10n-brazil/tipi
39077000;Poli(ácido láctico);3.25;oca-l10n-brazil/tipi
39079100;Não saturados;3.25;oca-l10n-brazil/tipi
39079911;Com carga de fibra de vidro;3.25;oca-l10n-brazil/tipi
39079912;Outros, nas formas previstas na Nota 6 a) deste Capítulo;3.25;oca-l10n-brazil/tipi
39079919;Outros;3.25;oca-l10n-brazil/tipi
39079991;Nas formas previstas na Nota 6 a) deste Capítulo;3.25;oca-l10n-brazil/tipi
39079992;Poli(épsilon-caprolactona);3.25;oca-l10n-brazil/tipi
39079993;Copolímero de tereftalato de dimetila, cicloexanodimetanol e ácido isoftálico;3.25;oca-l10n-brazil/tipi
39079994;Copolímero de tereftalato de dimetila, cicloexanodimetanol e tetrametil ciclobutanodiol;3.25;oca-l10n-brazil/tipi
39079995;Copolímero de tereftalato de dimetila, cicloexanodimetanol e etilenoglicol;3.25;oca-l10n-brazil/tipi
39079999;Outros;3.25;oca-l10n-brazil/tipi
39081011;Poliamida-11;3.25;oca-l10n-brazil/tipi
39081012;Poliamida-12;3.25;oca-l10n-brazil/tipi
39081013;Poliamida-6 ou poliamida-6,6, com carga;3.25;oca-l10n-brazil/tipi
39081014;Poliamida-6 ou poliamida-6,6, sem carga;3.25;oca-l10n-brazil/tipi
39081019;Outras;3.25;oca-l10n-brazil/tipi
39081021;Poliamida-11;3.25;oca-l10n-brazil/tipi
39081022;Poliamida-12;3.25;oca-l10n-brazil/tipi
39081023;Poliamida-6 ou poliamida-6,6, com carga;3.25;oca-l10n-brazil/tipi
39081025;Poliamida-6, sem carga;3.25;oca-l10n-brazil/tipi
39081026;Poliamida-6,6, sem carga;3.25;oca-l10n-brazil/tipi
39081029;Outras;3.25;oca-l10n-brazil/tipi
39089010;Copolímero de lauril-lactama;3.25;oca-l10n-brazil/tipi
39089020;Obtidas por condensação de ácidos graxos (gordos) dimerizados ou trimerizados com etilenaminas;3.25;oca-l10n-brazil/tipi
39089090;Outras;3.25;oca-l10n-brazil/tipi
39091000;"Resinas ureicas; resinas de tioureia";3.25;oca-l10n-brazil/tipi
39092011;Melamina-formaldeído, em pó;3.25;oca-l10n-brazil/tipi
39092019;Outras;3.25;oca-l10n-brazil/tipi
39092021;Melamina-formaldeído, em pó;3.25;oca-l10n-brazil/tipi
39092029;Outras;3.25;oca-l10n-brazil/tipi
39093100;Poli(isocianato de fenil metileno) (MDI bruto, MDI polimérico);3.25;oca-l10n-brazil/tipi
39093900;Outras;3.25;oca-l10n-brazil/tipi
39094011;Fenol-formaldeído;3.25;oca-l10n-brazil/tipi
39094019;Outras;3.25;oca-l10n-brazil/tipi
39094091;Fenol-formaldeído;3.25;oca-l10n-brazil/tipi
39094099;Outras;3.25;oca-l10n-brazil/tipi
39095011;Soluções em solventes orgânicos;3.25;oca-l10n-brazil/tipi
39095012;Em dispersão aquosa;3.25;oca-l10n-brazil/tipi
39095019;Outros;3.25;oca-l10n-brazil/tipi
39095021;Hidroxilados, com propriedades adesivas;3.25;oca-l10n-brazil/tipi
39095029;Outros;3.25;oca-l10n-brazil/tipi
39100011;Misturas de pré-polímeros lineares e cíclicos, obtidos por hidrólise de dimetildiclorosilano, de...;3.25;oca-l10n-brazil/tipi
39100012;Polidimetilsiloxano, polimetilidrogenosiloxano ou misturas destes produtos, em dispersão;3.25;oca-l10n-brazil/tipi
39100013;Copolímeros de dimetilsiloxano com compostos vinílicos, de viscosidade igual ou superior a 1.000....;3.25;oca-l10n-brazil/tipi
39100019;Outros;3.25;oca-l10n-brazil/tipi
39100021;De vulcanização a quente;3.25;oca-l10n-brazil/tipi
39100029;Outros;3.25;oca-l10n-brazil/tipi
39100030;Resinas;3.25;oca-l10n-brazil/tipi
39100090;Outros;3.25;oca-l10n-brazil/tipi
39111010;Com carga;3.25;oca-l10n-brazil/tipi
39111021;Resinas de petróleo, total ou parcialmente hidrogenadas, de Cor Gardner inferior a 3, segundo Nor...;3.25;oca-l10n-brazil/tipi
39111029;Outros;3.25;oca-l10n-brazil/tipi
39112000;Poli(1,3-fenileno metilfosfonato);3.25;oca-l10n-brazil/tipi
39119011;Politerpenos modificados quimicamente, exceto com fenóis;3.25;oca-l10n-brazil/tipi
39119012;Polieterimidas (PEI) e seus copolímeros;3.25;oca-l10n-brazil/tipi
39119013;Polietersulfonas (PES) e seus copolímeros;3.25;oca-l10n-brazil/tipi
39119014;Poli(sulfeto de fenileno);3.25;oca-l10n-brazil/tipi
39119019;Outros;3.25;oca-l10n-brazil/tipi
39119021;Politerpenos modificados quimicamente, exceto com fenóis;3.25;oca-l10n-brazil/tipi
39119022;Poli(sulfeto de fenileno);3.25;oca-l10n-brazil/tipi
39119023;Polietilenaminas;3.25;oca-l10n-brazil/tipi
39119024;Polieterimidas (PEI) e seus copolímeros;3.25;oca-l10n-brazil/tipi
39119025;Polietersulfonas (PES) e seus copolímeros;3.25;oca-l10n-brazil/tipi
39119026;Polissulfonas;3.25;oca-l10n-brazil/tipi
39119027;Cloreto de hexadimetrina;3.25;oca-l10n-brazil/tipi
39119029;Outros;3.25;oca-l10n-brazil/tipi
39121110;Com carga;3.25;oca-l10n-brazil/tipi
39121120;Sem carga;3.25;oca-l10n-brazil/tipi
39121200;Plastificados;3.25;oca-l10n-brazil/tipi
39122010;Com carga;3.25;oca-l10n-brazil/tipi
39122021;Em álcool, com um teor de não voláteis igual ou superior a 65 %, em peso;3.25;oca-l10n-brazil/tipi
39122029;Outros;3.25;oca-l10n-brazil/tipi
39123111;Com um teor de carboximetilcelulose igual ou superior a 75 %, em peso;3.25;oca-l10n-brazil/tipi
39123119;Outros;3.25;oca-l10n-brazil/tipi
39123121;Com um teor de sais igual ou superior a 75 %, em peso;3.25;oca-l10n-brazil/tipi
39123129;Outros;3.25;oca-l10n-brazil/tipi
39123910;Metil-, etil- e propilcelulose, hidroxiladas;3.25;oca-l10n-brazil/tipi
39123920;Outras metilceluloses;3.25;oca-l10n-brazil/tipi
39123930;Outras etilceluloses;3.25;oca-l10n-brazil/tipi
39123990;Outros;3.25;oca-l10n-brazil/tipi
39129010;Propionato de celulose;3.25;oca-l10n-brazil/tipi
39129020;Acetobutanoato de celulose;3.25;oca-l10n-brazil/tipi
39129031;Em pó;3.25;oca-l10n-brazil/tipi
39129039;Outras;3.25;oca-l10n-brazil/tipi
39129040;Outras celuloses, em pó;3.25;oca-l10n-brazil/tipi
39129090;Outros;3.25;oca-l10n-brazil/tipi
39131000;Ácido algínico, seus sais e seus ésteres;3.25;oca-l10n-brazil/tipi
39139011;Borracha clorada ou cloridratada, nas formas previstas na Nota 6 b) deste Capítulo;3.25;oca-l10n-brazil/tipi
39139012;Borracha clorada, noutras formas;3.25;oca-l10n-brazil/tipi
39139019;Outros;3.25;oca-l10n-brazil/tipi
39139020;Goma xantana;3.25;oca-l10n-brazil/tipi
39139030;Dextrana;3.25;oca-l10n-brazil/tipi
39139040;Proteínas endurecidas;3.25;oca-l10n-brazil/tipi
39139050;Quitosan (Chitosan), seus sais ou seus derivados;3.25;oca-l10n-brazil/tipi
39139060;Sulfato de condroitina;3.25;oca-l10n-brazil/tipi
39139090;Outros;3.25;oca-l10n-brazil/tipi
39140011;De copolímeros de estireno-divinilbenzeno, sulfonados;3.25;oca-l10n-brazil/tipi
39140019;Outros;3.25;oca-l10n-brazil/tipi
39140090;Outros;3.25;oca-l10n-brazil/tipi
39151000;De polímeros de etileno;0.00;oca-l10n-brazil/tipi
39152000;De polímeros de estireno;0.00;oca-l10n-brazil/tipi
39153000;De polímeros de cloreto de vinila;0.00;oca-l10n-brazil/tipi
39159000;De outro plástico;0.00;oca-l10n-brazil/tipi
39161000;De polímeros de etileno;6.50;oca-l10n-brazil/tipi
39162000;De polímeros de cloreto de vinila;3.25;oca-l10n-brazil/tipi
39169010;Monofilamentos;6.50;oca-l10n-brazil/tipi
39169090;Outros;6.50;oca-l10n-brazil/tipi
39171010;De proteínas endurecidas;3.25;oca-l10n-brazil/tipi
39171021;Fibrosas, de celulose regenerada, de diâmetro igual ou superior a 150 mm;3.25;oca-l10n-brazil/tipi
39171029;Outras;3.25;oca-l10n-brazil/tipi
39172100;De polímeros de etileno;0.00;oca-l10n-brazil/tipi
39172210;De seção transversal interna redonda de diâmetro inferior a 6 mm e externa hexagonal;;sem-ipi-na-fonte
39172290;Outros;;sem-ipi-na-fonte
39172300;De polímeros de cloreto de vinila;0.00;oca-l10n-brazil/tipi
39172900;De outro plástico;0.00;oca-l10n-brazil/tipi
39173100;Tubos flexíveis podendo suportar uma pressão de, pelo menos, 27,6 MPa;3.25;oca-l10n-brazil/tipi
39173210;De copolímeros de etileno;3.25;oca-l10n-brazil/tipi
39173221;Tubos capilares, semipermeáveis, próprios para hemodiálise ou para oxigenação sanguínea;0.00;oca-l10n-brazil/tipi
39173229;Outros;3.25;oca-l10n-brazil/tipi
39173230;De poli(tereftalato de etileno);3.25;oca-l10n-brazil/tipi
39173240;De silicones;3.25;oca-l10n-brazil/tipi
39173251;Tubos capilares, semipermeáveis, próprios para hemodiálise;3.25;oca-l10n-brazil/tipi
39173259;Outros;3.25;oca-l10n-brazil/tipi
39173290;Outros;3.25;oca-l10n-brazil/tipi
39173300;Outros, não reforçados com outras matérias, nem associados de outra forma com outras matérias, co...;3.25;oca-l10n-brazil/tipi
39173900;Outros;3.25;oca-l10n-brazil/tipi
39174010;Do tipo utilizado em linhas de sangue para hemodiálise;0.00;oca-l10n-brazil/tipi
39174090;Outros;0.00;oca-l10n-brazil/tipi
39181000;De polímeros de cloreto de vinila;0.00;oca-l10n-brazil/tipi
39189000;De outro plástico;3.25;oca-l10n-brazil/tipi
39191010;De polipropileno;15.00;oca-l10n-brazil/tipi
39191020;De poli(cloreto de vinila);15.00;oca-l10n-brazil/tipi
39191090;Outras;9.75;oca-l10n-brazil/tipi
39199010;De polipropileno;9.75;oca-l10n-brazil/tipi
39199020;De poli(cloreto de vinila);9.75;oca-l10n-brazil/tipi
39199090;Outras;15.00;oca-l10n-brazil/tipi
39201010;De densidade igual ou superior a 0,94, espessura inferior ou igual a 19 micrômetros (mícrons), em...;9.75;oca-l10n-brazil/tipi
39201091;De densidade inferior a 0,94, com óleo de parafina e carga (sílica e negro de fumo), apresentando...;9.75;oca-l10n-brazil/tipi
39201099;Outras;15.00;oca-l10n-brazil/tipi
39202011;De largura inferior ou igual a 12,5 cm e espessura inferior ou igual a 10 micrômetros (mícrons),...;9.75;oca-l10n-brazil/tipi
39202012;De largura inferior ou igual a 1 m e espessura inferior ou igual a 13 micrômetros (mícrons), com...;9.75;oca-l10n-brazil/tipi
39202019;Outras;0.00;oca-l10n-brazil/tipi
39202090;Outras;9.75;oca-l10n-brazil/tipi
39203000;De polímeros de estireno;3.25;oca-l10n-brazil/tipi
39204310;De poli(cloreto de vinila), transparentes, termocontráteis, de espessura inferior ou igual a 250...;9.75;oca-l10n-brazil/tipi
39204390;Outras;9.75;oca-l10n-brazil/tipi
39204900;Outras;3.25;oca-l10n-brazil/tipi
39205100;De poli(metacrilato de metila);9.75;oca-l10n-brazil/tipi
39205900;Outras;9.75;oca-l10n-brazil/tipi
39206100;De policarbonatos;9.75;oca-l10n-brazil/tipi
39206211;De espessura inferior a 5 micrômetros (mícrons);9.75;oca-l10n-brazil/tipi
39206219;Outras;9.75;oca-l10n-brazil/tipi
39206291;Com largura superior a 12 cm, sem qualquer trabalho à superfície;9.75;oca-l10n-brazil/tipi
39206299;Outras;3.25;oca-l10n-brazil/tipi
39206300;De poliésteres não saturados;9.75;oca-l10n-brazil/tipi
39206900;De outros poliésteres;9.75;oca-l10n-brazil/tipi
39207100;De celulose regenerada;9.75;oca-l10n-brazil/tipi
39207310;De espessura inferior ou igual a 0,75 mm;9.75;oca-l10n-brazil/tipi
39207390;Outras;9.75;oca-l10n-brazil/tipi
39207910;De fibra vulcanizada, de espessura inferior ou igual a 1 mm;9.75;oca-l10n-brazil/tipi
39207990;Outros;9.75;oca-l10n-brazil/tipi
39209100;De poli(butiral de vinila);9.75;oca-l10n-brazil/tipi
39209200;De poliamidas;9.75;oca-l10n-brazil/tipi
39209300;De resinas amínicas;9.75;oca-l10n-brazil/tipi
39209400;De resinas fenólicas;9.75;oca-l10n-brazil/tipi
39209910;De silicone;9.75;oca-l10n-brazil/tipi
39209920;De poli(álcool vinílico);9.75;oca-l10n-brazil/tipi
39209930;De polímeros de fluoreto de vinila;9.75;oca-l10n-brazil/tipi
39209940;De poliimida;9.75;oca-l10n-brazil/tipi
39209950;De poli(clorotrifluoretileno);9.75;oca-l10n-brazil/tipi
39209990;Outras;9.75;oca-l10n-brazil/tipi
39211100;De polímeros de estireno;9.75;oca-l10n-brazil/tipi
39211200;De polímeros de cloreto de vinila;9.75;oca-l10n-brazil/tipi
39211310;Com base poliéster, de células abertas, com um número de poros por decímetro linear igual ou supe...;9.75;oca-l10n-brazil/tipi
39211390;Outras;9.75;oca-l10n-brazil/tipi
39211400;De celulose regenerada;9.75;oca-l10n-brazil/tipi
39211900;De outro plástico;9.75;oca-l10n-brazil/tipi
39219011;De resina melamina-formaldeído;3.25;oca-l10n-brazil/tipi
39219012;De polietileno, com reforço de napas de fibras de polietileno paralelizadas, superpostas entre si...;9.75;oca-l10n-brazil/tipi
39219013;De copolímeros de tetrafluoretileno reforçadas com tecido de fibras de politetrafluoretileno, do...;9.75;oca-l10n-brazil/tipi
39219019;Outras;9.75;oca-l10n-brazil/tipi
39219020;De poli(tereftalato de etileno), com camada antiestática à base de gelatina ou de látex em ambas...;9.75;oca-l10n-brazil/tipi
39219090;Outras;9.75;oca-l10n-brazil/tipi
39221000;Banheiras, boxes para chuveiros (polibãs*), pias e lavatórios;0.00;oca-l10n-brazil/tipi
39222000;Assentos e tampas, de sanitários;0.00;oca-l10n-brazil/tipi
39229000;Outros;0.00;oca-l10n-brazil/tipi
39231010;Estojos de plástico, do tipo utilizado para acondicionar discos para sistemas de leitura por raio...;9.75;oca-l10n-brazil/tipi
39231090;Outros;9.75;oca-l10n-brazil/tipi
39232110;De capacidade inferior ou igual a 1.000 cm3;9.75;oca-l10n-brazil/tipi
39232190;Outros;9.75;oca-l10n-brazil/tipi
39232910;De capacidade inferior ou igual a 1.000 cm3;9.75;oca-l10n-brazil/tipi
39232990;Outros;15.00;oca-l10n-brazil/tipi
39233010;Recipientes para gás liquefeito de petróleo (GLP);9.75;oca-l10n-brazil/tipi
39233090;Outros;0.00;oca-l10n-brazil/tipi
39234000;Bobinas, carretéis, canelas e suportes semelhantes;6.50;oca-l10n-brazil/tipi
39235000;Rolhas, tampas, cápsulas e outros dispositivos para fechar recipientes;5.00;oca-l10n-brazil/tipi
39239010;"Paletes simples, paletes-caixas e outros estrados para carga; taipais de paletes";15.00;oca-l10n-brazil/tipi
39239090;Outros;15.00;oca-l10n-brazil/tipi
39241000;Serviços de mesa e outros utensílios de mesa ou de cozinha;6.50;oca-l10n-brazil/tipi
39249000;Outros;6.50;oca-l10n-brazil/tipi
39251000;Reservatórios, cisternas, cubas e recipientes análogos, de capacidade superior a 300 l;0.00;oca-l10n-brazil/tipi
39252000;Portas, janelas e seus caixilhos, alizares e soleiras;0.00;oca-l10n-brazil/tipi
39253000;Postigos, estores (incluindo as venezianas) e artigos semelhantes, e suas partes;3.25;oca-l10n-brazil/tipi
39259010;De poliestireno expandido (EPS);3.25;oca-l10n-brazil/tipi
39259090;Outros;3.25;oca-l10n-brazil/tipi
39261000;Artigos de escritório e artigos escolares;9.75;oca-l10n-brazil/tipi
39262000;Vestuário e seus acessórios (incluindo as luvas, mitenes e semelhantes);6.50;oca-l10n-brazil/tipi
39263000;Guarnições para móveis, carroçarias ou semelhantes;3.25;oca-l10n-brazil/tipi
39264000;Estatuetas e outros objetos de ornamentação;13.00;oca-l10n-brazil/tipi
39269010;Arruelas (anilhas);6.50;oca-l10n-brazil/tipi
39269021;De transmissão;6.50;oca-l10n-brazil/tipi
39269022;Transportadoras;6.50;oca-l10n-brazil/tipi
39269030;Bolsas para uso em medicina (hemodiálise e usos semelhantes);0.00;oca-l10n-brazil/tipi
39269040;Artigos de laboratório ou de farmácia;0.00;oca-l10n-brazil/tipi
39269050;Acessórios do tipo utilizado em linhas de sangue para hemodiálise, tais como: obturadores, inclui...;9.75;oca-l10n-brazil/tipi
39269061;De tetrafluoretileno e éter perfluorometilvinil;9.75;oca-l10n-brazil/tipi
39269069;Outros;9.75;oca-l10n-brazil/tipi
39269090;Outras;0.00;oca-l10n-brazil/tipi
40011000;Látex de borracha natural, mesmo pré-vulcanizado;0.00;oca-l10n-brazil/tipi
40012100;Folhas fumadas;0.00;oca-l10n-brazil/tipi
40012200;Borracha natural tecnicamente especificada (TSNR);0.00;oca-l10n-brazil/tipi
40012910;Crepadas;0.00;oca-l10n-brazil/tipi
40012920;Granuladas ou prensadas;0.00;oca-l10n-brazil/tipi
40012990;Outras;0.00;oca-l10n-brazil/tipi
40013000;Balata, guta-percha, guaiúle, chicle e gomas naturais análogas;0.00;oca-l10n-brazil/tipi
40021110;De estireno-butadieno (SBR);3.25;oca-l10n-brazil/tipi
40021120;De estireno-butadieno carboxilada (XSBR);3.25;oca-l10n-brazil/tipi
40021911;Em chapas, folhas ou tiras;3.25;oca-l10n-brazil/tipi
40021912;Grau alimentício de acordo com o estabelecido pelo Food Chemical Codex, em formas primárias;3.25;oca-l10n-brazil/tipi
40021919;Outras;3.25;oca-l10n-brazil/tipi
40021920;De estireno-butadieno carboxilada (XSBR);3.25;oca-l10n-brazil/tipi
40022010;Óleo;3.25;oca-l10n-brazil/tipi
40022091;1,2-polibutadieno sindiotáctico;3.25;oca-l10n-brazil/tipi
40022099;Outras;3.25;oca-l10n-brazil/tipi
40023100;Borracha de isobuteno-isopreno (butila) (IIR);3.25;oca-l10n-brazil/tipi
40023900;Outras;3.25;oca-l10n-brazil/tipi
40024100;Látex;3.25;oca-l10n-brazil/tipi
40024900;Outras;3.25;oca-l10n-brazil/tipi
40025100;Látex;3.25;oca-l10n-brazil/tipi
40025900;Outras;3.25;oca-l10n-brazil/tipi
40026000;Borracha de isopreno (IR);3.25;oca-l10n-brazil/tipi
40027000;Borracha de etileno-propileno-dieno não conjugado (EPDM);3.25;oca-l10n-brazil/tipi
40028000;Misturas dos produtos da posição 40.01 com produtos da presente posição;3.25;oca-l10n-brazil/tipi
40029100;Látex;3.25;oca-l10n-brazil/tipi
40029910;Borracha estireno-isopreno-estireno;3.25;oca-l10n-brazil/tipi
40029920;Borracha etileno-propileno-dieno não conjugado-propileno (EPDM-propileno);3.25;oca-l10n-brazil/tipi
40029930;Borracha acrilonitrila-butadieno hidrogenada;3.25;oca-l10n-brazil/tipi
40029990;Outras;3.25;oca-l10n-brazil/tipi
40030000;Borracha regenerada, em formas primárias ou em chapas, folhas ou tiras.;3.25;oca-l10n-brazil/tipi
40040000;Desperdícios, resíduos e aparas, de borracha não endurecida, mesmo reduzidos a pó ou a grânulos.;0.00;oca-l10n-brazil/tipi
40051010;Borracha etileno-propileno-dieno não conjugado-propileno (EPDM-propileno), com sílica e plastific...;3.25;oca-l10n-brazil/tipi
40051090;Outras;3.25;oca-l10n-brazil/tipi
40052000;"Soluções; dispersões, exceto as da subposição 4005.10";3.25;oca-l10n-brazil/tipi
40059110;Preparações base para a fabricação de gomas de mascar;3.25;oca-l10n-brazil/tipi
40059190;Outras;3.25;oca-l10n-brazil/tipi
40059910;Preparações base para a fabricação de gomas de mascar;3.25;oca-l10n-brazil/tipi
40059990;Outras;3.25;oca-l10n-brazil/tipi
40061000;Perfis para recauchutagem;3.25;oca-l10n-brazil/tipi
40069000;Outros;3.25;oca-l10n-brazil/tipi
40070011;Recobertos com silicone, mesmo paralelizados;0.00;oca-l10n-brazil/tipi
40070019;Outros;0.00;oca-l10n-brazil/tipi
40070020;Cordas;0.00;oca-l10n-brazil/tipi
40081100;Chapas, folhas e tiras;6.50;oca-l10n-brazil/tipi
40081900;Outros;6.50;oca-l10n-brazil/tipi
40082100;Chapas, folhas e tiras;3.25;oca-l10n-brazil/tipi
40082900;Outros;6.50;oca-l10n-brazil/tipi
40091100;Sem acessórios;6.50;oca-l10n-brazil/tipi
40091210;Com uma pressão de ruptura igual ou superior a 17,3 MPa;6.50;oca-l10n-brazil/tipi
40091290;Outros;6.50;oca-l10n-brazil/tipi
40092110;Com uma pressão de ruptura igual ou superior a 17,3 MPa;6.50;oca-l10n-brazil/tipi
40092190;Outros;6.50;oca-l10n-brazil/tipi
40092210;Com uma pressão de ruptura igual ou superior a 17,3 MPa;6.50;oca-l10n-brazil/tipi
40092290;Outros;6.50;oca-l10n-brazil/tipi
40093100;Sem acessórios;6.50;oca-l10n-brazil/tipi
40093210;Com uma pressão de ruptura igual ou superior a 17,3 MPa;6.50;oca-l10n-brazil/tipi
40093290;Outros;6.50;oca-l10n-brazil/tipi
40094100;Sem acessórios;6.50;oca-l10n-brazil/tipi
40094210;Com uma pressão de ruptura igual ou superior a 17,3 MPa;6.50;oca-l10n-brazil/tipi
40094290;Outros;6.50;oca-l10n-brazil/tipi
40101100;Reforçadas apenas com metal;6.50;oca-l10n-brazil/tipi
40101200;Reforçadas apenas com matérias têxteis;6.50;oca-l10n-brazil/tipi
40101900;Outras;6.50;oca-l10n-brazil/tipi
40103100;Correias de transmissão sem fim, de seção trapezoidal, estriadas, com uma circunferência externa...;6.50;oca-l10n-brazil/tipi
40103200;Correias de transmissão sem fim, de seção trapezoidal, não estriadas, com uma circunferência exte...;6.50;oca-l10n-brazil/tipi
40103300;Correias de transmissão sem fim, de seção trapezoidal, estriadas, com uma circunferência externa...;6.50;oca-l10n-brazil/tipi
40103400;Correias de transmissão sem fim, de seção trapezoidal, não estriadas, com uma circunferência exte...;6.50;oca-l10n-brazil/tipi
40103500;Correias de transmissão sem fim, síncronas, com uma circunferência externa superior a 60 cm, mas...;6.50;oca-l10n-brazil/tipi
40103600;Correias de transmissão sem fim, síncronas, com uma circunferência externa superior a 150 cm, mas...;6.50;oca-l10n-brazil/tipi
40103900;Outras;6.50;oca-l10n-brazil/tipi
40111000;Do tipo utilizado em automóveis de passageiros (incluindo os veículos de uso misto (station wagon...;9.75;oca-l10n-brazil/tipi
40112010;De medida 11,00-24;1.30;oca-l10n-brazil/tipi
40112090;Outros;1.30;oca-l10n-brazil/tipi
40113000;Do tipo utilizado em veículos aéreos;0.00;oca-l10n-brazil/tipi
40114000;Do tipo utilizado em motocicletas;15.00;oca-l10n-brazil/tipi
40115000;Do tipo utilizado em bicicletas;15.00;oca-l10n-brazil/tipi
40117010;"Nas seguintes medidas: 4,00-15; 4,00-18; 4,00-19; 5,00-15; 5,00-16; 5,50-16; 6,00-16; 6,00-19; 6,...";1.30;oca-l10n-brazil/tipi
40117090;Outros;1.30;oca-l10n-brazil/tipi
40118010;Radiais, para dumpers concebidos para serem utilizados fora de rodovias, com seção de largura igu...;9.75;oca-l10n-brazil/tipi
40118020;"Outros, com seção de largura igual ou superior a 1.143 mm (45""), para aros de diâmetro igual ou s...";9.75;oca-l10n-brazil/tipi
40118090;Outros;9.75;oca-l10n-brazil/tipi
40119010;"Com seção de largura igual ou superior a 1.143 mm (45""), para aros de diâmetro igual ou superior...";9.75;oca-l10n-brazil/tipi
40119090;Outros;9.75;oca-l10n-brazil/tipi
40121100;Do tipo utilizado em automóveis de passageiros (incluindo os veículos de uso misto (station wagon...;9.75;oca-l10n-brazil/tipi
40121200;Do tipo utilizado em ônibus (autocarros) ou caminhões;1.30;oca-l10n-brazil/tipi
40121300;Do tipo utilizado em veículos aéreos;0.00;oca-l10n-brazil/tipi
40121900;Outros;1.30;oca-l10n-brazil/tipi
40122000;Pneumáticos usados;0.00;oca-l10n-brazil/tipi
40129010;Flaps;0.00;oca-l10n-brazil/tipi
40129090;Outros;0.00;oca-l10n-brazil/tipi
40131010;Para pneumáticos do tipo utilizado em ônibus ou caminhões, de medida 11,00-24;1.30;oca-l10n-brazil/tipi
40131090;Outras;1.30;oca-l10n-brazil/tipi
40132000;Do tipo utilizado em bicicletas;15.00;oca-l10n-brazil/tipi
40139000;Outras;1.30;oca-l10n-brazil/tipi
40141000;Preservativos;0.00;oca-l10n-brazil/tipi
40149010;Bolsas para gelo ou para água quente;9.75;oca-l10n-brazil/tipi
40149090;Outros;9.75;oca-l10n-brazil/tipi
40151200;Do tipo utilizado em medicina, cirurgia, odontologia ou veterinária;0.00;oca-l10n-brazil/tipi
40151900;Outras;0.00;oca-l10n-brazil/tipi
40159000;Outros;0.00;oca-l10n-brazil/tipi
40161010;Partes de veículos automóveis ou tratores e de máquinas ou aparelhos, não domésticos, dos Capítul...;11.70;oca-l10n-brazil/tipi
40161090;Outras;11.70;oca-l10n-brazil/tipi
40169100;Revestimentos para pisos (pavimentos) e tapetes;9.75;oca-l10n-brazil/tipi
40169200;Borrachas de apagar;0.00;oca-l10n-brazil/tipi
40169300;Juntas, gaxetas e semelhantes;5.20;oca-l10n-brazil/tipi
40169400;Defensas, mesmo infláveis, para atracação de embarcações;5.20;oca-l10n-brazil/tipi
40169510;De salvamento;9.75;oca-l10n-brazil/tipi
40169590;Outros;9.75;oca-l10n-brazil/tipi
40169910;Tampões vedadores para condensadores, de EPDM, com perfurações para terminais;11.70;oca-l10n-brazil/tipi
40169990;Outras;15.00;oca-l10n-brazil/tipi
40170000;Borracha endurecida (ebonite, por exemplo) sob qualquer forma, incluindo os desperdícios e resídu...;9.75;oca-l10n-brazil/tipi
41012000;Couros e peles em bruto, inteiros, não divididos, de peso unitário não superior a 8 kg quando sec...;0.00;oca-l10n-brazil/tipi
41015010;Sem dividir;0.00;oca-l10n-brazil/tipi
41015020;Divididos, com o lado flor;0.00;oca-l10n-brazil/tipi
41015030;Divididos, sem o lado flor;0.00;oca-l10n-brazil/tipi
41019010;Sem dividir;0.00;oca-l10n-brazil/tipi
41019020;Divididos, com o lado flor;0.00;oca-l10n-brazil/tipi
41019030;Divididos, sem o lado flor;0.00;oca-l10n-brazil/tipi
41021000;Com lã (não depiladas);0.00;oca-l10n-brazil/tipi
41022100;Piqueladas;0.00;oca-l10n-brazil/tipi
41022900;Outras;0.00;oca-l10n-brazil/tipi
41032000;De répteis;0.00;oca-l10n-brazil/tipi
41033000;De suínos;0.00;oca-l10n-brazil/tipi
41039000;Outros;0.00;oca-l10n-brazil/tipi
41041111;Couros e peles inteiros, de bovinos (incluindo os búfalos), de superfície unitária não superior a...;0.00;oca-l10n-brazil/tipi
41041112;Outros couros e peles inteiros, de bovinos (incluindo os búfalos), de superfície unitária não sup...;0.00;oca-l10n-brazil/tipi
41041113;Outros couros e peles de bovinos (incluindo os búfalos), com pré-curtimenta vegetal;0.00;oca-l10n-brazil/tipi
41041114;Outros couros e peles de bovinos (incluindo os búfalos);0.00;oca-l10n-brazil/tipi
41041119;Outros;0.00;oca-l10n-brazil/tipi
41041121;Couros e peles inteiros, de bovinos (incluindo os búfalos), de superfície unitária não superior a...;0.00;oca-l10n-brazil/tipi
41041122;Outros couros e peles inteiros, de bovinos (incluindo os búfalos), de superfície unitária não sup...;0.00;oca-l10n-brazil/tipi
41041123;Outros couros e peles de bovinos (incluindo os búfalos), com pré-curtimenta vegetal;0.00;oca-l10n-brazil/tipi
41041124;Outros couros e peles de bovinos (incluindo os búfalos);0.00;oca-l10n-brazil/tipi
41041129;Outros;0.00;oca-l10n-brazil/tipi
41041910;Couros e peles inteiros, de bovinos (incluindo os búfalos), de superfície unitária não superior a...;0.00;oca-l10n-brazil/tipi
41041920;Outros couros e peles inteiros, de bovinos (incluindo os búfalos), de superfície unitária não sup...;0.00;oca-l10n-brazil/tipi
41041930;Outros couros e peles de bovinos (incluindo os búfalos), com pré-curtimenta vegetal;0.00;oca-l10n-brazil/tipi
41041940;Outros couros e peles de bovinos (incluindo os búfalos);0.00;oca-l10n-brazil/tipi
41041990;Outros;0.00;oca-l10n-brazil/tipi
41044110;Couros e peles inteiros, de bovinos (incluindo os búfalos), de superfície unitária não superior a...;0.00;oca-l10n-brazil/tipi
41044120;Outros couros e peles de bovinos (incluindo os búfalos), curtidos ao vegetal, para solas;0.00;oca-l10n-brazil/tipi
41044130;Outros couros e peles de bovinos (incluindo os búfalos);0.00;oca-l10n-brazil/tipi
41044190;Outros;0.00;oca-l10n-brazil/tipi
41044910;Couros e peles inteiros, de bovinos (incluindo os búfalos), de superfície unitária não superior a...;0.00;oca-l10n-brazil/tipi
41044920;Outros couros e peles de bovinos (incluindo os búfalos);0.00;oca-l10n-brazil/tipi
41044990;Outros;0.00;oca-l10n-brazil/tipi
41051010;Com pré-curtimenta vegetal;0.00;oca-l10n-brazil/tipi
41051021;Ao cromo (wet-blue);0.00;oca-l10n-brazil/tipi
41051029;Outras;0.00;oca-l10n-brazil/tipi
41051090;Outras;0.00;oca-l10n-brazil/tipi
41053000;No estado seco (crust);0.00;oca-l10n-brazil/tipi
41062110;Com pré-curtimenta vegetal;0.00;oca-l10n-brazil/tipi
41062121;Ao cromo (wet-blue);0.00;oca-l10n-brazil/tipi
41062129;Outros;0.00;oca-l10n-brazil/tipi
41062190;Outros;0.00;oca-l10n-brazil/tipi
41062200;No estado seco (crust);0.00;oca-l10n-brazil/tipi
41063110;Simplesmente curtidos ao cromo (wet-blue);0.00;oca-l10n-brazil/tipi
41063190;Outros;0.00;oca-l10n-brazil/tipi
41063200;No estado seco (crust);0.00;oca-l10n-brazil/tipi
41064000;De répteis;0.00;oca-l10n-brazil/tipi
41069100;No estado úmido (incluindo wet-blue);0.00;oca-l10n-brazil/tipi
41069200;No estado seco (crust);0.00;oca-l10n-brazil/tipi
41071110;Couros e peles de bovinos (incluindo os búfalos), de superfície unitária não superior a 2,6 m2;0.00;oca-l10n-brazil/tipi
41071120;Outros couros e peles de bovinos (incluindo os búfalos);0.00;oca-l10n-brazil/tipi
41071190;Outros;0.00;oca-l10n-brazil/tipi
41071210;Couros e peles de bovinos (incluindo os búfalos), de superfície unitária não superior a 2,6 m2;0.00;oca-l10n-brazil/tipi
41071220;Outros couros e peles de bovinos (incluindo os búfalos);0.00;oca-l10n-brazil/tipi
41071290;Outros;0.00;oca-l10n-brazil/tipi
41071910;Couros e peles de bovinos (incluindo os búfalos), de superfície unitária não superior a 2,6 m2;0.00;oca-l10n-brazil/tipi
41071920;Outros couros e peles de bovinos (incluindo os búfalos);0.00;oca-l10n-brazil/tipi
41071990;Outros;0.00;oca-l10n-brazil/tipi
41079110;De bovinos (incluindo os búfalos);0.00;oca-l10n-brazil/tipi
41079190;Outros;0.00;oca-l10n-brazil/tipi
41079210;De bovinos (incluindo os búfalos);0.00;oca-l10n-brazil/tipi
41079290;Outros;0.00;oca-l10n-brazil/tipi
41079910;De bovinos (incluindo os búfalos);0.00;oca-l10n-brazil/tipi
41079990;Outros;0.00;oca-l10n-brazil/tipi
41120000;Couros preparados após curtimenta ou após secagem (crusting) e couros e peles apergaminhados, de...;0.00;oca-l10n-brazil/tipi
41131010;Curtidos ao cromo, com acabamento;0.00;oca-l10n-brazil/tipi
41131090;Outros;0.00;oca-l10n-brazil/tipi
41132000;De suínos;0.00;oca-l10n-brazil/tipi
41133000;De répteis;0.00;oca-l10n-brazil/tipi
41139000;Outros;0.00;oca-l10n-brazil/tipi
41141000;Couros e peles acamurçados (incluindo a camurça combinada);0.00;oca-l10n-brazil/tipi
41142010;Envernizados ou revestidos;0.00;oca-l10n-brazil/tipi
41142020;Metalizados;0.00;oca-l10n-brazil/tipi
41151000;Couro reconstituído à base de couro ou de fibras de couro, em chapas, folhas ou tiras, mesmo enro...;0.00;oca-l10n-brazil/tipi
41152000;Aparas e outros desperdícios de couros ou de peles preparados ou de couro reconstituído, não util...;0.00;oca-l10n-brazil/tipi
42010010;De couro natural ou reconstituído;0.00;oca-l10n-brazil/tipi
42010090;Outros;0.00;oca-l10n-brazil/tipi
42021100;Com a superfície exterior de couro natural ou reconstituído;6.50;oca-l10n-brazil/tipi
42021210;De plástico;6.50;oca-l10n-brazil/tipi
42021220;De matérias têxteis;6.50;oca-l10n-brazil/tipi
42021900;Outros;6.50;oca-l10n-brazil/tipi
42022100;Com a superfície exterior de couro natural ou reconstituído;6.50;oca-l10n-brazil/tipi
42022210;De folhas de plástico;6.50;oca-l10n-brazil/tipi
42022220;De matérias têxteis;6.50;oca-l10n-brazil/tipi
42022900;Outras;6.50;oca-l10n-brazil/tipi
42023100;Com a superfície exterior de couro natural ou reconstituído;6.50;oca-l10n-brazil/tipi
42023200;Com a superfície exterior de folhas de plástico ou de matérias têxteis;6.50;oca-l10n-brazil/tipi
42023900;Outros;6.50;oca-l10n-brazil/tipi
42029100;Com a superfície exterior de couro natural ou reconstituído;6.50;oca-l10n-brazil/tipi
42029200;Com a superfície exterior de folhas de plástico ou de matérias têxteis;6.50;oca-l10n-brazil/tipi
42029900;Outros;6.50;oca-l10n-brazil/tipi
42031000;Vestuário;6.50;oca-l10n-brazil/tipi
42032100;Especialmente concebidas para a prática de esportes;6.50;oca-l10n-brazil/tipi
42032900;Outras;0.00;oca-l10n-brazil/tipi
42033000;Cintos, cinturões e bandoleiras ou talabartes;6.50;oca-l10n-brazil/tipi
42034000;Outros acessórios de vestuário;6.50;oca-l10n-brazil/tipi
42050000;Outras obras de couro natural ou reconstituído.;6.50;oca-l10n-brazil/tipi
42060000;Obras de tripa, de baudruches, de bexiga ou de tendões.;0.00;oca-l10n-brazil/tipi
43011000;De visons, inteiras, mesmo com cabeça, cauda ou patas;0.00;oca-l10n-brazil/tipi
43013000;De cordeiros denominados astracã, breitschwanz, caracul, persianer ou semelhantes, de cordeiros d...;0.00;oca-l10n-brazil/tipi
43016000;De raposas, inteiras, mesmo com cabeça, cauda ou patas;0.00;oca-l10n-brazil/tipi
43018000;De outros animais, inteiras, mesmo com cabeça, cauda ou patas;0.00;oca-l10n-brazil/tipi
43019000;Cabeças, caudas, patas e outras partes utilizáveis na indústria de peles;0.00;oca-l10n-brazil/tipi
43021100;De visons;39.00;oca-l10n-brazil/tipi
43021910;De ovinos;6.50;oca-l10n-brazil/tipi
43021990;Outras;6.50;oca-l10n-brazil/tipi
43022000;Cabeças, caudas, patas e outras partes, desperdícios e aparas, não reunidos (não montados);6.50;oca-l10n-brazil/tipi
43023000;Peles com pelo inteiras e respectivos pedaços e aparas, reunidos (montados);26.00;oca-l10n-brazil/tipi
43031000;Vestuário e seus acessórios;6.50;oca-l10n-brazil/tipi
43039000;Outros;6.50;oca-l10n-brazil/tipi
43040000;Peles com pelo artificiais, e suas obras.;6.50;oca-l10n-brazil/tipi
44011100;De coníferas;0.00;oca-l10n-brazil/tipi
44011200;De não coníferas;0.00;oca-l10n-brazil/tipi
44012100;De coníferas;0.00;oca-l10n-brazil/tipi
44012200;De não coníferas;0.00;oca-l10n-brazil/tipi
44013100;Pellets de madeira;0.00;oca-l10n-brazil/tipi
44013200;Briquetes de madeira;0.00;oca-l10n-brazil/tipi
44013900;Outros;0.00;oca-l10n-brazil/tipi
44014100;Serragem (serradura);0.00;oca-l10n-brazil/tipi
44014900;Outros;0.00;oca-l10n-brazil/tipi
44021000;De bambu;0.00;oca-l10n-brazil/tipi
44022000;De cascas ou de caroços;0.00;oca-l10n-brazil/tipi
44029000;Outros;0.00;oca-l10n-brazil/tipi
44031100;De coníferas;0.00;oca-l10n-brazil/tipi
44031200;De não coníferas;0.00;oca-l10n-brazil/tipi
44032100;De pinheiro (Pinus spp.), cuja menor dimensão da seção transversal é igual ou superior a 15 cm;0.00;oca-l10n-brazil/tipi
44032200;De pinheiro (Pinus spp.), outras;0.00;oca-l10n-brazil/tipi
44032300;De abeto (Abies spp.) e de espruce (pícea) (Picea spp.), cuja menor dimensão da seção transversal...;0.00;oca-l10n-brazil/tipi
44032400;De abeto (Abies spp.) e de espruce (pícea) (Picea spp.), outras;0.00;oca-l10n-brazil/tipi
44032500;Outras, cuja menor dimensão da seção transversal é igual ou superior a 15 cm;0.00;oca-l10n-brazil/tipi
44032600;Outras;0.00;oca-l10n-brazil/tipi
44034100;Dark Red Meranti, Light Red Meranti e Meranti Bakau;0.00;oca-l10n-brazil/tipi
44034200;Teca;0.00;oca-l10n-brazil/tipi
44034900;Outras;0.00;oca-l10n-brazil/tipi
44039100;De carvalho (Quercus spp.);0.00;oca-l10n-brazil/tipi
44039300;De faia (Fagus spp.), cuja menor dimensão da seção transversal é igual ou superior a 15 cm;0.00;oca-l10n-brazil/tipi
44039400;De faia (Fagus spp.), outras;0.00;oca-l10n-brazil/tipi
44039500;De bétula (vidoeiro) (Betula spp.), cuja menor dimensão da seção transversal é igual ou superior...;0.00;oca-l10n-brazil/tipi
44039600;De bétula (vidoeiro) (Betula spp.), outras;0.00;oca-l10n-brazil/tipi
44039700;De choupo (álamo) (Populus spp.);0.00;oca-l10n-brazil/tipi
44039800;De eucalipto (Eucalyptus spp.);0.00;oca-l10n-brazil/tipi
44039900;Outras;0.00;oca-l10n-brazil/tipi
44041000;De coníferas;0.00;oca-l10n-brazil/tipi
44042000;De não coníferas;0.00;oca-l10n-brazil/tipi
44050000;"Lã de madeira; farinha de madeira.";0.00;oca-l10n-brazil/tipi
44061100;De coníferas;0.00;oca-l10n-brazil/tipi
44061200;De não coníferas;0.00;oca-l10n-brazil/tipi
44069100;De coníferas;0.00;oca-l10n-brazil/tipi
44069200;De não coníferas;0.00;oca-l10n-brazil/tipi
44071100;De pinheiro (Pinus spp.);0.00;oca-l10n-brazil/tipi
44071200;De abeto (Abies spp.) e de espruce (pícea) (Picea spp.);0.00;oca-l10n-brazil/tipi
44071300;De S-P-F (espruce (pícea) (Picea spp.), pinheiro (Pinus spp.) e abeto (Abies spp.));0.00;oca-l10n-brazil/tipi
44071400;De Hem-fir (tsuga (western hemlock) (Tsuga heterophylla) e abeto (Abies spp.));0.00;oca-l10n-brazil/tipi
44071900;Outras;0.00;oca-l10n-brazil/tipi
44072100;Mahogany (Mogno) (Swietenia spp.);0.00;oca-l10n-brazil/tipi
44072200;Virola, Imbuia e Balsa;0.00;oca-l10n-brazil/tipi
44072300;Teca;0.00;oca-l10n-brazil/tipi
44072500;Dark Red Meranti, Light Red Meranti e Meranti Bakau;0.00;oca-l10n-brazil/tipi
44072600;White Lauan, White Meranti, White Seraya, Yellow Meranti e Alan;0.00;oca-l10n-brazil/tipi
44072700;Sapelli;0.00;oca-l10n-brazil/tipi
44072800;Iroko;0.00;oca-l10n-brazil/tipi
44072910;De cedro;0.00;oca-l10n-brazil/tipi
44072920;De ipê;0.00;oca-l10n-brazil/tipi
44072930;De pau-marfim;0.00;oca-l10n-brazil/tipi
44072940;De louro;0.00;oca-l10n-brazil/tipi
44072950;De canafístula (Peltophorum vogelianum);0.00;oca-l10n-brazil/tipi
44072960;De cabreúva Parda (Myrocarpus spp.);0.00;oca-l10n-brazil/tipi
44072970;De urundei (Astronium balansae);0.00;oca-l10n-brazil/tipi
44072990;Outras;0.00;oca-l10n-brazil/tipi
44079100;De carvalho (Quercus spp.);0.00;oca-l10n-brazil/tipi
44079200;De faia (Fagus spp.);0.00;oca-l10n-brazil/tipi
44079300;De bordo (ácer) (Acer spp.);0.00;oca-l10n-brazil/tipi
44079400;De prunóidea (Prunus spp.);0.00;oca-l10n-brazil/tipi
44079500;De freixo (Fraxinus spp.);0.00;oca-l10n-brazil/tipi
44079600;De bétula (vidoeiro) (Betula spp.);0.00;oca-l10n-brazil/tipi
44079700;De choupo (álamo) (Populus spp.);0.00;oca-l10n-brazil/tipi
44079920;De peroba (Paratecoma peroba);0.00;oca-l10n-brazil/tipi
44079930;De guaiuvira (Patagonula americana);0.00;oca-l10n-brazil/tipi
44079960;De amendoim (Pterogyne nitens);0.00;oca-l10n-brazil/tipi
44079970;De angico preto (Piptadenia macrocarpa);0.00;oca-l10n-brazil/tipi
44079990;Outras;0.00;oca-l10n-brazil/tipi
44081010;Obtidas por corte de madeira estratificada;6.50;oca-l10n-brazil/tipi
44081091;De pinho brasil (Araucaria angustifolia);3.25;oca-l10n-brazil/tipi
44081099;Outras;3.25;oca-l10n-brazil/tipi
44083110;Obtidas por corte de madeira estratificada;6.50;oca-l10n-brazil/tipi
44083190;Outras;3.25;oca-l10n-brazil/tipi
44083910;Obtidas por corte de madeira estratificada;6.50;oca-l10n-brazil/tipi
44083991;De cedro;3.25;oca-l10n-brazil/tipi
44083992;De pau-marfim;3.25;oca-l10n-brazil/tipi
44083999;Outras;3.25;oca-l10n-brazil/tipi
44089010;Obtidas por corte de madeira estratificada;6.50;oca-l10n-brazil/tipi
44089090;Outras;3.25;oca-l10n-brazil/tipi
44091000;De coníferas;6.50;oca-l10n-brazil/tipi
44092100;De bambu;6.50;oca-l10n-brazil/tipi
44092200;De madeiras tropicais;6.50;oca-l10n-brazil/tipi
44092900;Outras;6.50;oca-l10n-brazil/tipi
44101110;Em bruto ou simplesmente polidos;3.25;oca-l10n-brazil/tipi
44101121;Em ambas as faces, com película protetora na face superior e trabalho de encaixe nas quatro later...;0.00;oca-l10n-brazil/tipi
44101129;Outros;3.25;oca-l10n-brazil/tipi
44101190;Outros;3.25;oca-l10n-brazil/tipi
44101210;Em bruto ou simplesmente polidos;3.25;oca-l10n-brazil/tipi
44101290;Outros;3.25;oca-l10n-brazil/tipi
44101911;Em bruto ou simplesmente polidos;3.25;oca-l10n-brazil/tipi
44101919;Outros;3.25;oca-l10n-brazil/tipi
44101991;Em bruto ou simplesmente polidos;3.25;oca-l10n-brazil/tipi
44101992;Recobertos na superfície com papel impregnado de melamina;3.25;oca-l10n-brazil/tipi
44101999;Outros;3.25;oca-l10n-brazil/tipi
44109000;Outros;3.25;oca-l10n-brazil/tipi
44111210;Não trabalhados mecanicamente nem recobertos à superfície;3.25;oca-l10n-brazil/tipi
44111290;Outros;3.25;oca-l10n-brazil/tipi
44111310;Não trabalhados mecanicamente nem recobertos à superfície;3.25;oca-l10n-brazil/tipi
44111391;Recobertos em ambas as faces com papel impregnado de melamina, película protetora na face superio...;0.00;oca-l10n-brazil/tipi
44111399;Outros;3.25;oca-l10n-brazil/tipi
44111410;Não trabalhados mecanicamente nem recobertos à superfície;3.25;oca-l10n-brazil/tipi
44111490;Outros;3.25;oca-l10n-brazil/tipi
44119210;Não trabalhados mecanicamente nem recobertos à superfície;3.25;oca-l10n-brazil/tipi
44119290;Outros;3.25;oca-l10n-brazil/tipi
44119310;Não trabalhados mecanicamente nem recobertos à superfície;3.25;oca-l10n-brazil/tipi
44119390;Outros;3.25;oca-l10n-brazil/tipi
44119410;Não trabalhados mecanicamente nem recobertos à superfície;3.25;oca-l10n-brazil/tipi
44119490;Outros;3.25;oca-l10n-brazil/tipi
44121000;De bambu;3.25;oca-l10n-brazil/tipi
44123100;Com, pelo menos, uma camada exterior de madeira tropical;3.25;oca-l10n-brazil/tipi
44123300;Outras, com, pelo menos, uma camada exterior de madeira não conífera, das espécies amieiro (Alnus...;3.25;oca-l10n-brazil/tipi
44123400;Outras, com, pelo menos, uma camada exterior de madeira não conífera, não especificadas na subpos...;3.25;oca-l10n-brazil/tipi
44123900;Outras, com ambas as camadas exteriores de madeira de coníferas;3.25;oca-l10n-brazil/tipi
44124100;Com, pelo menos, uma camada exterior de madeira tropical;3.25;oca-l10n-brazil/tipi
44124200;Outras, com, pelo menos, uma camada exterior de madeira não conífera;3.25;oca-l10n-brazil/tipi
44124900;Outras, com ambas as camadas exteriores de madeira de coníferas;3.25;oca-l10n-brazil/tipi
44125100;Com, pelo menos, uma camada exterior de madeira tropical;3.25;oca-l10n-brazil/tipi
44125200;Outras, com, pelo menos, uma camada exterior de madeira não conífera;3.25;oca-l10n-brazil/tipi
44125900;Outras, com ambas as camadas exteriores de madeira de coníferas;3.25;oca-l10n-brazil/tipi
44129100;Com, pelo menos, uma camada exterior de madeira tropical;3.25;oca-l10n-brazil/tipi
44129200;Outras, com, pelo menos, uma camada exterior de madeira não conífera;3.25;oca-l10n-brazil/tipi
44129900;Outras, com ambas as camadas exteriores de madeira de coníferas;3.25;oca-l10n-brazil/tipi
44130000;Madeira densificada, em blocos, pranchas, lâminas ou perfis.;6.50;oca-l10n-brazil/tipi
44141000;De madeira tropical;6.50;oca-l10n-brazil/tipi
44149000;Outras;6.50;oca-l10n-brazil/tipi
44151000;"Caixotes, caixas, engradados, barricas e embalagens semelhantes; carretéis para cabos";0.00;oca-l10n-brazil/tipi
44152000;"Paletes simples, paletes-caixas e outros estrados para carga; taipais de paletes";0.00;oca-l10n-brazil/tipi
44160010;De carvalho (Quercus spp.);0.00;oca-l10n-brazil/tipi
44160090;Outros;0.00;oca-l10n-brazil/tipi
44170010;Ferramentas;0.00;oca-l10n-brazil/tipi
44170020;Formas, alargadeiras e esticadores, para calçado;0.00;oca-l10n-brazil/tipi
44170090;Outros;0.00;oca-l10n-brazil/tipi
44181100;De madeira tropical;0.00;oca-l10n-brazil/tipi
44181900;Outras;0.00;oca-l10n-brazil/tipi
44182100;De madeira tropical;0.00;oca-l10n-brazil/tipi
44182900;Outras;0.00;oca-l10n-brazil/tipi
44183000;Postes e vigas, exceto os produtos das subposições 4418.81 a 4418.89;3.25;oca-l10n-brazil/tipi
44184000;Cofragens para concreto (betão);3.25;oca-l10n-brazil/tipi
44185000;Fasquias para telhados (shingles e shakes);3.25;oca-l10n-brazil/tipi
44187300;De bambu ou com, pelo menos, a camada superior de bambu;0.00;oca-l10n-brazil/tipi
44187400;Outros, para pisos (pavimentos) em mosaico;0.00;oca-l10n-brazil/tipi
44187500;Outros, de camadas múltiplas;0.00;oca-l10n-brazil/tipi
44187900;Outros;0.00;oca-l10n-brazil/tipi
44188100;Madeira laminada (lamelada) colada (glulam ou MLC);3.25;oca-l10n-brazil/tipi
44188200;Madeira laminada (lamelada) cruzada (CLT ou X-lam);3.25;oca-l10n-brazil/tipi
44188300;Vigas em I;3.25;oca-l10n-brazil/tipi
44188900;Outros;3.25;oca-l10n-brazil/tipi
44189100;De bambu;3.25;oca-l10n-brazil/tipi
44189200;Painéis celulares de madeira;3.25;oca-l10n-brazil/tipi
44189900;Outras;3.25;oca-l10n-brazil/tipi
44191100;Tábuas para cortar pão, outras tábuas para cortar e artigos semelhantes;0.00;oca-l10n-brazil/tipi
44191200;Pauzinhos (hashi ou fachi);0.00;oca-l10n-brazil/tipi
44191900;Outros;0.00;oca-l10n-brazil/tipi
44192000;De madeira tropical;0.00;oca-l10n-brazil/tipi
44199000;Outros;0.00;oca-l10n-brazil/tipi
44201100;De madeira tropical;0.00;oca-l10n-brazil/tipi
44201900;Outros;0.00;oca-l10n-brazil/tipi
44209000;Outros;0.00;oca-l10n-brazil/tipi
44211000;Cabides para vestuário;0.00;oca-l10n-brazil/tipi
44212000;Urnas funerárias (caixões);0.00;oca-l10n-brazil/tipi
44219100;De bambu;0.00;oca-l10n-brazil/tipi
44219900;Outras;0.00;oca-l10n-brazil/tipi
45011000;Cortiça natural, em bruto ou simplesmente preparada;0.00;oca-l10n-brazil/tipi
45019000;Outros;0.00;oca-l10n-brazil/tipi
45020000;Cortiça natural, sem a crosta ou simplesmente esquadriada, ou em cubos, chapas, folhas ou tiras,...;0.00;oca-l10n-brazil/tipi
45031000;Rolhas;0.00;oca-l10n-brazil/tipi
45039000;Outras;0.00;oca-l10n-brazil/tipi
45041000;"Cubos, blocos, chapas, folhas e tiras; ladrilhos de qualquer formato; cilindros maciços, incluind...";0.00;oca-l10n-brazil/tipi
45049000;Outras;0.00;oca-l10n-brazil/tipi
46012100;De bambu;0.00;oca-l10n-brazil/tipi
46012200;De rotim;0.00;oca-l10n-brazil/tipi
46012900;Outras;0.00;oca-l10n-brazil/tipi
46019200;De bambu;0.00;oca-l10n-brazil/tipi
46019300;De rotim;0.00;oca-l10n-brazil/tipi
46019400;De outras matérias vegetais;0.00;oca-l10n-brazil/tipi
46019900;Outras;0.00;oca-l10n-brazil/tipi
46021100;De bambu;0.00;oca-l10n-brazil/tipi
46021200;De rotim;0.00;oca-l10n-brazil/tipi
46021900;Outras;0.00;oca-l10n-brazil/tipi
46029000;Outras;0.00;oca-l10n-brazil/tipi
47010000;Pastas mecânicas de madeira.;0.00;oca-l10n-brazil/tipi
47020000;Pastas químicas de madeira, para dissolução.;0.00;oca-l10n-brazil/tipi
47031100;De coníferas;0.00;oca-l10n-brazil/tipi
47031900;De não coníferas;0.00;oca-l10n-brazil/tipi
47032110;Em rolos;0.00;oca-l10n-brazil/tipi
47032190;Outras;0.00;oca-l10n-brazil/tipi
47032900;De não coníferas;0.00;oca-l10n-brazil/tipi
47041100;De coníferas;0.00;oca-l10n-brazil/tipi
47041900;De não coníferas;0.00;oca-l10n-brazil/tipi
47042100;De coníferas;0.00;oca-l10n-brazil/tipi
47042900;De não coníferas;0.00;oca-l10n-brazil/tipi
47050000;Pastas de madeira obtidas por combinação de um tratamento mecânico com um tratamento químico.;0.00;oca-l10n-brazil/tipi
47061000;Pastas de línteres de algodão;0.00;oca-l10n-brazil/tipi
47062000;Pastas de fibras obtidas a partir de papel ou cartão reciclados (desperdícios e resíduos);0.00;oca-l10n-brazil/tipi
47063000;Outras, de bambu;0.00;oca-l10n-brazil/tipi
47069100;Mecânicas;0.00;oca-l10n-brazil/tipi
47069200;Químicas;0.00;oca-l10n-brazil/tipi
47069300;Obtidas por combinação de um tratamento mecânico com um tratamento químico;0.00;oca-l10n-brazil/tipi
47071000;Papel ou cartão, Kraft, crus, ou papel ou cartão, ondulados (canelados*);0.00;oca-l10n-brazil/tipi
47072000;Outro papel ou cartão, obtidos principalmente a partir de pasta química branqueada, não corada na...;0.00;oca-l10n-brazil/tipi
47073000;Papel ou cartão, obtidos principalmente a partir de pasta mecânica (por exemplo, jornais, periódi...;0.00;oca-l10n-brazil/tipi
47079000;Outros, incluindo os desperdícios e resíduos não selecionados;0.00;oca-l10n-brazil/tipi
48010020;Em folhas, nas que nenhum lado exceda 360 mm, quando não dobradas;3.25;oca-l10n-brazil/tipi
48010030;Outros, de peso inferior ou igual a 57 g/m2, em que 65 % ou mais, em peso, do conteúdo total de f...;3.25;oca-l10n-brazil/tipi
48010090;Outros;3.25;oca-l10n-brazil/tipi
48021000;Papel e cartão feitos à mão (folha a folha);3.25;oca-l10n-brazil/tipi
48022010;Em tiras ou rolos de largura não superior a 15 cm ou em folhas em que nenhum lado exceda 360 mm,...;3.25;oca-l10n-brazil/tipi
48022090;Outros;3.25;oca-l10n-brazil/tipi
48024010;Em tiras ou rolos de largura não superior a 15 cm;3.25;oca-l10n-brazil/tipi
48024090;Outros;3.25;oca-l10n-brazil/tipi
48025410;Em tiras ou rolos de largura não superior a 15 cm ou em folhas em que nenhum lado exceda 360 mm,...;3.25;oca-l10n-brazil/tipi
48025491;Fabricado principalmente a partir de pasta branqueada ou pasta obtida por um processo mecânico, d...;3.25;oca-l10n-brazil/tipi
48025499;Outros;3.25;oca-l10n-brazil/tipi
48025510;De largura não superior a 15 cm;3.25;oca-l10n-brazil/tipi
48025591;De desenho;3.25;oca-l10n-brazil/tipi
48025592;Kraft;3.25;oca-l10n-brazil/tipi
48025599;Outros;3.25;oca-l10n-brazil/tipi
48025610;Em que nenhum lado exceda 360 mm, quando não dobradas;3.25;oca-l10n-brazil/tipi
48025691;Para impressão de notas (papéis-moeda);0.00;oca-l10n-brazil/tipi
48025692;De desenho;3.25;oca-l10n-brazil/tipi
48025693;Kraft;3.25;oca-l10n-brazil/tipi
48025699;Outros;3.25;oca-l10n-brazil/tipi
48025710;Em tiras de largura não superior a 15 cm ou em folhas em que nenhum lado exceda 360 mm, quando nã...;3.25;oca-l10n-brazil/tipi
48025791;Para impressão de notas (papéis-moeda);0.00;oca-l10n-brazil/tipi
48025792;De desenho;3.25;oca-l10n-brazil/tipi
48025793;Kraft;3.25;oca-l10n-brazil/tipi
48025799;Outros;3.25;oca-l10n-brazil/tipi
48025810;Em tiras ou rolos de largura não superior a 15 cm ou em folhas em que nenhum lado exceda 360 mm,...;3.25;oca-l10n-brazil/tipi
48025891;De desenho;3.25;oca-l10n-brazil/tipi
48025892;Kraft;3.25;oca-l10n-brazil/tipi
48025899;Outros;3.25;oca-l10n-brazil/tipi
48026110;De largura não superior a 15 cm;3.25;oca-l10n-brazil/tipi
48026191;De peso inferior ou igual a 57 g/m2, em que 65 % ou mais, em peso, do conteúdo total de fibras se...;3.25;oca-l10n-brazil/tipi
48026192;Kraft;3.25;oca-l10n-brazil/tipi
48026199;Outros;3.25;oca-l10n-brazil/tipi
48026210;Em que nenhum lado exceda 360 mm, quando não dobradas;3.25;oca-l10n-brazil/tipi
48026291;De peso inferior ou igual a 57 g/m2, em que 65 % ou mais, em peso, do conteúdo total de fibras se...;3.25;oca-l10n-brazil/tipi
48026292;Kraft;3.25;oca-l10n-brazil/tipi
48026299;Outros;3.25;oca-l10n-brazil/tipi
48026910;Em tiras de largura não superior a 15 cm ou em folhas em que nenhum lado exceda 360 mm, quando nã...;3.25;oca-l10n-brazil/tipi
48026991;De peso inferior ou igual a 57 g/m2, em que 65 % ou mais, em peso, do conteúdo total de fibras se...;3.25;oca-l10n-brazil/tipi
48026992;Kraft;3.25;oca-l10n-brazil/tipi
48026999;Outros;3.25;oca-l10n-brazil/tipi
48030010;Pasta (ouate) de celulose e mantas de fibras de celulose;3.25;oca-l10n-brazil/tipi
48030090;Outros;3.25;oca-l10n-brazil/tipi
48041100;Crus;3.25;oca-l10n-brazil/tipi
48041900;Outros;3.25;oca-l10n-brazil/tipi
48042100;Crus;3.25;oca-l10n-brazil/tipi
48042900;Outros;3.25;oca-l10n-brazil/tipi
48043110;De rigidez dielétrica igual ou superior a 600 V (método ASTM D 202 ou equivalente);3.25;oca-l10n-brazil/tipi
48043190;Outros;3.25;oca-l10n-brazil/tipi
48043910;De rigidez dielétrica igual ou superior a 600 V (método ASTM D 202 ou equivalente);3.25;oca-l10n-brazil/tipi
48043990;Outros;3.25;oca-l10n-brazil/tipi
48044100;Crus;3.25;oca-l10n-brazil/tipi
48044200;Branqueados uniformemente na massa e em que mais de 95 %, em peso, do conteúdo total de fibras se...;3.25;oca-l10n-brazil/tipi
48044900;Outros;3.25;oca-l10n-brazil/tipi
48045100;Crus;3.25;oca-l10n-brazil/tipi
48045200;Branqueados uniformemente na massa e em que mais de 95 %, em peso, do conteúdo total de fibras se...;3.25;oca-l10n-brazil/tipi
48045910;Semibranqueados, com um conteúdo de 100 %, em peso, de fibras de madeira obtidas por processo quí...;3.25;oca-l10n-brazil/tipi
48045990;Outros;3.25;oca-l10n-brazil/tipi
48051100;Papel semiquímico para ondular (canelar*);3.25;oca-l10n-brazil/tipi
48051200;Papel palha para ondular (canelar*);3.25;oca-l10n-brazil/tipi
48051900;Outros;3.25;oca-l10n-brazil/tipi
48052400;De peso não superior a 150 g/m2;3.25;oca-l10n-brazil/tipi
48052500;De peso superior a 150 g/m2;3.25;oca-l10n-brazil/tipi
48053000;Papel sulfite de embalagem;3.25;oca-l10n-brazil/tipi
48054010;De peso superior a 15 g/m2, mas não superior a 25 g/m2, com um conteúdo de fibras sintéticas term...;3.25;oca-l10n-brazil/tipi
48054090;Outros;3.25;oca-l10n-brazil/tipi
48055000;Papel-feltro e cartão-feltro, papel e cartão lanosos;3.25;oca-l10n-brazil/tipi
48059100;De peso não superior a 150 g/m2;3.25;oca-l10n-brazil/tipi
48059210;Com fibras de vidro;3.25;oca-l10n-brazil/tipi
48059290;Outros;3.25;oca-l10n-brazil/tipi
48059300;De peso igual ou superior a 225 g/m2;3.25;oca-l10n-brazil/tipi
48061000;Papel-pergaminho e cartão-pergaminho (sulfurizados);3.25;oca-l10n-brazil/tipi
48062000;Papel impermeável a gorduras;3.25;oca-l10n-brazil/tipi
48063000;Papel vegetal;3.25;oca-l10n-brazil/tipi
48064000;Papel cristal e outro papel calandrado transparente ou translúcido;3.25;oca-l10n-brazil/tipi
48070000;Papel e cartão obtidos por colagem de folhas sobrepostas, não revestidos na superfície nem impreg...;3.25;oca-l10n-brazil/tipi
48081000;Papel e cartão ondulados (canelados*), mesmo perfurados;3.25;oca-l10n-brazil/tipi
48084000;Papel Kraft, encrespado ou plissado, mesmo gofrado, estampado ou perfurado;3.25;oca-l10n-brazil/tipi
48089000;Outros;3.25;oca-l10n-brazil/tipi
48092000;Papel autocopiativo;3.25;oca-l10n-brazil/tipi
48099000;Outros;3.25;oca-l10n-brazil/tipi
48101310;De largura não superior a 15 cm;3.25;oca-l10n-brazil/tipi
48101381;Metalizados;3.25;oca-l10n-brazil/tipi
48101382;Baritados (revestidos de óxido ou sulfato de bário);3.25;oca-l10n-brazil/tipi
48101389;Outros;3.25;oca-l10n-brazil/tipi
48101391;Papel revestido ou recoberto em uma face, do tipo wet strength, resistente à umidade e ao meio al...;3.25;oca-l10n-brazil/tipi
48101399;Outros;3.25;oca-l10n-brazil/tipi
48101410;Em que nenhum lado exceda 360 mm, quando não dobradas;3.25;oca-l10n-brazil/tipi
48101481;Metalizados;3.25;oca-l10n-brazil/tipi
48101482;Baritados (revestidos de óxido ou sulfato de bário);3.25;oca-l10n-brazil/tipi
48101489;Outros;3.25;oca-l10n-brazil/tipi
48101490;Outros;3.25;oca-l10n-brazil/tipi
48101910;Em tiras de largura não superior a 15 cm ou em folhas em que nenhum lado exceda 360 mm, quando nã...;3.25;oca-l10n-brazil/tipi
48101981;Metalizados;3.25;oca-l10n-brazil/tipi
48101982;Baritados (revestidos de óxido ou sulfato de bário);3.25;oca-l10n-brazil/tipi
48101989;Outros;3.25;oca-l10n-brazil/tipi
48101991;Papel revestido ou recoberto em uma face, do tipo wet strength, resistente à umidade e ao meio al...;3.25;oca-l10n-brazil/tipi
48101999;Outros;3.25;oca-l10n-brazil/tipi
48102210;Em tiras ou rolos de largura não superior a 15 cm ou em folhas em que nenhum lado exceda 360 mm,...;3.25;oca-l10n-brazil/tipi
48102290;Outros;3.25;oca-l10n-brazil/tipi
48102910;Em tiras ou rolos de largura não superior a 15 cm ou em folhas em que nenhum lado exceda 360 mm,...;3.25;oca-l10n-brazil/tipi
48102990;Outros;3.25;oca-l10n-brazil/tipi
48103110;Em tiras ou rolos de largura não superior a 15 cm ou em folhas em que nenhum lado exceda 360 mm,...;3.25;oca-l10n-brazil/tipi
48103190;Outros;3.25;oca-l10n-brazil/tipi
48103210;Em tiras ou rolos de largura não superior a 15 cm ou em folhas em que nenhum lado exceda 360 mm,...;3.25;oca-l10n-brazil/tipi
48103290;Outros;3.25;oca-l10n-brazil/tipi
48103910;Em tiras ou rolos de largura não superior a 15 cm ou em folhas em que nenhum lado exceda 360 mm,...;3.25;oca-l10n-brazil/tipi
48103990;Outros;3.25;oca-l10n-brazil/tipi
48109210;Em tiras ou rolos de largura não superior a 15 cm ou em folhas em que nenhum lado exceda 360 mm,...;3.25;oca-l10n-brazil/tipi
48109290;Outros;3.25;oca-l10n-brazil/tipi
48109910;Em tiras ou rolos de largura não superior a 15 cm ou em folhas em que nenhum lado exceda 360 mm,...;3.25;oca-l10n-brazil/tipi
48109990;Outros;3.25;oca-l10n-brazil/tipi
48111010;Em tiras ou rolos de largura não superior a 15 cm ou em folhas em que nenhum lado exceda 360 mm,...;3.25;oca-l10n-brazil/tipi
48111090;Outros;3.25;oca-l10n-brazil/tipi
48114110;Em tiras ou rolos de largura não superior a 15 cm ou em folhas em que nenhum lado exceda 360 mm,...;3.25;oca-l10n-brazil/tipi
48114190;Outros;3.25;oca-l10n-brazil/tipi
48114910;Em tiras ou rolos de largura não superior a 15 cm ou em folhas em que nenhum lado exceda 360 mm,...;3.25;oca-l10n-brazil/tipi
48114990;Outros;3.25;oca-l10n-brazil/tipi
48115110;Em tiras ou rolos de largura não superior a 15 cm ou em folhas em que nenhum lado exceda 360 mm,...;3.25;oca-l10n-brazil/tipi
48115121;De silicone, exceto gofrados na face recoberta ou revestida;3.25;oca-l10n-brazil/tipi
48115122;De polietileno, estratificado com alumínio, impresso;3.25;oca-l10n-brazil/tipi
48115123;De polietileno ou polipropileno, em ambas as faces, base para papel fotográfico;3.25;oca-l10n-brazil/tipi
48115128;Outros, gofrados na face recoberta ou revestida;3.25;oca-l10n-brazil/tipi
48115129;Outros;3.25;oca-l10n-brazil/tipi
48115130;Outros, impregnados;3.25;oca-l10n-brazil/tipi
48115910;Em tiras ou rolos de largura não superior a 15 cm ou em folhas em que nenhum lado exceda 360 mm,...;3.25;oca-l10n-brazil/tipi
48115921;De polietileno ou polipropileno, em ambas as faces, base para papel fotográfico;3.25;oca-l10n-brazil/tipi
48115922;De silicone;3.25;oca-l10n-brazil/tipi
48115923;De polietileno, estratificado com alumínio, impresso;3.25;oca-l10n-brazil/tipi
48115929;Outros;3.25;oca-l10n-brazil/tipi
48115930;Outros, impregnados;3.25;oca-l10n-brazil/tipi
48116010;Em tiras ou rolos de largura não superior a 15 cm ou em folhas em que nenhum lado exceda 360 mm,...;3.25;oca-l10n-brazil/tipi
48116090;Outros;3.25;oca-l10n-brazil/tipi
48119011;Recobertos de pasta eletrolítica à base de amido modificado, de peso igual ou superior a 75 g/m2,...;;sem-ipi-na-fonte
48119019;Outros;;sem-ipi-na-fonte
48119020;Outros, impregnados e revestidos em ambas as faces com látex numa proporção total, em peso, igual...;;sem-ipi-na-fonte
48119090;Outros;3.25;oca-l10n-brazil/tipi
48120000;Blocos e chapas, filtrantes, de pasta de papel.;0.00;oca-l10n-brazil/tipi
48131000;Em cadernos ou em tubos;29.25;oca-l10n-brazil/tipi
48132000;Em rolos de largura não superior a 5 cm;29.25;oca-l10n-brazil/tipi
48139000;Outros;29.25;oca-l10n-brazil/tipi
48142000;Papel de parede e revestimentos para parede semelhantes, constituídos por papel revestido ou reco...;9.75;oca-l10n-brazil/tipi
48149000;Outros;13.00;oca-l10n-brazil/tipi
48162000;Papel autocopiativo;3.25;oca-l10n-brazil/tipi
48169010;Papel-carbono e semelhantes;9.75;oca-l10n-brazil/tipi
48169090;Outros;9.75;oca-l10n-brazil/tipi
48171000;Envelopes;3.25;oca-l10n-brazil/tipi
48172000;Aerogramas, cartões-postais não ilustrados e cartões para correspondência;3.25;oca-l10n-brazil/tipi
48173000;Caixas, sacos e semelhantes, de papel ou cartão, que contenham um sortido de artigos para corresp...;3.25;oca-l10n-brazil/tipi
48181000;Papel higiênico;0.00;oca-l10n-brazil/tipi
48182000;Lenços, lenços (toalhitas) demaquilantes e toalhas de mão;3.25;oca-l10n-brazil/tipi
48183000;Toalhas de mesa e guardanapos;3.25;oca-l10n-brazil/tipi
48185000;Vestuário e seus acessórios;3.25;oca-l10n-brazil/tipi
48189010;Almofadas absorventes do tipo utilizado em embalagens de produtos alimentícios;3.25;oca-l10n-brazil/tipi
48189090;Outros;3.25;oca-l10n-brazil/tipi
48191000;Caixas de papel ou cartão, ondulados (canelados*);15.00;oca-l10n-brazil/tipi
48192000;Caixas e cartonagens, dobráveis, de papel ou cartão, não ondulados (canelados*);9.75;oca-l10n-brazil/tipi
48193000;Sacos cuja base tenha largura igual ou superior a 40 cm;9.75;oca-l10n-brazil/tipi
48194000;"Outros sacos; bolsas e cartuchos";9.75;oca-l10n-brazil/tipi
48195000;Outras embalagens, incluindo as capas para discos;9.75;oca-l10n-brazil/tipi
48196000;Cartonagens para escritórios, lojas e estabelecimentos semelhantes;9.75;oca-l10n-brazil/tipi
48201000;Livros de registro e de contabilidade, blocos de notas, de encomendas, de recibos, de apontamento...;9.75;oca-l10n-brazil/tipi
48202000;Cadernos;0.00;oca-l10n-brazil/tipi
48203000;Classificadores, encadernações (exceto as capas para livros) e capas de processos;9.75;oca-l10n-brazil/tipi
48204000;Formulários em blocos de papel múltiplas vias, mesmo com folhas intercaladas de papel-carbono (pa...;3.25;oca-l10n-brazil/tipi
48205000;Álbuns para amostras ou para coleções;9.75;oca-l10n-brazil/tipi
48209000;Outros;9.75;oca-l10n-brazil/tipi
48211000;Impressas;0.00;oca-l10n-brazil/tipi
48219000;Outras;0.00;oca-l10n-brazil/tipi
48221000;Do tipo utilizado para enrolamento de fios têxteis;6.50;oca-l10n-brazil/tipi
48229000;Outros;6.50;oca-l10n-brazil/tipi
48232010;De peso superior a 15 g/m2, mas não superior a 25 g/m2, com um conteúdo de fibras sintéticas term...;9.75;oca-l10n-brazil/tipi
48232091;Em tiras ou rolos de largura superior a 15 cm, mas não superior a 36 cm;9.75;oca-l10n-brazil/tipi
48232099;Outros;9.75;oca-l10n-brazil/tipi
48234000;Papel-diagrama para aparelhos registradores, em bobinas, em folhas ou em discos;9.75;oca-l10n-brazil/tipi
48236100;De bambu;9.75;oca-l10n-brazil/tipi
48236900;Outros;9.75;oca-l10n-brazil/tipi
48237000;Artigos moldados ou prensados, de pasta de papel;9.75;oca-l10n-brazil/tipi
48239010;Cartões perfurados para mecanismos Jacquard;9.75;oca-l10n-brazil/tipi
48239020;De rigidez dielétrica igual ou superior a 600 V (método ASTM D 202 ou equivalente) e de peso infe...;9.75;oca-l10n-brazil/tipi
48239091;Em tiras ou rolos de largura superior a 15 cm, mas não superior a 36 cm;9.75;oca-l10n-brazil/tipi
48239099;Outros;9.75;oca-l10n-brazil/tipi
49011000;Em folhas soltas, mesmo dobradas;0.00;oca-l10n-brazil/tipi
49019100;Dicionários e enciclopédias, mesmo em fascículos;0.00;oca-l10n-brazil/tipi
49019900;Outros;0.00;oca-l10n-brazil/tipi
49021000;Que se publiquem pelo menos quatro vezes por semana;0.00;oca-l10n-brazil/tipi
49029000;Outros;0.00;oca-l10n-brazil/tipi
49030000;Álbuns ou livros de ilustrações e álbuns para desenhar ou colorir, para crianças.;0.00;oca-l10n-brazil/tipi
49040000;Música manuscrita ou impressa, ilustrada ou não, mesmo encadernada.;0.00;oca-l10n-brazil/tipi
49052000;Sob a forma de livros ou brochuras;0.00;oca-l10n-brazil/tipi
49059000;Outras;0.00;oca-l10n-brazil/tipi
49060000;Planos, plantas e desenhos, de arquitetura, de engenharia e outros planos e desenhos industriais,...;0.00;oca-l10n-brazil/tipi
49070010;Notas (papéis-moeda);0.00;oca-l10n-brazil/tipi
49070020;Cheques de viagem;0.00;oca-l10n-brazil/tipi
49070030;Títulos de ações ou de obrigações e títulos semelhantes, convalidados e firmados;0.00;oca-l10n-brazil/tipi
49070090;Outros;0.00;oca-l10n-brazil/tipi
49081000;Decalcomanias vitrificáveis;0.00;oca-l10n-brazil/tipi
49089000;Outras;0.00;oca-l10n-brazil/tipi
49090000;"Cartões-postais impressos ou ilustrados; cartões impressos com votos ou mensagens pessoais, mesmo...";0.00;oca-l10n-brazil/tipi
49100000;Calendários de qualquer espécie, impressos, incluindo os blocos-calendários para desfolhar.;6.50;oca-l10n-brazil/tipi
49111010;Que contenham informações relativas ao funcionamento, manutenção, reparo ou utilização de máquina...;0.00;oca-l10n-brazil/tipi
49111090;Outros;0.00;oca-l10n-brazil/tipi
49119100;Estampas, gravuras e fotografias;0.00;oca-l10n-brazil/tipi
49119900;Outros;0.00;oca-l10n-brazil/tipi
50010000;Casulos de bicho-da-seda próprios para dobar.;0.00;oca-l10n-brazil/tipi
50020000;Seda crua (não fiada).;0.00;oca-l10n-brazil/tipi
50030010;Não cardados nem penteados;0.00;oca-l10n-brazil/tipi
50030090;Outros;0.00;oca-l10n-brazil/tipi
50040000;Fios de seda (exceto fios de desperdícios de seda) não acondicionados para venda a retalho.;0.00;oca-l10n-brazil/tipi
50050000;Fios de desperdícios de seda, não acondicionados para venda a retalho.;0.00;oca-l10n-brazil/tipi
50060000;"Fios de seda ou de desperdícios de seda, acondicionados para venda a retalho; pelo de Messina (cr...";0.00;oca-l10n-brazil/tipi
50071010;Estampados, tintos ou de fios de diversas cores;0.00;oca-l10n-brazil/tipi
50071090;Outros;0.00;oca-l10n-brazil/tipi
50072010;Estampados, tintos ou de fios de diversas cores;0.00;oca-l10n-brazil/tipi
50072090;Outros;0.00;oca-l10n-brazil/tipi
50079000;Outros tecidos;0.00;oca-l10n-brazil/tipi
51011110;De finura igual ou superior 22,05 micrômetros (mícrons), mas inferior ou igual a 32,6 micrômetros...;0.00;oca-l10n-brazil/tipi
51011190;Outra;0.00;oca-l10n-brazil/tipi
51011900;Outra;0.00;oca-l10n-brazil/tipi
51012100;Lã de tosquia;0.00;oca-l10n-brazil/tipi
51012900;Outra;0.00;oca-l10n-brazil/tipi
51013000;Carbonizada;0.00;oca-l10n-brazil/tipi
51021100;De cabra de Caxemira;0.00;oca-l10n-brazil/tipi
51021900;Outros;0.00;oca-l10n-brazil/tipi
51022000;Pelos grosseiros;0.00;oca-l10n-brazil/tipi
51031000;Desperdícios da penteação de lã ou de pelos finos;0.00;oca-l10n-brazil/tipi
51032000;Outros desperdícios de lã ou de pelos finos;0.00;oca-l10n-brazil/tipi
51033000;Desperdícios de pelos grosseiros;0.00;oca-l10n-brazil/tipi
51040000;Fiapos de lã ou de pelos finos ou grosseiros.;0.00;oca-l10n-brazil/tipi
51051000;Lã cardada;0.00;oca-l10n-brazil/tipi
51052100;"""Lã penteada a granel""";0.00;oca-l10n-brazil/tipi
51052910;Tops;0.00;oca-l10n-brazil/tipi
51052991;De finura inferior a 22,5 micrômetros (mícrons);0.00;oca-l10n-brazil/tipi
51052999;Outras;0.00;oca-l10n-brazil/tipi
51053100;De cabra de Caxemira;0.00;oca-l10n-brazil/tipi
51053900;Outros;0.00;oca-l10n-brazil/tipi
51054000;Pelos grosseiros, cardados ou penteados;0.00;oca-l10n-brazil/tipi
51061000;Que contenham pelo menos 85 %, em peso, de lã;0.00;oca-l10n-brazil/tipi
51062000;Que contenham menos de 85 %, em peso, de lã;0.00;oca-l10n-brazil/tipi
51071011;De dois cabos, de título inferior ou igual a 184,58 decitex por cabo;0.00;oca-l10n-brazil/tipi
51071019;Outros;0.00;oca-l10n-brazil/tipi
51071090;Outros;0.00;oca-l10n-brazil/tipi
51072000;Que contenham menos de 85 %, em peso, de lã;0.00;oca-l10n-brazil/tipi
51081000;Cardados;0.00;oca-l10n-brazil/tipi
51082000;Penteados;0.00;oca-l10n-brazil/tipi
51091000;Que contenham pelo menos 85 %, em peso, de lã ou de pelos finos;0.00;oca-l10n-brazil/tipi
51099000;Outros;0.00;oca-l10n-brazil/tipi
51100000;Fios de pelos grosseiros ou de crina (incluindo os fios de crina revestidos por enrolamento), mes...;0.00;oca-l10n-brazil/tipi
51111110;De lã;0.00;oca-l10n-brazil/tipi
51111120;De pelos finos;0.00;oca-l10n-brazil/tipi
51111900;Outros;0.00;oca-l10n-brazil/tipi
51112000;Outros, combinados, principal ou unicamente, com filamentos sintéticos ou artificiais;0.00;oca-l10n-brazil/tipi
51113010;De lã, feltrados, com trama combinada exclusivamente com fibras sintéticas e urdidura exclusivame...;0.00;oca-l10n-brazil/tipi
51113090;Outros;0.00;oca-l10n-brazil/tipi
51119000;Outros;0.00;oca-l10n-brazil/tipi
51121100;De peso não superior a 200 g/m2;0.00;oca-l10n-brazil/tipi
51121910;De lã;0.00;oca-l10n-brazil/tipi
51121920;De pelos finos;0.00;oca-l10n-brazil/tipi
51122010;De lã;0.00;oca-l10n-brazil/tipi
51122020;De pelos finos;0.00;oca-l10n-brazil/tipi
51123010;De lã;0.00;oca-l10n-brazil/tipi
51123020;De pelos finos;0.00;oca-l10n-brazil/tipi
51129000;Outros;0.00;oca-l10n-brazil/tipi
51130011;Que contenham pelo menos 85 %, em peso, de pelos grosseiros;0.00;oca-l10n-brazil/tipi
51130012;Que contenham menos de 85 %, em peso, de pelos grosseiros e que contenham algodão;0.00;oca-l10n-brazil/tipi
51130013;Que contenham menos de 85 %, em peso, de pelos grosseiros e que não contenham algodão;0.00;oca-l10n-brazil/tipi
51130020;De crina;0.00;oca-l10n-brazil/tipi
52010010;Não debulhado;0.00;oca-l10n-brazil/tipi
52010020;Simplesmente debulhado;0.00;oca-l10n-brazil/tipi
52010090;Outros;0.00;oca-l10n-brazil/tipi
52021000;Desperdícios de fios;0.00;oca-l10n-brazil/tipi
52029100;Fiapos;0.00;oca-l10n-brazil/tipi
52029900;Outros;0.00;oca-l10n-brazil/tipi
52030000;Algodão cardado ou penteado.;0.00;oca-l10n-brazil/tipi
52041111;De dois cabos;0.00;oca-l10n-brazil/tipi
52041112;De três ou mais cabos;0.00;oca-l10n-brazil/tipi
52041120;De algodão cru, de título superior a 5.000 decitex por fio simples;0.00;oca-l10n-brazil/tipi
52041131;De dois cabos;0.00;oca-l10n-brazil/tipi
52041132;De três ou mais cabos;0.00;oca-l10n-brazil/tipi
52041140;De algodão branqueado ou colorido, de título superior a 5.000 decitex por fio simples;0.00;oca-l10n-brazil/tipi
52041911;De dois cabos;0.00;oca-l10n-brazil/tipi
52041912;De três ou mais cabos;0.00;oca-l10n-brazil/tipi
52041920;De algodão cru, de título superior a 5.000 decitex por fio simples;0.00;oca-l10n-brazil/tipi
52041931;De dois cabos;0.00;oca-l10n-brazil/tipi
52041932;De três ou mais cabos;0.00;oca-l10n-brazil/tipi
52041940;De algodão branqueado ou colorido, de título superior a 5.000 decitex por fio simples;0.00;oca-l10n-brazil/tipi
52042000;Acondicionadas para venda a retalho;0.00;oca-l10n-brazil/tipi
52051100;De título igual ou superior a 714,29 decitex (número métrico não superior a 14);0.00;oca-l10n-brazil/tipi
52051200;De título inferior a 714,29 decitex, mas não inferior a 232,56 decitex (número métrico superior a...;0.00;oca-l10n-brazil/tipi
52051310;Crus;0.00;oca-l10n-brazil/tipi
52051390;Outros;0.00;oca-l10n-brazil/tipi
52051400;De título inferior a 192,31 decitex, mas não inferior a 125 decitex (número métrico superior a 52...;0.00;oca-l10n-brazil/tipi
52051500;De título inferior a 125 decitex (número métrico superior a 80);0.00;oca-l10n-brazil/tipi
52052100;De título igual ou superior a 714,29 decitex (número métrico não superior a 14);0.00;oca-l10n-brazil/tipi
52052200;De título inferior a 714,29 decitex, mas não inferior a 232,56 decitex (número métrico superior a...;0.00;oca-l10n-brazil/tipi
52052310;Crus;0.00;oca-l10n-brazil/tipi
52052390;Outros;0.00;oca-l10n-brazil/tipi
52052400;De título inferior a 192,31 decitex, mas não inferior a 125 decitex (número métrico superior a 52...;0.00;oca-l10n-brazil/tipi
52052600;De título inferior a 125 decitex, mas não inferior a 106,38 decitex (número métrico superior a 80...;0.00;oca-l10n-brazil/tipi
52052700;De título inferior a 106,38 decitex, mas não inferior a 83,33 decitex (número métrico superior a...;0.00;oca-l10n-brazil/tipi
52052800;De título inferior a 83,33 decitex (número métrico superior a 120);0.00;oca-l10n-brazil/tipi
52053100;De título igual ou superior a 714,29 decitex por fio simples (número métrico não superior a 14, p...;0.00;oca-l10n-brazil/tipi
52053200;De título inferior a 714,29 decitex, mas não inferior a 232,56 decitex por fio simples (número mé...;0.00;oca-l10n-brazil/tipi
52053300;De título inferior a 232,56 decitex, mas não inferior a 192,31 decitex por fio simples (número mé...;0.00;oca-l10n-brazil/tipi
52053400;De título inferior a 192,31 decitex, mas não inferior a 125 decitex por fio simples (número métri...;0.00;oca-l10n-brazil/tipi
52053500;De título inferior a 125 decitex por fio simples (número métrico superior a 80, por fio simples);0.00;oca-l10n-brazil/tipi
52054100;De título igual ou superior a 714,29 decitex por fio simples (número métrico não superior a 14, p...;0.00;oca-l10n-brazil/tipi
52054200;De título inferior a 714,29 decitex, mas não inferior a 232,56 decitex por fio simples (número mé...;0.00;oca-l10n-brazil/tipi
52054300;De título inferior a 232,56 decitex, mas não inferior a 192,31 decitex por fio simples (número mé...;0.00;oca-l10n-brazil/tipi
52054400;De título inferior a 192,31 decitex, mas não inferior a 125 decitex por fio simples (número métri...;0.00;oca-l10n-brazil/tipi
52054600;De título inferior a 125 decitex, mas não inferior a 106,38 decitex por fio simples (número métri...;0.00;oca-l10n-brazil/tipi
52054700;De título inferior a 106,38 decitex, mas não inferior a 83,33 decitex por fio simples (número mét...;0.00;oca-l10n-brazil/tipi
52054800;De título inferior a 83,33 decitex por fio simples (número métrico superior a 120, por fio simples);0.00;oca-l10n-brazil/tipi
52061100;De título igual ou superior a 714,29 decitex (número métrico não superior a 14);0.00;oca-l10n-brazil/tipi
52061200;De título inferior a 714,29 decitex, mas não inferior a 232,56 decitex (número métrico superior a...;0.00;oca-l10n-brazil/tipi
52061300;De título inferior a 232,56 decitex, mas não inferior a 192,31 decitex (número métrico superior a...;0.00;oca-l10n-brazil/tipi
52061400;De título inferior a 192,31 decitex, mas não inferior a 125 decitex (número métrico superior a 52...;0.00;oca-l10n-brazil/tipi
52061500;De título inferior a 125 decitex (número métrico superior a 80);0.00;oca-l10n-brazil/tipi
52062100;De título igual ou superior a 714,29 decitex (número métrico não superior a 14);0.00;oca-l10n-brazil/tipi
52062200;De título inferior a 714,29 decitex, mas não inferior a 232,56 decitex (número métrico superior a...;0.00;oca-l10n-brazil/tipi
52062300;De título inferior a 232,56 decitex, mas não inferior a 192,31 decitex (número métrico superior a...;0.00;oca-l10n-brazil/tipi
52062400;De título inferior a 192,31 decitex, mas não inferior a 125 decitex (número métrico superior a 52...;0.00;oca-l10n-brazil/tipi
52062500;De título inferior a 125 decitex (número métrico superior a 80);0.00;oca-l10n-brazil/tipi
52063100;De título igual ou superior a 714,29 decitex por fio simples (número métrico não superior a 14, p...;0.00;oca-l10n-brazil/tipi
52063200;De título inferior a 714,29 decitex, mas não inferior a 232,56 decitex por fio simples (número mé...;0.00;oca-l10n-brazil/tipi
52063300;De título inferior a 232,56 decitex, mas não inferior a 192,31 decitex por fio simples (número mé...;0.00;oca-l10n-brazil/tipi
52063400;De título inferior a 192,31 decitex, mas não inferior a 125 decitex por fio simples (número métri...;0.00;oca-l10n-brazil/tipi
52063500;De título inferior a 125 decitex por fio simples (número métrico superior a 80, por fio simples);0.00;oca-l10n-brazil/tipi
52064100;De título igual ou superior a 714,29 decitex por fio simples (número métrico não superior a 14, p...;0.00;oca-l10n-brazil/tipi
52064200;De título inferior a 714,29 decitex, mas não inferior a 232,56 decitex por fio simples (número mé...;0.00;oca-l10n-brazil/tipi
52064300;De título inferior a 232,56 decitex, mas não inferior a 192,31 decitex por fio simples (número mé...;0.00;oca-l10n-brazil/tipi
52064400;De título inferior a 192,31 decitex, mas não inferior a 125 decitex por fio simples (número métri...;0.00;oca-l10n-brazil/tipi
52064500;De título inferior a 125 decitex por fio simples (número métrico superior a 80, por fio simples);0.00;oca-l10n-brazil/tipi
52071000;Que contenham pelo menos 85 %, em peso, de algodão;0.00;oca-l10n-brazil/tipi
52079000;Outros;0.00;oca-l10n-brazil/tipi
52081100;Em ponto de tafetá, de peso não superior a 100 g/m2;0.00;oca-l10n-brazil/tipi
52081200;Em ponto de tafetá, de peso superior a 100 g/m2;0.00;oca-l10n-brazil/tipi
52081300;Em ponto sarjado, incluindo o diagonal, cuja relação de textura não seja superior a 4;0.00;oca-l10n-brazil/tipi
52081900;Outros tecidos;0.00;oca-l10n-brazil/tipi
52082100;Em ponto de tafetá, de peso não superior a 100 g/m2;0.00;oca-l10n-brazil/tipi
52082200;Em ponto de tafetá, de peso superior a 100 g/m2;0.00;oca-l10n-brazil/tipi
52082300;Em ponto sarjado, incluindo o diagonal, cuja relação de textura não seja superior a 4;0.00;oca-l10n-brazil/tipi
52082900;Outros tecidos;0.00;oca-l10n-brazil/tipi
52083100;Em ponto de tafetá, de peso não superior a 100 g/m2;0.00;oca-l10n-brazil/tipi
52083200;Em ponto de tafetá, de peso superior a 100 g/m2;0.00;oca-l10n-brazil/tipi
52083300;Em ponto sarjado, incluindo o diagonal, cuja relação de textura não seja superior a 4;0.00;oca-l10n-brazil/tipi
52083900;Outros tecidos;0.00;oca-l10n-brazil/tipi
52084100;Em ponto de tafetá, de peso não superior a 100 g/m2;0.00;oca-l10n-brazil/tipi
52084200;Em ponto de tafetá, de peso superior a 100 g/m2;0.00;oca-l10n-brazil/tipi
52084300;Em ponto sarjado, incluindo o diagonal, cuja relação de textura não seja superior a 4;0.00;oca-l10n-brazil/tipi
52084900;Outros tecidos;0.00;oca-l10n-brazil/tipi
52085100;Em ponto de tafetá, de peso não superior a 100 g/m2;0.00;oca-l10n-brazil/tipi
52085200;Em ponto de tafetá, de peso superior a 100 g/m2;0.00;oca-l10n-brazil/tipi
52085910;Em ponto sarjado, incluindo o diagonal, cuja relação de textura não seja superior a 4;0.00;oca-l10n-brazil/tipi
52085990;Outros;0.00;oca-l10n-brazil/tipi
52091100;Em ponto de tafetá;0.00;oca-l10n-brazil/tipi
52091200;Em ponto sarjado, incluindo o diagonal, cuja relação de textura não seja superior a 4;0.00;oca-l10n-brazil/tipi
52091900;Outros tecidos;0.00;oca-l10n-brazil/tipi
52092100;Em ponto de tafetá;0.00;oca-l10n-brazil/tipi
52092200;Em ponto sarjado, incluindo o diagonal, cuja relação de textura não seja superior a 4;0.00;oca-l10n-brazil/tipi
52092900;Outros tecidos;0.00;oca-l10n-brazil/tipi
52093100;Em ponto de tafetá;0.00;oca-l10n-brazil/tipi
52093200;Em ponto sarjado, incluindo o diagonal, cuja relação de textura não seja superior a 4;0.00;oca-l10n-brazil/tipi
52093900;Outros tecidos;0.00;oca-l10n-brazil/tipi
52094100;Em ponto de tafetá;0.00;oca-l10n-brazil/tipi
52094210;Com fios tintos em indigo blue segundo Color Index 73000;0.00;oca-l10n-brazil/tipi
52094290;Outros;0.00;oca-l10n-brazil/tipi
52094300;Outros tecidos em ponto sarjado, incluindo o diagonal, cuja relação de textura não seja superior a 4;0.00;oca-l10n-brazil/tipi
52094900;Outros tecidos;0.00;oca-l10n-brazil/tipi
52095100;Em ponto de tafetá;0.00;oca-l10n-brazil/tipi
52095200;Em ponto sarjado, incluindo o diagonal, cuja relação de textura não seja superior a 4;0.00;oca-l10n-brazil/tipi
52095900;Outros tecidos;0.00;oca-l10n-brazil/tipi
52101100;Em ponto de tafetá;0.00;oca-l10n-brazil/tipi
52101910;Em ponto sarjado, incluindo o diagonal, cuja relação de textura não seja superior a 4;0.00;oca-l10n-brazil/tipi
52101990;Outros;0.00;oca-l10n-brazil/tipi
52102100;Em ponto de tafetá;0.00;oca-l10n-brazil/tipi
52102910;Em ponto sarjado, incluindo o diagonal, cuja relação de textura não seja superior a 4;0.00;oca-l10n-brazil/tipi
52102990;Outros;0.00;oca-l10n-brazil/tipi
52103100;Em ponto de tafetá;0.00;oca-l10n-brazil/tipi
52103200;Em ponto sarjado, incluindo o diagonal, cuja relação de textura não seja superior a 4;0.00;oca-l10n-brazil/tipi
52103900;Outros tecidos;0.00;oca-l10n-brazil/tipi
52104100;Em ponto de tafetá;0.00;oca-l10n-brazil/tipi
52104910;Em ponto sarjado, incluindo o diagonal, cuja relação de textura não seja superior a 4;0.00;oca-l10n-brazil/tipi
52104990;Outros;0.00;oca-l10n-brazil/tipi
52105100;Em ponto de tafetá;0.00;oca-l10n-brazil/tipi
52105910;Em ponto sarjado, incluindo o diagonal, cuja relação de textura não seja superior a 4;0.00;oca-l10n-brazil/tipi
52105990;Outros;0.00;oca-l10n-brazil/tipi
52111100;Em ponto de tafetá;0.00;oca-l10n-brazil/tipi
52111200;Em ponto sarjado, incluindo o diagonal, cuja relação de textura não seja superior a 4;0.00;oca-l10n-brazil/tipi
52111900;Outros tecidos;0.00;oca-l10n-brazil/tipi
52112010;Em ponto de tafetá;0.00;oca-l10n-brazil/tipi
52112020;Em ponto sarjado, incluindo o diagonal, cuja relação de textura não seja superior a 4;0.00;oca-l10n-brazil/tipi
52112090;Outros;0.00;oca-l10n-brazil/tipi
52113100;Em ponto de tafetá;0.00;oca-l10n-brazil/tipi
52113200;Em ponto sarjado, incluindo o diagonal, cuja relação de textura não seja superior a 4;0.00;oca-l10n-brazil/tipi
52113900;Outros tecidos;0.00;oca-l10n-brazil/tipi
52114100;Em ponto de tafetá;0.00;oca-l10n-brazil/tipi
52114210;Com fios tintos em indigo blue segundo Color Index 73000;0.00;oca-l10n-brazil/tipi
52114290;Outros;0.00;oca-l10n-brazil/tipi
52114300;Outros tecidos em ponto sarjado, incluindo o diagonal, cuja relação de textura não seja superior a 4;0.00;oca-l10n-brazil/tipi
52114900;Outros tecidos;0.00;oca-l10n-brazil/tipi
52115100;Em ponto de tafetá;0.00;oca-l10n-brazil/tipi
52115200;Em ponto sarjado, incluindo o diagonal, cuja relação de textura não seja superior a 4;0.00;oca-l10n-brazil/tipi
52115900;Outros tecidos;0.00;oca-l10n-brazil/tipi
52121100;Crus;0.00;oca-l10n-brazil/tipi
52121200;Branqueados;0.00;oca-l10n-brazil/tipi
52121300;Tintos;0.00;oca-l10n-brazil/tipi
52121400;De fios de diversas cores;0.00;oca-l10n-brazil/tipi
52121500;Estampados;0.00;oca-l10n-brazil/tipi
52122100;Crus;0.00;oca-l10n-brazil/tipi
52122200;Branqueados;0.00;oca-l10n-brazil/tipi
52122300;Tintos;0.00;oca-l10n-brazil/tipi
52122400;De fios de diversas cores;0.00;oca-l10n-brazil/tipi
52122500;Estampados;0.00;oca-l10n-brazil/tipi
53011000;Linho em bruto ou macerado;0.00;oca-l10n-brazil/tipi
53012110;Quebrado;0.00;oca-l10n-brazil/tipi
53012120;Espadelado;0.00;oca-l10n-brazil/tipi
53012910;Penteado;0.00;oca-l10n-brazil/tipi
53012990;Outro;0.00;oca-l10n-brazil/tipi
53013000;Estopas e desperdícios de linho;0.00;oca-l10n-brazil/tipi
53021000;Cânhamo em bruto ou macerado;0.00;oca-l10n-brazil/tipi
53029000;Outros;0.00;oca-l10n-brazil/tipi
53031010;Juta;0.00;oca-l10n-brazil/tipi
53031090;Outras;0.00;oca-l10n-brazil/tipi
53039010;Juta;0.00;oca-l10n-brazil/tipi
53039090;Outros;0.00;oca-l10n-brazil/tipi
53050010;De abacá, em bruto;0.00;oca-l10n-brazil/tipi
53050090;Outros;0.00;oca-l10n-brazil/tipi
53061000;Simples;0.00;oca-l10n-brazil/tipi
53062000;Retorcidos ou retorcidos múltiplos;0.00;oca-l10n-brazil/tipi
53071010;De juta;0.00;oca-l10n-brazil/tipi
53071090;Outros;0.00;oca-l10n-brazil/tipi
53072010;De juta;0.00;oca-l10n-brazil/tipi
53072090;Outros;0.00;oca-l10n-brazil/tipi
53081000;Fios de cairo (fibra de coco);0.00;oca-l10n-brazil/tipi
53082000;Fios de cânhamo;0.00;oca-l10n-brazil/tipi
53089000;Outros;0.00;oca-l10n-brazil/tipi
53091100;Crus ou branqueados;0.00;oca-l10n-brazil/tipi
53091900;Outros;0.00;oca-l10n-brazil/tipi
53092100;Crus ou branqueados;0.00;oca-l10n-brazil/tipi
53092900;Outros;0.00;oca-l10n-brazil/tipi
53101010;Aniagem de juta;0.00;oca-l10n-brazil/tipi
53101090;Outros;0.00;oca-l10n-brazil/tipi
53109000;Outros;0.00;oca-l10n-brazil/tipi
53110000;"Tecidos de outras fibras têxteis vegetais; tecidos de fios de papel.";0.00;oca-l10n-brazil/tipi
54011011;Não acondicionadas para venda a retalho;0.00;oca-l10n-brazil/tipi
54011012;Acondicionadas para venda a retalho;0.00;oca-l10n-brazil/tipi
54011090;Outras;0.00;oca-l10n-brazil/tipi
54012011;Não acondicionadas para venda a retalho;0.00;oca-l10n-brazil/tipi
54012012;Acondicionadas para venda a retalho;0.00;oca-l10n-brazil/tipi
54012090;Outras;0.00;oca-l10n-brazil/tipi
54021100;De aramidas;0.00;oca-l10n-brazil/tipi
54021910;De náilon;0.00;oca-l10n-brazil/tipi
54021990;Outros;0.00;oca-l10n-brazil/tipi
54022010;De copolímero de ácido p-hidroxibenzoico e ácido hidroxinaftoico;0.00;oca-l10n-brazil/tipi
54022090;Outros;0.00;oca-l10n-brazil/tipi
54023111;Tintos;0.00;oca-l10n-brazil/tipi
54023119;Outros;0.00;oca-l10n-brazil/tipi
54023190;Outros;0.00;oca-l10n-brazil/tipi
54023211;Multifilamento com efeito antiestático permanente, de título superior a 110 tex;0.00;oca-l10n-brazil/tipi
54023219;Outros;0.00;oca-l10n-brazil/tipi
54023290;Outros;0.00;oca-l10n-brazil/tipi
54023310;Crus;0.00;oca-l10n-brazil/tipi
54023320;Tintos;0.00;oca-l10n-brazil/tipi
54023390;Outros;0.00;oca-l10n-brazil/tipi
54023400;De polipropileno;0.00;oca-l10n-brazil/tipi
54023900;Outros;0.00;oca-l10n-brazil/tipi
54024400;De elastômeros;0.00;oca-l10n-brazil/tipi
54024510;De aramidas;0.00;oca-l10n-brazil/tipi
54024520;De náilon;0.00;oca-l10n-brazil/tipi
54024590;Outros;0.00;oca-l10n-brazil/tipi
54024600;Outros, de poliésteres, parcialmente orientados;0.00;oca-l10n-brazil/tipi
54024710;Crus;0.00;oca-l10n-brazil/tipi
54024720;Tintos;0.00;oca-l10n-brazil/tipi
54024790;Outros;0.00;oca-l10n-brazil/tipi
54024800;Outros, de polipropileno;0.00;oca-l10n-brazil/tipi
54024910;De polietileno, com tenacidade igual ou superior a 26 cN/tex;0.00;oca-l10n-brazil/tipi
54024990;Outros;0.00;oca-l10n-brazil/tipi
54025110;De aramidas;0.00;oca-l10n-brazil/tipi
54025190;Outros;0.00;oca-l10n-brazil/tipi
54025200;De poliésteres;0.00;oca-l10n-brazil/tipi
54025300;De polipropileno;0.00;oca-l10n-brazil/tipi
54025900;Outros;0.00;oca-l10n-brazil/tipi
54026110;De aramidas;0.00;oca-l10n-brazil/tipi
54026190;Outros;0.00;oca-l10n-brazil/tipi
54026200;De poliésteres;0.00;oca-l10n-brazil/tipi
54026300;De polipropileno;0.00;oca-l10n-brazil/tipi
54026900;Outros;0.00;oca-l10n-brazil/tipi
54031000;Fios de alta tenacidade, de raiom viscose;0.00;oca-l10n-brazil/tipi
54033110;Crus ou branqueados;0.00;oca-l10n-brazil/tipi
54033190;Outros;0.00;oca-l10n-brazil/tipi
54033200;De raiom viscose, com torção superior a 120 voltas por metro;0.00;oca-l10n-brazil/tipi
54033300;De acetato de celulose;0.00;oca-l10n-brazil/tipi
54033900;Outros;0.00;oca-l10n-brazil/tipi
54034100;De raiom viscose;0.00;oca-l10n-brazil/tipi
54034200;De acetato de celulose;0.00;oca-l10n-brazil/tipi
54034900;Outros;0.00;oca-l10n-brazil/tipi
54041100;De elastômeros;0.00;oca-l10n-brazil/tipi
54041200;Outros, de polipropileno;0.00;oca-l10n-brazil/tipi
54041911;Reabsorvíveis;0.00;oca-l10n-brazil/tipi
54041919;Outros;0.00;oca-l10n-brazil/tipi
54041990;Outros;0.00;oca-l10n-brazil/tipi
54049000;Outras;0.00;oca-l10n-brazil/tipi
54050000;Monofilamentos artificiais, de título igual ou superior a 67 decitex e cuja maior dimensão da seç...;0.00;oca-l10n-brazil/tipi
54060010;Fios de filamentos sintéticos;0.00;oca-l10n-brazil/tipi
54060020;Fios de filamentos artificiais;0.00;oca-l10n-brazil/tipi
54071011;De aramidas;0.00;oca-l10n-brazil/tipi
54071019;Outros;0.00;oca-l10n-brazil/tipi
54071021;De aramidas;0.00;oca-l10n-brazil/tipi
54071029;Outros;0.00;oca-l10n-brazil/tipi
54072000;Tecidos obtidos a partir de lâminas ou de formas semelhantes;0.00;oca-l10n-brazil/tipi
54073000;"""Tecidos"" mencionados na Nota 9 da Seção XI";0.00;oca-l10n-brazil/tipi
54074100;Crus ou branqueados;0.00;oca-l10n-brazil/tipi
54074200;Tintos;0.00;oca-l10n-brazil/tipi
54074300;De fios de diversas cores;0.00;oca-l10n-brazil/tipi
54074400;Estampados;0.00;oca-l10n-brazil/tipi
54075100;Crus ou branqueados;0.00;oca-l10n-brazil/tipi
54075210;Sem fios de borracha;0.00;oca-l10n-brazil/tipi
54075220;Com fios de borracha;0.00;oca-l10n-brazil/tipi
54075300;De fios de diversas cores;0.00;oca-l10n-brazil/tipi
54075400;Estampados;0.00;oca-l10n-brazil/tipi
54076100;Que contenham pelo menos 85 %, em peso, de filamentos de poliéster não texturizados;0.00;oca-l10n-brazil/tipi
54076900;Outros;0.00;oca-l10n-brazil/tipi
54077100;Crus ou branqueados;0.00;oca-l10n-brazil/tipi
54077200;Tintos;0.00;oca-l10n-brazil/tipi
54077300;De fios de diversas cores;0.00;oca-l10n-brazil/tipi
54077400;Estampados;0.00;oca-l10n-brazil/tipi
54078100;Crus ou branqueados;0.00;oca-l10n-brazil/tipi
54078200;Tintos;0.00;oca-l10n-brazil/tipi
54078300;De fios de diversas cores;0.00;oca-l10n-brazil/tipi
54078400;Estampados;0.00;oca-l10n-brazil/tipi
54079100;Crus ou branqueados;0.00;oca-l10n-brazil/tipi
54079200;Tintos;0.00;oca-l10n-brazil/tipi
54079300;De fios de diversas cores;0.00;oca-l10n-brazil/tipi
54079400;Estampados;0.00;oca-l10n-brazil/tipi
54081000;Tecidos obtidos a partir de fios de alta tenacidade, de raiom viscose;0.00;oca-l10n-brazil/tipi
54082100;Crus ou branqueados;0.00;oca-l10n-brazil/tipi
54082200;Tintos;0.00;oca-l10n-brazil/tipi
54082300;De fios de diversas cores;0.00;oca-l10n-brazil/tipi
54082400;Estampados;0.00;oca-l10n-brazil/tipi
54083100;Crus ou branqueados;0.00;oca-l10n-brazil/tipi
54083200;Tintos;0.00;oca-l10n-brazil/tipi
54083300;De fios de diversas cores;0.00;oca-l10n-brazil/tipi
54083400;Estampados;0.00;oca-l10n-brazil/tipi
55011100;De aramidas;0.00;oca-l10n-brazil/tipi
55011900;Outros;0.00;oca-l10n-brazil/tipi
55012000;De poliésteres;0.00;oca-l10n-brazil/tipi
55013000;Acrílicos ou modacrílicos;0.00;oca-l10n-brazil/tipi
55014000;De polipropileno;0.00;oca-l10n-brazil/tipi
55019000;Outros;0.00;oca-l10n-brazil/tipi
55021000;De acetato de celulose;19.50;oca-l10n-brazil/tipi
55029010;De raiom viscose;0.00;oca-l10n-brazil/tipi
55029090;Outros;0.00;oca-l10n-brazil/tipi
55031100;De aramidas;0.00;oca-l10n-brazil/tipi
55031910;Bicomponentes, de diferentes pontos de fusão;0.00;oca-l10n-brazil/tipi
55031990;Outras;0.00;oca-l10n-brazil/tipi
55032010;Bicomponentes, de diferentes pontos de fusão;0.00;oca-l10n-brazil/tipi
55032090;Outras;0.00;oca-l10n-brazil/tipi
55033000;Acrílicas ou modacrílicas;0.00;oca-l10n-brazil/tipi
55034000;De polipropileno;0.00;oca-l10n-brazil/tipi
55039010;Bicomponentes, de diferentes pontos de fusão;0.00;oca-l10n-brazil/tipi
55039020;De poli(álcool vinílico);0.00;oca-l10n-brazil/tipi
55039090;Outras;0.00;oca-l10n-brazil/tipi
55041000;De raiom viscose;0.00;oca-l10n-brazil/tipi
55049010;De liocel;0.00;oca-l10n-brazil/tipi
55049090;Outras;0.00;oca-l10n-brazil/tipi
55051000;De fibras sintéticas;0.00;oca-l10n-brazil/tipi
55052000;De fibras artificiais;0.00;oca-l10n-brazil/tipi
55061000;De náilon ou de outras poliamidas;0.00;oca-l10n-brazil/tipi
55062000;De poliésteres;0.00;oca-l10n-brazil/tipi
55063000;Acrílicas ou modacrílicas;0.00;oca-l10n-brazil/tipi
55064000;De polipropileno;0.00;oca-l10n-brazil/tipi
55069000;Outras;0.00;oca-l10n-brazil/tipi
55070000;Fibras artificiais descontínuas, cardadas, penteadas ou transformadas de outro modo para fiação.;0.00;oca-l10n-brazil/tipi
55081000;De fibras sintéticas descontínuas;0.00;oca-l10n-brazil/tipi
55082000;De fibras artificiais descontínuas;0.00;oca-l10n-brazil/tipi
55091100;Simples;0.00;oca-l10n-brazil/tipi
55091210;De aramidas;0.00;oca-l10n-brazil/tipi
55091290;Outros;0.00;oca-l10n-brazil/tipi
55092100;Simples;0.00;oca-l10n-brazil/tipi
55092200;Retorcidos ou retorcidos múltiplos;0.00;oca-l10n-brazil/tipi
55093100;Simples;0.00;oca-l10n-brazil/tipi
55093200;Retorcidos ou retorcidos múltiplos;0.00;oca-l10n-brazil/tipi
55094100;Simples;0.00;oca-l10n-brazil/tipi
55094200;Retorcidos ou retorcidos múltiplos;0.00;oca-l10n-brazil/tipi
55095100;Combinadas, principal ou unicamente, com fibras artificiais descontínuas;0.00;oca-l10n-brazil/tipi
55095200;Combinadas, principal ou unicamente, com lã ou pelos finos;0.00;oca-l10n-brazil/tipi
55095300;Combinadas, principal ou unicamente, com algodão;0.00;oca-l10n-brazil/tipi
55095900;Outros;0.00;oca-l10n-brazil/tipi
55096100;Combinadas, principal ou unicamente, com lã ou pelos finos;0.00;oca-l10n-brazil/tipi
55096200;Combinadas, principal ou unicamente, com algodão;0.00;oca-l10n-brazil/tipi
55096900;Outros;0.00;oca-l10n-brazil/tipi
55099100;Combinados, principal ou unicamente, com lã ou pelos finos;0.00;oca-l10n-brazil/tipi
55099200;Combinados, principal ou unicamente, com algodão;0.00;oca-l10n-brazil/tipi
55099900;Outros;0.00;oca-l10n-brazil/tipi
55101111;De raiom viscose, exceto modal;0.00;oca-l10n-brazil/tipi
55101112;De modal;0.00;oca-l10n-brazil/tipi
55101113;De liocel;0.00;oca-l10n-brazil/tipi
55101119;Outros;0.00;oca-l10n-brazil/tipi
55101190;Outros;0.00;oca-l10n-brazil/tipi
55101211;De raiom viscose, exceto modal;0.00;oca-l10n-brazil/tipi
55101212;De modal;0.00;oca-l10n-brazil/tipi
55101213;De liocel;0.00;oca-l10n-brazil/tipi
55101219;Outros;0.00;oca-l10n-brazil/tipi
55101290;Outros;0.00;oca-l10n-brazil/tipi
55102011;De raiom viscose, exceto modal;0.00;oca-l10n-brazil/tipi
55102012;De modal;0.00;oca-l10n-brazil/tipi
55102013;De liocel;0.00;oca-l10n-brazil/tipi
55102019;Outros;0.00;oca-l10n-brazil/tipi
55102090;Outros;0.00;oca-l10n-brazil/tipi
55103011;De raiom viscose, exceto modal;0.00;oca-l10n-brazil/tipi
55103012;De modal;0.00;oca-l10n-brazil/tipi
55103013;De liocel;0.00;oca-l10n-brazil/tipi
55103019;Outros;0.00;oca-l10n-brazil/tipi
55103090;Outros;0.00;oca-l10n-brazil/tipi
55109011;De raiom viscose, exceto modal;0.00;oca-l10n-brazil/tipi
55109012;De modal;0.00;oca-l10n-brazil/tipi
55109013;De liocel;0.00;oca-l10n-brazil/tipi
55109019;Outros;0.00;oca-l10n-brazil/tipi
55109090;Outros;0.00;oca-l10n-brazil/tipi
55111000;De fibras sintéticas descontínuas, que contenham pelo menos 85 %, em peso, destas fibras;0.00;oca-l10n-brazil/tipi
55112000;De fibras sintéticas descontínuas, que contenham menos de 85 %, em peso, destas fibras;0.00;oca-l10n-brazil/tipi
55113000;De fibras artificiais descontínuas;0.00;oca-l10n-brazil/tipi
55121100;Crus ou branqueados;0.00;oca-l10n-brazil/tipi
55121900;Outros;0.00;oca-l10n-brazil/tipi
55122100;Crus ou branqueados;0.00;oca-l10n-brazil/tipi
55122900;Outros;0.00;oca-l10n-brazil/tipi
55129110;De aramidas;0.00;oca-l10n-brazil/tipi
55129190;Outros;0.00;oca-l10n-brazil/tipi
55129910;De aramidas;0.00;oca-l10n-brazil/tipi
55129990;Outros;0.00;oca-l10n-brazil/tipi
55131100;De fibras descontínuas de poliéster, em ponto de tafetá;0.00;oca-l10n-brazil/tipi
55131200;De fibras descontínuas de poliéster, em ponto sarjado, incluindo o diagonal, cuja relação de text...;0.00;oca-l10n-brazil/tipi
55131300;Outros tecidos de fibras descontínuas de poliéster;0.00;oca-l10n-brazil/tipi
55131900;Outros tecidos;0.00;oca-l10n-brazil/tipi
55132100;De fibras descontínuas de poliéster, em ponto de tafetá;0.00;oca-l10n-brazil/tipi
55132310;Em ponto sarjado, incluindo o diagonal, cuja relação de textura não seja superior a 4;0.00;oca-l10n-brazil/tipi
55132390;Outros;0.00;oca-l10n-brazil/tipi
55132900;Outros tecidos;0.00;oca-l10n-brazil/tipi
55133100;De fibras descontínuas de poliéster, em ponto de tafetá;0.00;oca-l10n-brazil/tipi
55133911;Em ponto sarjado, incluindo o diagonal, cuja relação de textura não seja superior a 4;0.00;oca-l10n-brazil/tipi
55133919;Outros;0.00;oca-l10n-brazil/tipi
55133990;Outros;0.00;oca-l10n-brazil/tipi
55134100;De fibras descontínuas de poliéster, em ponto de tafetá;0.00;oca-l10n-brazil/tipi
55134911;Em ponto sarjado, incluindo o diagonal, cuja relação de textura não seja superior a 4;0.00;oca-l10n-brazil/tipi
55134919;Outros;0.00;oca-l10n-brazil/tipi
55134990;Outros;0.00;oca-l10n-brazil/tipi
55141100;De fibras descontínuas de poliéster, em ponto de tafetá;0.00;oca-l10n-brazil/tipi
55141200;De fibras descontínuas de poliéster, em ponto sarjado, incluindo o diagonal, cuja relação de text...;0.00;oca-l10n-brazil/tipi
55141910;De fibras descontínuas de poliéster;0.00;oca-l10n-brazil/tipi
55141990;Outros;0.00;oca-l10n-brazil/tipi
55142100;De fibras descontínuas de poliéster, em ponto de tafetá;0.00;oca-l10n-brazil/tipi
55142200;De fibras descontínuas de poliéster, em ponto sarjado, incluindo o diagonal, cuja relação de text...;0.00;oca-l10n-brazil/tipi
55142300;Outros tecidos de fibras descontínuas de poliéster;0.00;oca-l10n-brazil/tipi
55142900;Outros tecidos;0.00;oca-l10n-brazil/tipi
55143011;Em ponto de tafetá;0.00;oca-l10n-brazil/tipi
55143012;Em ponto sarjado, incluindo o diagonal, cuja relação de textura não seja superior a 4;0.00;oca-l10n-brazil/tipi
55143019;Outros;0.00;oca-l10n-brazil/tipi
55143090;Outros;0.00;oca-l10n-brazil/tipi
55144100;De fibras descontínuas de poliéster, em ponto de tafetá;0.00;oca-l10n-brazil/tipi
55144200;De fibras descontínuas de poliéster, em ponto sarjado, incluindo o diagonal, cuja relação de text...;0.00;oca-l10n-brazil/tipi
55144300;Outros tecidos de fibras descontínuas de poliéster;0.00;oca-l10n-brazil/tipi
55144900;Outros tecidos;0.00;oca-l10n-brazil/tipi
55151100;Combinadas, principal ou unicamente, com fibras descontínuas de raiom viscose;0.00;oca-l10n-brazil/tipi
55151200;Combinadas, principal ou unicamente, com filamentos sintéticos ou artificiais;0.00;oca-l10n-brazil/tipi
55151300;Combinadas, principal ou unicamente, com lã ou pelos finos;0.00;oca-l10n-brazil/tipi
55151900;Outros;0.00;oca-l10n-brazil/tipi
55152100;Combinadas, principal ou unicamente, com filamentos sintéticos ou artificiais;0.00;oca-l10n-brazil/tipi
55152200;Combinadas, principal ou unicamente, com lã ou pelos finos;0.00;oca-l10n-brazil/tipi
55152900;Outros;0.00;oca-l10n-brazil/tipi
55159100;Combinados, principal ou unicamente, com filamentos sintéticos ou artificiais;0.00;oca-l10n-brazil/tipi
55159910;Combinados, principal ou unicamente, com lã ou pelos finos;0.00;oca-l10n-brazil/tipi
55159990;Outros;0.00;oca-l10n-brazil/tipi
55161100;Crus ou branqueados;0.00;oca-l10n-brazil/tipi
55161200;Tintos;0.00;oca-l10n-brazil/tipi
55161300;De fios de diversas cores;0.00;oca-l10n-brazil/tipi
55161400;Estampados;0.00;oca-l10n-brazil/tipi
55162100;Crus ou branqueados;0.00;oca-l10n-brazil/tipi
55162200;Tintos;0.00;oca-l10n-brazil/tipi
55162300;De fios de diversas cores;0.00;oca-l10n-brazil/tipi
55162400;Estampados;0.00;oca-l10n-brazil/tipi
55163100;Crus ou branqueados;0.00;oca-l10n-brazil/tipi
55163200;Tintos;0.00;oca-l10n-brazil/tipi
55163300;De fios de diversas cores;0.00;oca-l10n-brazil/tipi
55163400;Estampados;0.00;oca-l10n-brazil/tipi
55164100;Crus ou branqueados;0.00;oca-l10n-brazil/tipi
55164200;Tintos;0.00;oca-l10n-brazil/tipi
55164300;De fios de diversas cores;0.00;oca-l10n-brazil/tipi
55164400;Estampados;0.00;oca-l10n-brazil/tipi
55169100;Crus ou branqueados;0.00;oca-l10n-brazil/tipi
55169200;Tintos;0.00;oca-l10n-brazil/tipi
55169300;De fios de diversas cores;0.00;oca-l10n-brazil/tipi
55169400;Estampados;0.00;oca-l10n-brazil/tipi
56012110;Pastas (ouates);0.00;oca-l10n-brazil/tipi
56012190;Outros artigos de pastas (ouates);0.00;oca-l10n-brazil/tipi
56012211;De aramidas;0.00;oca-l10n-brazil/tipi
56012219;Outras;0.00;oca-l10n-brazil/tipi
56012291;Cilindros para filtros de cigarros;19.50;oca-l10n-brazil/tipi
56012299;Outros;0.00;oca-l10n-brazil/tipi
56012900;Outros;0.00;oca-l10n-brazil/tipi
56013010;De aramidas;0.00;oca-l10n-brazil/tipi
56013090;Outros;0.00;oca-l10n-brazil/tipi
56021000;Feltros agulhados e artigos obtidos por costura por entrelaçamento (cousus-tricotés);0.00;oca-l10n-brazil/tipi
56022100;De lã ou de pelos finos;0.00;oca-l10n-brazil/tipi
56022900;De outras matérias têxteis;0.00;oca-l10n-brazil/tipi
56029000;Outros;0.00;oca-l10n-brazil/tipi
56031110;De aramidas;0.00;oca-l10n-brazil/tipi
56031120;De poliéster;0.00;oca-l10n-brazil/tipi
56031130;De polipropileno;0.00;oca-l10n-brazil/tipi
56031140;De raiom viscose;0.00;oca-l10n-brazil/tipi
56031190;Outros;0.00;oca-l10n-brazil/tipi
56031210;De polietileno de alta densidade;0.00;oca-l10n-brazil/tipi
56031220;De aramidas;0.00;oca-l10n-brazil/tipi
56031230;De poliéster;0.00;oca-l10n-brazil/tipi
56031240;De polipropileno;0.00;oca-l10n-brazil/tipi
56031250;De raiom viscose;0.00;oca-l10n-brazil/tipi
56031290;Outros;0.00;oca-l10n-brazil/tipi
56031310;De polietileno de alta densidade;0.00;oca-l10n-brazil/tipi
56031320;De aramidas;0.00;oca-l10n-brazil/tipi
56031330;De poliéster;0.00;oca-l10n-brazil/tipi
56031340;De polipropileno;0.00;oca-l10n-brazil/tipi
56031350;De raiom viscose;0.00;oca-l10n-brazil/tipi
56031390;Outros;0.00;oca-l10n-brazil/tipi
56031410;De aramidas;0.00;oca-l10n-brazil/tipi
56031420;De poliéster;0.00;oca-l10n-brazil/tipi
56031430;De polipropileno;0.00;oca-l10n-brazil/tipi
56031440;De raiom viscose;0.00;oca-l10n-brazil/tipi
56031490;Outros;0.00;oca-l10n-brazil/tipi
56039110;De poliéster;0.00;oca-l10n-brazil/tipi
56039120;De polipropileno;0.00;oca-l10n-brazil/tipi
56039130;De raiom viscose;0.00;oca-l10n-brazil/tipi
56039190;Outros;0.00;oca-l10n-brazil/tipi
56039210;De polietileno de alta densidade;0.00;oca-l10n-brazil/tipi
56039220;De poliéster;0.00;oca-l10n-brazil/tipi
56039230;De polipropileno;0.00;oca-l10n-brazil/tipi
56039240;De raiom viscose;0.00;oca-l10n-brazil/tipi
56039290;Outros;0.00;oca-l10n-brazil/tipi
56039310;De polietileno de alta densidade;0.00;oca-l10n-brazil/tipi
56039320;De poliéster;0.00;oca-l10n-brazil/tipi
56039330;De polipropileno;0.00;oca-l10n-brazil/tipi
56039340;De raiom viscose;0.00;oca-l10n-brazil/tipi
56039390;Outros;0.00;oca-l10n-brazil/tipi
56039410;De poliéster;0.00;oca-l10n-brazil/tipi
56039420;De polipropileno;0.00;oca-l10n-brazil/tipi
56039430;De raiom viscose;0.00;oca-l10n-brazil/tipi
56039490;Outros;0.00;oca-l10n-brazil/tipi
56041000;Fios e cordas, de borracha, recobertos de têxteis;0.00;oca-l10n-brazil/tipi
56049010;Imitações de categute constituídas por fios de seda;0.00;oca-l10n-brazil/tipi
56049021;Com borracha;0.00;oca-l10n-brazil/tipi
56049022;Com plástico;0.00;oca-l10n-brazil/tipi
56049090;Outros;0.00;oca-l10n-brazil/tipi
56050010;Com metais preciosos;0.00;oca-l10n-brazil/tipi
56050020;Revestidos por enrolamento, exceto com metais preciosos;0.00;oca-l10n-brazil/tipi
56050090;Outros;0.00;oca-l10n-brazil/tipi
56060000;Fios revestidos por enrolamento, lâminas e formas semelhantes das posições 54.04 ou 54.05, revest...;0.00;oca-l10n-brazil/tipi
56072100;Cordéis para atadeiras ou enfardadeiras;0.00;oca-l10n-brazil/tipi
56072900;Outros;0.00;oca-l10n-brazil/tipi
56074100;Cordéis para atadeiras ou enfardadeiras;0.00;oca-l10n-brazil/tipi
56074900;Outros;0.00;oca-l10n-brazil/tipi
56075011;De náilon;0.00;oca-l10n-brazil/tipi
56075019;Outros;0.00;oca-l10n-brazil/tipi
56075090;Outros;0.00;oca-l10n-brazil/tipi
56079010;De algodão;0.00;oca-l10n-brazil/tipi
56079020;De juta, inferior ao número métrico 0,75 por fio simples;0.00;oca-l10n-brazil/tipi
56079090;Outros;0.00;oca-l10n-brazil/tipi
56081100;Redes confeccionadas para a pesca;0.00;oca-l10n-brazil/tipi
56081900;Outras;0.00;oca-l10n-brazil/tipi
56089000;Outras;0.00;oca-l10n-brazil/tipi
56090010;De algodão;0.00;oca-l10n-brazil/tipi
56090090;Outros;0.00;oca-l10n-brazil/tipi
57011011;Feitos à mão;6.50;oca-l10n-brazil/tipi
57011012;Feitos a máquina;6.50;oca-l10n-brazil/tipi
57011020;De pelos finos;6.50;oca-l10n-brazil/tipi
57019000;De outras matérias têxteis;6.50;oca-l10n-brazil/tipi
57021000;Tapetes denominados Kelim ou Kilim, Schumacks ou Soumak, Karamanie e tapetes semelhantes tecidos...;6.50;oca-l10n-brazil/tipi
57022000;Revestimentos para pisos (pavimentos), de cairo (fibra de coco);6.50;oca-l10n-brazil/tipi
57023100;De lã ou de pelos finos;6.50;oca-l10n-brazil/tipi
57023200;De matérias têxteis sintéticas ou artificiais;6.50;oca-l10n-brazil/tipi
57023900;De outras matérias têxteis;6.50;oca-l10n-brazil/tipi
57024100;De lã ou de pelos finos;6.50;oca-l10n-brazil/tipi
57024200;De matérias têxteis sintéticas ou artificiais;6.50;oca-l10n-brazil/tipi
57024900;De outras matérias têxteis;6.50;oca-l10n-brazil/tipi
57025010;De lã ou de pelos finos;6.50;oca-l10n-brazil/tipi
57025020;De matérias têxteis sintéticas ou artificiais;6.50;oca-l10n-brazil/tipi
57025090;Outros;6.50;oca-l10n-brazil/tipi
57029100;De lã ou de pelos finos;6.50;oca-l10n-brazil/tipi
57029200;De matérias têxteis sintéticas ou artificiais;6.50;oca-l10n-brazil/tipi
57029900;De outras matérias têxteis;6.50;oca-l10n-brazil/tipi
57031000;De lã ou de pelos finos;6.50;oca-l10n-brazil/tipi
57032100;Grama (relva);6.50;oca-l10n-brazil/tipi
57032900;Outros;6.50;oca-l10n-brazil/tipi
57033100;Grama (relva);6.50;oca-l10n-brazil/tipi
57033900;Outros;6.50;oca-l10n-brazil/tipi
57039000;De outras matérias têxteis;6.50;oca-l10n-brazil/tipi
57041000;"""Ladrilhos"" de área da superfície não superior a 0,3 m2";6.50;oca-l10n-brazil/tipi
57042000;"""Ladrilhos"" de área da superfície superior a 0,3 m2, mas não superior a 1 m2";6.50;oca-l10n-brazil/tipi
57049000;Outros;6.50;oca-l10n-brazil/tipi
57050000;Outros tapetes e revestimentos para pisos (pavimentos), de matérias têxteis, mesmo confeccionados.;6.50;oca-l10n-brazil/tipi
58011000;De lã ou de pelos finos;0.00;oca-l10n-brazil/tipi
58012100;Veludos e pelúcias obtidos por trama, não cortados;0.00;oca-l10n-brazil/tipi
58012200;Veludos e pelúcias obtidos por trama, cortados, canelados (côtelés);0.00;oca-l10n-brazil/tipi
58012300;Outros veludos e pelúcias obtidos por trama;0.00;oca-l10n-brazil/tipi
58012600;Tecidos de froco (chenille);0.00;oca-l10n-brazil/tipi
58012700;Veludos e pelúcias obtidos por urdidura;0.00;oca-l10n-brazil/tipi
58013100;Veludos e pelúcias obtidos por trama, não cortados;0.00;oca-l10n-brazil/tipi
58013200;Veludos e pelúcias obtidos por trama, cortados, canelados (côtelés);0.00;oca-l10n-brazil/tipi
58013300;Outros veludos e pelúcias obtidos por trama;0.00;oca-l10n-brazil/tipi
58013600;Tecidos de froco (chenille);0.00;oca-l10n-brazil/tipi
58013700;Veludos e pelúcias obtidos por urdidura;0.00;oca-l10n-brazil/tipi
58019000;De outras matérias têxteis;0.00;oca-l10n-brazil/tipi
58021000;Tecidos atoalhados (turcos), de algodão;0.00;oca-l10n-brazil/tipi
58022000;Tecidos atoalhados (turcos), de outras matérias têxteis;0.00;oca-l10n-brazil/tipi
58023000;Tecidos tufados;0.00;oca-l10n-brazil/tipi
58030010;De algodão;0.00;oca-l10n-brazil/tipi
58030090;Outros;0.00;oca-l10n-brazil/tipi
58041010;De algodão;0.00;oca-l10n-brazil/tipi
58041090;Outros;0.00;oca-l10n-brazil/tipi
58042100;De fibras sintéticas ou artificiais;0.00;oca-l10n-brazil/tipi
58042910;De algodão;0.00;oca-l10n-brazil/tipi
58042990;Outras;0.00;oca-l10n-brazil/tipi
58043010;De algodão;0.00;oca-l10n-brazil/tipi
58043090;Outras;0.00;oca-l10n-brazil/tipi
58050010;De algodão;3.25;oca-l10n-brazil/tipi
58050020;De fibras sintéticas ou artificiais;3.25;oca-l10n-brazil/tipi
58050090;De outras matérias têxteis;3.25;oca-l10n-brazil/tipi
58061000;Fitas de veludo, de pelúcias, de tecidos de froco (chenille) ou de tecidos atoalhados (turcos);0.00;oca-l10n-brazil/tipi
58062000;Outras fitas que contenham, em peso, 5 % ou mais de fios de elastômeros ou de fios de borracha;0.00;oca-l10n-brazil/tipi
58063100;De algodão;0.00;oca-l10n-brazil/tipi
58063200;De fibras sintéticas ou artificiais;0.00;oca-l10n-brazil/tipi
58063900;De outras matérias têxteis;0.00;oca-l10n-brazil/tipi
58064000;Fitas sem trama, de fios ou fibras paralelizados e colados (bolducs);0.00;oca-l10n-brazil/tipi
58071000;Tecidos;0.00;oca-l10n-brazil/tipi
58079000;Outros;0.00;oca-l10n-brazil/tipi
58081000;Tranças em peça;0.00;oca-l10n-brazil/tipi
58089000;Outros;0.00;oca-l10n-brazil/tipi
58090000;Tecidos de fios de metal e tecidos de fios metálicos ou de fios têxteis metalizados da posição 56...;0.00;oca-l10n-brazil/tipi
58101000;Bordados químicos ou aéreos e bordados com fundo recortado;0.00;oca-l10n-brazil/tipi
58109100;De algodão;0.00;oca-l10n-brazil/tipi
58109200;De fibras sintéticas ou artificiais;0.00;oca-l10n-brazil/tipi
58109900;De outras matérias têxteis;0.00;oca-l10n-brazil/tipi
58110000;Artigos têxteis acolchoados em peça, constituídos por uma ou mais camadas de matérias têxteis ass...;0.00;oca-l10n-brazil/tipi
59011000;Tecidos revestidos de cola ou de matérias amiláceas, do tipo utilizado na encadernação, cartonage...;3.25;oca-l10n-brazil/tipi
59019000;Outros;3.25;oca-l10n-brazil/tipi
59021010;Impregnadas, recobertas ou revestidas com borracha;3.25;oca-l10n-brazil/tipi
59021090;Outras;3.25;oca-l10n-brazil/tipi
59022000;De poliésteres;3.25;oca-l10n-brazil/tipi
59029000;Outras;3.25;oca-l10n-brazil/tipi
59031000;Com poli(cloreto de vinila);3.25;oca-l10n-brazil/tipi
59032000;Com poliuretano;3.25;oca-l10n-brazil/tipi
59039010;De fios de poliéster, impregnados com uma ou mais resinas sintéticas, perceptíveis ou não à vista...;;sem-ipi-na-fonte
59039090;Outros;;sem-ipi-na-fonte
59041000;Linóleos;6.50;oca-l10n-brazil/tipi
59049000;Outros;6.50;oca-l10n-brazil/tipi
59050000;Revestimentos para paredes, de matérias têxteis.;6.50;oca-l10n-brazil/tipi
59061000;Fitas adesivas de largura não superior a 20 cm;5.00;oca-l10n-brazil/tipi
59069100;De malha;3.25;oca-l10n-brazil/tipi
59069900;Outros;3.25;oca-l10n-brazil/tipi
59070000;"Outros tecidos impregnados, revestidos ou recobertos; telas pintadas para cenários teatrais, para...";3.25;oca-l10n-brazil/tipi
59080000;Mechas de matérias têxteis, tecidas, entrançadas ou tricotadas, para candeeiros, fogareiros, isqu...;3.25;oca-l10n-brazil/tipi
59090000;Mangueiras e tubos semelhantes, de matérias têxteis, mesmo com reforço ou acessórios de outras ma...;3.25;oca-l10n-brazil/tipi
59100000;Correias transportadoras ou de transmissão, de matérias têxteis, mesmo impregnadas, revestidas ou...;6.50;oca-l10n-brazil/tipi
59111000;Tecidos, feltros e tecidos forrados de feltro, combinados com uma ou mais camadas de borracha, co...;3.25;oca-l10n-brazil/tipi
59112010;De matéria têxtil sintética ou artificial, em peça;3.25;oca-l10n-brazil/tipi
59112090;Outras;3.25;oca-l10n-brazil/tipi
59113100;De peso inferior a 650 g/m2;3.25;oca-l10n-brazil/tipi
59113200;De peso igual ou superior a 650 g/m2;3.25;oca-l10n-brazil/tipi
59114000;Tecidos filtrantes e tecidos espessos, do tipo utilizado em prensas de óleo ou outros usos técnic...;3.25;oca-l10n-brazil/tipi
59119000;Outros;3.25;oca-l10n-brazil/tipi
60011010;De algodão;0.00;oca-l10n-brazil/tipi
60011020;De fibras sintéticas ou artificiais;0.00;oca-l10n-brazil/tipi
60011090;De outras matérias têxteis;0.00;oca-l10n-brazil/tipi
60012100;De algodão;0.00;oca-l10n-brazil/tipi
60012200;De fibras sintéticas ou artificiais;0.00;oca-l10n-brazil/tipi
60012900;De outras matérias têxteis;0.00;oca-l10n-brazil/tipi
60019100;De algodão;0.00;oca-l10n-brazil/tipi
60019200;De fibras sintéticas ou artificiais;0.00;oca-l10n-brazil/tipi
60019900;De outras matérias têxteis;0.00;oca-l10n-brazil/tipi
60024010;De algodão;0.00;oca-l10n-brazil/tipi
60024020;De fibras sintéticas ou artificiais;0.00;oca-l10n-brazil/tipi
60024090;De outras matérias têxteis;0.00;oca-l10n-brazil/tipi
60029010;De algodão;0.00;oca-l10n-brazil/tipi
60029020;De fibras sintéticas ou artificiais;0.00;oca-l10n-brazil/tipi
60029090;De outras matérias têxteis;0.00;oca-l10n-brazil/tipi
60031000;De lã ou de pelos finos;0.00;oca-l10n-brazil/tipi
60032000;De algodão;0.00;oca-l10n-brazil/tipi
60033000;De fibras sintéticas;0.00;oca-l10n-brazil/tipi
60034000;De fibras artificiais;0.00;oca-l10n-brazil/tipi
60039000;Outros;0.00;oca-l10n-brazil/tipi
60041011;Crus ou branqueados;0.00;oca-l10n-brazil/tipi
60041012;Tintos;0.00;oca-l10n-brazil/tipi
60041013;De fios de diversas cores;0.00;oca-l10n-brazil/tipi
60041014;Estampados;0.00;oca-l10n-brazil/tipi
60041031;Crus ou branqueados;0.00;oca-l10n-brazil/tipi
60041032;Tintos;0.00;oca-l10n-brazil/tipi
60041033;De fios de diversas cores;0.00;oca-l10n-brazil/tipi
60041034;Estampados;0.00;oca-l10n-brazil/tipi
60041041;Crus ou branqueados;0.00;oca-l10n-brazil/tipi
60041042;Tintos;0.00;oca-l10n-brazil/tipi
60041043;De fios de diversas cores;0.00;oca-l10n-brazil/tipi
60041044;Estampados;0.00;oca-l10n-brazil/tipi
60041091;Crus ou branqueados;0.00;oca-l10n-brazil/tipi
60041092;Tintos;0.00;oca-l10n-brazil/tipi
60041093;De fios de diversas cores;0.00;oca-l10n-brazil/tipi
60041094;Estampados;0.00;oca-l10n-brazil/tipi
60049010;De algodão;0.00;oca-l10n-brazil/tipi
60049030;De fibras sintéticas;0.00;oca-l10n-brazil/tipi
60049040;De fibras artificiais;0.00;oca-l10n-brazil/tipi
60049090;De outras matérias têxteis;0.00;oca-l10n-brazil/tipi
60052100;Crus ou branqueados;0.00;oca-l10n-brazil/tipi
60052200;Tintos;0.00;oca-l10n-brazil/tipi
60052300;De fios de diversas cores;0.00;oca-l10n-brazil/tipi
60052400;Estampados;0.00;oca-l10n-brazil/tipi
60053500;Tecidos mencionados na Nota de subposição 1 do presente Capítulo;0.00;oca-l10n-brazil/tipi
60053600;Outros, crus ou branqueados;0.00;oca-l10n-brazil/tipi
60053700;Outros, tintos;0.00;oca-l10n-brazil/tipi
60053800;Outros, de fios de diversas cores;0.00;oca-l10n-brazil/tipi
60053900;Outros, estampados;0.00;oca-l10n-brazil/tipi
60054100;Crus ou branqueados;0.00;oca-l10n-brazil/tipi
60054200;Tintos;0.00;oca-l10n-brazil/tipi
60054300;De fios de diversas cores;0.00;oca-l10n-brazil/tipi
60054400;Estampados;0.00;oca-l10n-brazil/tipi
60059010;De lã ou de pelos finos;0.00;oca-l10n-brazil/tipi
60059090;Outros;0.00;oca-l10n-brazil/tipi
60061000;De lã ou de pelos finos;0.00;oca-l10n-brazil/tipi
60062100;Crus ou branqueados;0.00;oca-l10n-brazil/tipi
60062200;Tintos;0.00;oca-l10n-brazil/tipi
60062300;De fios de diversas cores;0.00;oca-l10n-brazil/tipi
60062400;Estampados;0.00;oca-l10n-brazil/tipi
60063110;De náilon ou de outras poliamidas;0.00;oca-l10n-brazil/tipi
60063120;De poliésteres;0.00;oca-l10n-brazil/tipi
60063130;Acrílicos ou modacrílicos;0.00;oca-l10n-brazil/tipi
60063190;Outros;0.00;oca-l10n-brazil/tipi
60063210;De náilon ou de outras poliamidas;0.00;oca-l10n-brazil/tipi
60063220;De poliésteres;0.00;oca-l10n-brazil/tipi
60063230;Acrílicos ou modacrílicos;0.00;oca-l10n-brazil/tipi
60063290;Outros;0.00;oca-l10n-brazil/tipi
60063310;De náilon ou de outras poliamidas;0.00;oca-l10n-brazil/tipi
60063320;De poliésteres;0.00;oca-l10n-brazil/tipi
60063330;Acrílicos ou modacrílicos;0.00;oca-l10n-brazil/tipi
60063390;Outros;0.00;oca-l10n-brazil/tipi
60063410;De náilon ou de outras poliamidas;0.00;oca-l10n-brazil/tipi
60063420;De poliésteres;0.00;oca-l10n-brazil/tipi
60063430;Acrílicos ou modacrílicos;0.00;oca-l10n-brazil/tipi
60063490;Outros;0.00;oca-l10n-brazil/tipi
60064100;Crus ou branqueados;0.00;oca-l10n-brazil/tipi
60064200;Tintos;0.00;oca-l10n-brazil/tipi
60064300;De fios de diversas cores;0.00;oca-l10n-brazil/tipi
60064400;Estampados;0.00;oca-l10n-brazil/tipi
60069000;Outros;0.00;oca-l10n-brazil/tipi
61012000;De algodão;0.00;oca-l10n-brazil/tipi
61013000;De fibras sintéticas ou artificiais;0.00;oca-l10n-brazil/tipi
61019010;De lã ou de pelos finos;0.00;oca-l10n-brazil/tipi
61019090;Outros;0.00;oca-l10n-brazil/tipi
61021000;De lã ou de pelos finos;0.00;oca-l10n-brazil/tipi
61022000;De algodão;0.00;oca-l10n-brazil/tipi
61023000;De fibras sintéticas ou artificiais;0.00;oca-l10n-brazil/tipi
61029000;De outras matérias têxteis;0.00;oca-l10n-brazil/tipi
61031010;De lã ou de pelos finos;0.00;oca-l10n-brazil/tipi
61031020;De fibras sintéticas;0.00;oca-l10n-brazil/tipi
61031090;De outras matérias têxteis;0.00;oca-l10n-brazil/tipi
61032200;De algodão;0.00;oca-l10n-brazil/tipi
61032300;De fibras sintéticas;0.00;oca-l10n-brazil/tipi
61032910;De lã ou de pelos finos;0.00;oca-l10n-brazil/tipi
61032990;Outros;0.00;oca-l10n-brazil/tipi
61033100;De lã ou de pelos finos;0.00;oca-l10n-brazil/tipi
61033200;De algodão;0.00;oca-l10n-brazil/tipi
61033300;De fibras sintéticas;0.00;oca-l10n-brazil/tipi
61033900;De outras matérias têxteis;0.00;oca-l10n-brazil/tipi
61034100;De lã ou de pelos finos;0.00;oca-l10n-brazil/tipi
61034200;De algodão;0.00;oca-l10n-brazil/tipi
61034300;De fibras sintéticas;0.00;oca-l10n-brazil/tipi
61034900;De outras matérias têxteis;0.00;oca-l10n-brazil/tipi
61041300;De fibras sintéticas;0.00;oca-l10n-brazil/tipi
61041910;De lã ou de pelos finos;0.00;oca-l10n-brazil/tipi
61041920;De algodão;0.00;oca-l10n-brazil/tipi
61041990;De outras matérias têxteis;0.00;oca-l10n-brazil/tipi
61042200;De algodão;0.00;oca-l10n-brazil/tipi
61042300;De fibras sintéticas;0.00;oca-l10n-brazil/tipi
61042910;De lã ou de pelos finos;0.00;oca-l10n-brazil/tipi
61042990;Outros;0.00;oca-l10n-brazil/tipi
61043100;De lã ou de pelos finos;0.00;oca-l10n-brazil/tipi
61043200;De algodão;0.00;oca-l10n-brazil/tipi
61043300;De fibras sintéticas;0.00;oca-l10n-brazil/tipi
61043900;De outras matérias têxteis;0.00;oca-l10n-brazil/tipi
61044100;De lã ou de pelos finos;0.00;oca-l10n-brazil/tipi
61044200;De algodão;0.00;oca-l10n-brazil/tipi
61044300;De fibras sintéticas;0.00;oca-l10n-brazil/tipi
61044400;De fibras artificiais;0.00;oca-l10n-brazil/tipi
61044900;De outras matérias têxteis;0.00;oca-l10n-brazil/tipi
61045100;De lã ou de pelos finos;0.00;oca-l10n-brazil/tipi
61045200;De algodão;0.00;oca-l10n-brazil/tipi
61045300;De fibras sintéticas;0.00;oca-l10n-brazil/tipi
61045900;De outras matérias têxteis;0.00;oca-l10n-brazil/tipi
61046100;De lã ou de pelos finos;0.00;oca-l10n-brazil/tipi
61046200;De algodão;0.00;oca-l10n-brazil/tipi
61046300;De fibras sintéticas;0.00;oca-l10n-brazil/tipi
61046900;De outras matérias têxteis;0.00;oca-l10n-brazil/tipi
61051000;De algodão;0.00;oca-l10n-brazil/tipi
61052000;De fibras sintéticas ou artificiais;0.00;oca-l10n-brazil/tipi
61059000;De outras matérias têxteis;0.00;oca-l10n-brazil/tipi
61061000;De algodão;0.00;oca-l10n-brazil/tipi
61062000;De fibras sintéticas ou artificiais;0.00;oca-l10n-brazil/tipi
61069000;De outras matérias têxteis;0.00;oca-l10n-brazil/tipi
61071100;De algodão;0.00;oca-l10n-brazil/tipi
61071200;De fibras sintéticas ou artificiais;0.00;oca-l10n-brazil/tipi
61071900;De outras matérias têxteis;0.00;oca-l10n-brazil/tipi
61072100;De algodão;0.00;oca-l10n-brazil/tipi
61072200;De fibras sintéticas ou artificiais;0.00;oca-l10n-brazil/tipi
61072900;De outras matérias têxteis;0.00;oca-l10n-brazil/tipi
61079100;De algodão;0.00;oca-l10n-brazil/tipi
61079910;De fibras sintéticas ou artificiais;0.00;oca-l10n-brazil/tipi
61079990;Outros;0.00;oca-l10n-brazil/tipi
61081100;De fibras sintéticas ou artificiais;0.00;oca-l10n-brazil/tipi
61081900;De outras matérias têxteis;0.00;oca-l10n-brazil/tipi
61082100;De algodão;0.00;oca-l10n-brazil/tipi
61082200;De fibras sintéticas ou artificiais;0.00;oca-l10n-brazil/tipi
61082900;De outras matérias têxteis;0.00;oca-l10n-brazil/tipi
61083100;De algodão;0.00;oca-l10n-brazil/tipi
61083200;De fibras sintéticas ou artificiais;0.00;oca-l10n-brazil/tipi
61083900;De outras matérias têxteis;0.00;oca-l10n-brazil/tipi
61089100;De algodão;0.00;oca-l10n-brazil/tipi
61089200;De fibras sintéticas ou artificiais;0.00;oca-l10n-brazil/tipi
61089900;De outras matérias têxteis;0.00;oca-l10n-brazil/tipi
61091000;De algodão;0.00;oca-l10n-brazil/tipi
61099000;De outras matérias têxteis;0.00;oca-l10n-brazil/tipi
61101100;De lã;0.00;oca-l10n-brazil/tipi
61101200;De cabra de Caxemira;0.00;oca-l10n-brazil/tipi
61101900;Outros;0.00;oca-l10n-brazil/tipi
61102000;De algodão;0.00;oca-l10n-brazil/tipi
61103000;De fibras sintéticas ou artificiais;0.00;oca-l10n-brazil/tipi
61109000;De outras matérias têxteis;0.00;oca-l10n-brazil/tipi
61112000;De algodão;0.00;oca-l10n-brazil/tipi
61113000;De fibras sintéticas;0.00;oca-l10n-brazil/tipi
61119010;De lã ou de pelos finos;0.00;oca-l10n-brazil/tipi
61119090;Outros;0.00;oca-l10n-brazil/tipi
61121100;De algodão;0.00;oca-l10n-brazil/tipi
61121200;De fibras sintéticas;0.00;oca-l10n-brazil/tipi
61121900;De outras matérias têxteis;0.00;oca-l10n-brazil/tipi
61122000;Macacões (Fatos-macacos*) e conjuntos, de esqui;0.00;oca-l10n-brazil/tipi
61123100;De fibras sintéticas;0.00;oca-l10n-brazil/tipi
61123900;De outras matérias têxteis;0.00;oca-l10n-brazil/tipi
61124100;De fibras sintéticas;0.00;oca-l10n-brazil/tipi
61124900;De outras matérias têxteis;0.00;oca-l10n-brazil/tipi
61130000;Vestuário confeccionado com tecidos de malha das posições 59.03, 59.06 ou 59.07.;0.00;oca-l10n-brazil/tipi
61142000;De algodão;0.00;oca-l10n-brazil/tipi
61143000;De fibras sintéticas ou artificiais;0.00;oca-l10n-brazil/tipi
61149010;De lã ou de pelos finos;0.00;oca-l10n-brazil/tipi
61149090;Outros;0.00;oca-l10n-brazil/tipi
61151011;De fibras sintéticas, de título inferior a 67 decitex por fio simples;0.00;oca-l10n-brazil/tipi
61151012;De fibras sintéticas, de título igual ou superior a 67 decitex por fio simples;0.00;oca-l10n-brazil/tipi
61151013;De lã ou de pelos finos;0.00;oca-l10n-brazil/tipi
61151014;De algodão;0.00;oca-l10n-brazil/tipi
61151019;De outras matérias têxteis;0.00;oca-l10n-brazil/tipi
61151021;De fibras sintéticas ou artificiais;0.00;oca-l10n-brazil/tipi
61151022;De algodão;0.00;oca-l10n-brazil/tipi
61151029;De outras matérias têxteis;0.00;oca-l10n-brazil/tipi
61151091;De lã ou de pelos finos;0.00;oca-l10n-brazil/tipi
61151092;De algodão;0.00;oca-l10n-brazil/tipi
61151093;De fibras sintéticas;0.00;oca-l10n-brazil/tipi
61151099;De outras matérias têxteis;0.00;oca-l10n-brazil/tipi
61152100;De fibras sintéticas, de título inferior a 67 decitex por fio simples;0.00;oca-l10n-brazil/tipi
61152200;De fibras sintéticas, de título igual ou superior a 67 decitex por fio simples;0.00;oca-l10n-brazil/tipi
61152910;De lã ou de pelos finos;0.00;oca-l10n-brazil/tipi
61152920;De algodão;0.00;oca-l10n-brazil/tipi
61152990;Outras;0.00;oca-l10n-brazil/tipi
61153010;De fibras sintéticas ou artificiais;0.00;oca-l10n-brazil/tipi
61153020;De algodão;0.00;oca-l10n-brazil/tipi
61153090;De outras matérias têxteis;0.00;oca-l10n-brazil/tipi
61159400;De lã ou de pelos finos;0.00;oca-l10n-brazil/tipi
61159500;De algodão;0.00;oca-l10n-brazil/tipi
61159600;De fibras sintéticas;0.00;oca-l10n-brazil/tipi
61159900;De outras matérias têxteis;0.00;oca-l10n-brazil/tipi
61161000;Impregnadas, revestidas, recobertas ou estratificadas, de plástico ou de borracha;0.00;oca-l10n-brazil/tipi
61169100;De lã ou de pelos finos;0.00;oca-l10n-brazil/tipi
61169200;De algodão;0.00;oca-l10n-brazil/tipi
61169300;De fibras sintéticas;0.00;oca-l10n-brazil/tipi
61169900;De outras matérias têxteis;0.00;oca-l10n-brazil/tipi
61171000;Xales, echarpes, lenços de pescoço, cachenês, cachecóis, mantilhas, véus e semelhantes;0.00;oca-l10n-brazil/tipi
61178010;Gravatas, gravatas-borboletas e plastrons;0.00;oca-l10n-brazil/tipi
61178090;Outros;0.00;oca-l10n-brazil/tipi
61179000;Partes;0.00;oca-l10n-brazil/tipi
62012000;De lã ou de pelos finos;0.00;oca-l10n-brazil/tipi
62013000;De algodão;0.00;oca-l10n-brazil/tipi
62014000;De fibras sintéticas ou artificiais;0.00;oca-l10n-brazil/tipi
62019000;De outras matérias têxteis;0.00;oca-l10n-brazil/tipi
62022000;De lã ou de pelos finos;0.00;oca-l10n-brazil/tipi
62023000;De algodão;0.00;oca-l10n-brazil/tipi
62024000;De fibras sintéticas ou artificiais;0.00;oca-l10n-brazil/tipi
62029000;De outras matérias têxteis;0.00;oca-l10n-brazil/tipi
62031100;De lã ou de pelos finos;0.00;oca-l10n-brazil/tipi
62031200;De fibras sintéticas;0.00;oca-l10n-brazil/tipi
62031900;De outras matérias têxteis;0.00;oca-l10n-brazil/tipi
62032200;De algodão;0.00;oca-l10n-brazil/tipi
62032300;De fibras sintéticas;0.00;oca-l10n-brazil/tipi
62032910;De lã ou de pelos finos;0.00;oca-l10n-brazil/tipi
62032990;Outros;0.00;oca-l10n-brazil/tipi
62033100;De lã ou de pelos finos;0.00;oca-l10n-brazil/tipi
62033200;De algodão;0.00;oca-l10n-brazil/tipi
62033300;De fibras sintéticas;0.00;oca-l10n-brazil/tipi
62033900;De outras matérias têxteis;0.00;oca-l10n-brazil/tipi
62034100;De lã ou de pelos finos;0.00;oca-l10n-brazil/tipi
62034200;De algodão;0.00;oca-l10n-brazil/tipi
62034300;De fibras sintéticas;0.00;oca-l10n-brazil/tipi
62034900;De outras matérias têxteis;0.00;oca-l10n-brazil/tipi
62041100;De lã ou de pelos finos;0.00;oca-l10n-brazil/tipi
62041200;De algodão;0.00;oca-l10n-brazil/tipi
62041300;De fibras sintéticas;0.00;oca-l10n-brazil/tipi
62041900;De outras matérias têxteis;0.00;oca-l10n-brazil/tipi
62042100;De lã ou de pelos finos;0.00;oca-l10n-brazil/tipi
62042200;De algodão;0.00;oca-l10n-brazil/tipi
62042300;De fibras sintéticas;0.00;oca-l10n-brazil/tipi
62042900;De outras matérias têxteis;0.00;oca-l10n-brazil/tipi
62043100;De lã ou de pelos finos;0.00;oca-l10n-brazil/tipi
62043200;De algodão;0.00;oca-l10n-brazil/tipi
62043300;De fibras sintéticas;0.00;oca-l10n-brazil/tipi
62043900;De outras matérias têxteis;0.00;oca-l10n-brazil/tipi
62044100;De lã ou de pelos finos;0.00;oca-l10n-brazil/tipi
62044200;De algodão;0.00;oca-l10n-brazil/tipi
62044300;De fibras sintéticas;0.00;oca-l10n-brazil/tipi
62044400;De fibras artificiais;0.00;oca-l10n-brazil/tipi
62044900;De outras matérias têxteis;0.00;oca-l10n-brazil/tipi
62045100;De lã ou de pelos finos;0.00;oca-l10n-brazil/tipi
62045200;De algodão;0.00;oca-l10n-brazil/tipi
62045300;De fibras sintéticas;0.00;oca-l10n-brazil/tipi
62045900;De outras matérias têxteis;0.00;oca-l10n-brazil/tipi
62046100;De lã ou de pelos finos;0.00;oca-l10n-brazil/tipi
62046200;De algodão;0.00;oca-l10n-brazil/tipi
62046300;De fibras sintéticas;0.00;oca-l10n-brazil/tipi
62046900;De outras matérias têxteis;0.00;oca-l10n-brazil/tipi
62052000;De algodão;0.00;oca-l10n-brazil/tipi
62053000;De fibras sintéticas ou artificiais;0.00;oca-l10n-brazil/tipi
62059010;De lã ou de pelos finos;0.00;oca-l10n-brazil/tipi
62059090;Outras;0.00;oca-l10n-brazil/tipi
62061000;De seda ou de desperdícios de seda;0.00;oca-l10n-brazil/tipi
62062000;De lã ou de pelos finos;0.00;oca-l10n-brazil/tipi
62063000;De algodão;0.00;oca-l10n-brazil/tipi
62064000;De fibras sintéticas ou artificiais;0.00;oca-l10n-brazil/tipi
62069000;De outras matérias têxteis;0.00;oca-l10n-brazil/tipi
62071100;De algodão;0.00;oca-l10n-brazil/tipi
62071900;De outras matérias têxteis;0.00;oca-l10n-brazil/tipi
62072100;De algodão;0.00;oca-l10n-brazil/tipi
62072200;De fibras sintéticas ou artificiais;0.00;oca-l10n-brazil/tipi
62072900;De outras matérias têxteis;0.00;oca-l10n-brazil/tipi
62079100;De algodão;0.00;oca-l10n-brazil/tipi
62079910;De fibras sintéticas ou artificiais;0.00;oca-l10n-brazil/tipi
62079990;Outros;0.00;oca-l10n-brazil/tipi
62081100;De fibras sintéticas ou artificiais;0.00;oca-l10n-brazil/tipi
62081900;De outras matérias têxteis;0.00;oca-l10n-brazil/tipi
62082100;De algodão;0.00;oca-l10n-brazil/tipi
62082200;De fibras sintéticas ou artificiais;0.00;oca-l10n-brazil/tipi
62082900;De outras matérias têxteis;0.00;oca-l10n-brazil/tipi
62089100;De algodão;0.00;oca-l10n-brazil/tipi
62089200;De fibras sintéticas ou artificiais;0.00;oca-l10n-brazil/tipi
62089900;De outras matérias têxteis;0.00;oca-l10n-brazil/tipi
62092000;De algodão;0.00;oca-l10n-brazil/tipi
62093000;De fibras sintéticas;0.00;oca-l10n-brazil/tipi
62099010;De lã ou de pelos finos;0.00;oca-l10n-brazil/tipi
62099090;Outras;0.00;oca-l10n-brazil/tipi
62101000;Com as matérias das posições 56.02 ou 56.03;0.00;oca-l10n-brazil/tipi
62102000;Outro vestuário, do tipo abrangido pela posição 62.01;0.00;oca-l10n-brazil/tipi
62103000;Outro vestuário, do tipo abrangido pela posição 62.02;0.00;oca-l10n-brazil/tipi
62104000;Outro vestuário de uso masculino;0.00;oca-l10n-brazil/tipi
62105000;Outro vestuário de uso feminino;0.00;oca-l10n-brazil/tipi
62111100;De uso masculino;0.00;oca-l10n-brazil/tipi
62111200;De uso feminino;0.00;oca-l10n-brazil/tipi
62112000;Macacões (Fatos-macacos*) e conjuntos, de esqui;0.00;oca-l10n-brazil/tipi
62113200;De algodão;0.00;oca-l10n-brazil/tipi
62113300;De fibras sintéticas ou artificiais;0.00;oca-l10n-brazil/tipi
62113910;De lã ou de pelos finos;0.00;oca-l10n-brazil/tipi
62113990;Outras;0.00;oca-l10n-brazil/tipi
62114200;De algodão;0.00;oca-l10n-brazil/tipi
62114300;De fibras sintéticas ou artificiais;0.00;oca-l10n-brazil/tipi
62114900;De outras matérias têxteis;0.00;oca-l10n-brazil/tipi
62121000;Sutiãs e bustiês (sutiãs de cós alto*);0.00;oca-l10n-brazil/tipi
62122000;Cintas e cintas-calças;0.00;oca-l10n-brazil/tipi
62123000;Modeladores de torso inteiro (Cintas-sutiãs*);0.00;oca-l10n-brazil/tipi
62129000;Outros;0.00;oca-l10n-brazil/tipi
62132000;De algodão;0.00;oca-l10n-brazil/tipi
62139010;De seda ou de desperdícios de seda;0.00;oca-l10n-brazil/tipi
62139090;Outros;0.00;oca-l10n-brazil/tipi
62141000;De seda ou de desperdícios de seda;0.00;oca-l10n-brazil/tipi
62142000;De lã ou de pelos finos;0.00;oca-l10n-brazil/tipi
62143000;De fibras sintéticas;0.00;oca-l10n-brazil/tipi
62144000;De fibras artificiais;0.00;oca-l10n-brazil/tipi
62149010;De algodão;0.00;oca-l10n-brazil/tipi
62149090;Outros;0.00;oca-l10n-brazil/tipi
62151000;De seda ou de desperdícios de seda;0.00;oca-l10n-brazil/tipi
62152000;De fibras sintéticas ou artificiais;0.00;oca-l10n-brazil/tipi
62159000;De outras matérias têxteis;0.00;oca-l10n-brazil/tipi
62160000;Luvas, mitenes e semelhantes.;0.00;oca-l10n-brazil/tipi
62171000;Acessórios;0.00;oca-l10n-brazil/tipi
62179000;Partes;0.00;oca-l10n-brazil/tipi
63011000;Cobertores e mantas, elétricos;0.00;oca-l10n-brazil/tipi
63012000;Cobertores e mantas (exceto os elétricos), de lã ou de pelos finos;0.00;oca-l10n-brazil/tipi
63013000;Cobertores e mantas (exceto os elétricos), de algodão;0.00;oca-l10n-brazil/tipi
63014000;Cobertores e mantas (exceto os elétricos), de fibras sintéticas;0.00;oca-l10n-brazil/tipi
63019000;Outros cobertores e mantas;0.00;oca-l10n-brazil/tipi
63021000;Roupa de cama, de malha;0.00;oca-l10n-brazil/tipi
63022100;De algodão;0.00;oca-l10n-brazil/tipi
63022200;De fibras sintéticas ou artificiais;0.00;oca-l10n-brazil/tipi
63022900;De outras matérias têxteis;0.00;oca-l10n-brazil/tipi
63023100;De algodão;0.00;oca-l10n-brazil/tipi
63023200;De fibras sintéticas ou artificiais;0.00;oca-l10n-brazil/tipi
63023900;De outras matérias têxteis;0.00;oca-l10n-brazil/tipi
63024000;Roupa de mesa, de malha;0.00;oca-l10n-brazil/tipi
63025100;De algodão;0.00;oca-l10n-brazil/tipi
63025300;De fibras sintéticas ou artificiais;0.00;oca-l10n-brazil/tipi
63025910;De linho;0.00;oca-l10n-brazil/tipi
63025990;Outras;0.00;oca-l10n-brazil/tipi
63026000;Roupa de toucador ou de cozinha, de tecidos atoalhados (turcos) de algodão;0.00;oca-l10n-brazil/tipi
63029100;De algodão;0.00;oca-l10n-brazil/tipi
63029300;De fibras sintéticas ou artificiais;0.00;oca-l10n-brazil/tipi
63029910;De linho;0.00;oca-l10n-brazil/tipi
63029990;Outras;0.00;oca-l10n-brazil/tipi
63031200;De fibras sintéticas;0.00;oca-l10n-brazil/tipi
63031910;De algodão;0.00;oca-l10n-brazil/tipi
63031990;Outros;0.00;oca-l10n-brazil/tipi
63039100;De algodão;0.00;oca-l10n-brazil/tipi
63039200;De fibras sintéticas;0.00;oca-l10n-brazil/tipi
63039900;De outras matérias têxteis;0.00;oca-l10n-brazil/tipi
63041100;De malha;0.00;oca-l10n-brazil/tipi
63041910;De algodão;0.00;oca-l10n-brazil/tipi
63041990;De outras matérias têxteis;0.00;oca-l10n-brazil/tipi
63042000;Mosquiteiros para camas mencionados na Nota de subposição 1 do presente Capítulo;0.00;oca-l10n-brazil/tipi
63049100;De malha;0.00;oca-l10n-brazil/tipi
63049200;De algodão, exceto de malha;0.00;oca-l10n-brazil/tipi
63049300;De fibras sintéticas, exceto de malha;0.00;oca-l10n-brazil/tipi
63049900;De outras matérias têxteis, exceto de malha;0.00;oca-l10n-brazil/tipi
63051000;De juta ou de outras fibras têxteis liberianas da posição 53.03;9.75;oca-l10n-brazil/tipi
63052000;De algodão;9.75;oca-l10n-brazil/tipi
63053200;Recipientes flexíveis para produtos a granel;9.75;oca-l10n-brazil/tipi
63053310;De malha;9.75;oca-l10n-brazil/tipi
63053390;Outros;9.75;oca-l10n-brazil/tipi
63053900;Outros;9.75;oca-l10n-brazil/tipi
63059000;De outras matérias têxteis;9.75;oca-l10n-brazil/tipi
63061200;De fibras sintéticas;3.25;oca-l10n-brazil/tipi
63061910;De algodão;3.25;oca-l10n-brazil/tipi
63061990;Outros;3.25;oca-l10n-brazil/tipi
63062200;De fibras sintéticas;6.50;oca-l10n-brazil/tipi
63062910;De algodão;6.50;oca-l10n-brazil/tipi
63062990;Outros;6.50;oca-l10n-brazil/tipi
63063010;De fibras sintéticas;6.50;oca-l10n-brazil/tipi
63063090;De outras matérias têxteis;6.50;oca-l10n-brazil/tipi
63064010;De algodão;3.25;oca-l10n-brazil/tipi
63064090;De outras matérias têxteis;3.25;oca-l10n-brazil/tipi
63069000;Outros;3.25;oca-l10n-brazil/tipi
63071000;Rodilhas, esfregões, panos de prato ou de cozinha, flanelas e artigos de limpeza semelhantes;0.00;oca-l10n-brazil/tipi
63072000;Cintos e coletes salva-vidas;0.00;oca-l10n-brazil/tipi
63079010;De falso tecido (tecido não tecido);0.00;oca-l10n-brazil/tipi
63079020;Artigo tubular com tratamento ignífugo, próprio para saída de emergência de pessoas, mesmo com se...;0.00;oca-l10n-brazil/tipi
63079090;Outros;0.00;oca-l10n-brazil/tipi
63080000;Sortidos constituídos por cortes de tecido e fios, mesmo com acessórios, para confecção de tapete...;0.00;oca-l10n-brazil/tipi
63090010;Vestuário, seus acessórios, e suas partes;0.00;oca-l10n-brazil/tipi
63090090;Outros;0.00;oca-l10n-brazil/tipi
63101000;Selecionados;0.00;oca-l10n-brazil/tipi
63109000;Outros;0.00;oca-l10n-brazil/tipi
64011000;Calçado com biqueira protetora de metal;0.00;oca-l10n-brazil/tipi
64019200;Cobrindo o tornozelo, mas não o joelho;0.00;oca-l10n-brazil/tipi
64019910;Cobrindo o joelho;0.00;oca-l10n-brazil/tipi
64019990;Outro;0.00;oca-l10n-brazil/tipi
64021200;Calçado para esqui e para surfe de neve;0.00;oca-l10n-brazil/tipi
64021900;Outro;0.00;oca-l10n-brazil/tipi
64022000;Calçado com parte superior em tiras ou correias, fixados à sola por pregos, tachas, pinos e semel...;0.00;oca-l10n-brazil/tipi
64029110;Com biqueira protetora de metal;0.00;oca-l10n-brazil/tipi
64029190;Outro;0.00;oca-l10n-brazil/tipi
64029910;Com biqueira protetora de metal;0.00;oca-l10n-brazil/tipi
64029990;Outro;0.00;oca-l10n-brazil/tipi
64031200;Calçado para esqui e para surfe de neve;0.00;oca-l10n-brazil/tipi
64031900;Outro;0.00;oca-l10n-brazil/tipi
64032000;Calçado com sola exterior de couro natural e parte superior constituída por tiras de couro natura...;0.00;oca-l10n-brazil/tipi
64034000;Outro calçado, com biqueira protetora de metal;0.00;oca-l10n-brazil/tipi
64035110;Com sola de madeira e desprovido de palmilha;0.00;oca-l10n-brazil/tipi
64035190;Outro;0.00;oca-l10n-brazil/tipi
64035910;Com sola de madeira e desprovido de palmilha;0.00;oca-l10n-brazil/tipi
64035990;Outro;0.00;oca-l10n-brazil/tipi
64039110;Com sola de madeira e desprovido de palmilha;0.00;oca-l10n-brazil/tipi
64039190;Outro;0.00;oca-l10n-brazil/tipi
64039910;Com sola de madeira e desprovido de palmilha;0.00;oca-l10n-brazil/tipi
64039990;Outro;0.00;oca-l10n-brazil/tipi
64041100;"Calçado para esporte; calçado para tênis, basquetebol, ginástica, treino e semelhantes";0.00;oca-l10n-brazil/tipi
64041900;Outro;0.00;oca-l10n-brazil/tipi
64042000;Calçado com sola exterior de couro natural ou reconstituído;0.00;oca-l10n-brazil/tipi
64051010;Com sola exterior de borracha ou plástico e parte superior de couro reconstituído;0.00;oca-l10n-brazil/tipi
64051020;Com sola exterior de couro natural ou reconstituído e parte superior de couro reconstituído;0.00;oca-l10n-brazil/tipi
64051090;Outro;0.00;oca-l10n-brazil/tipi
64052000;Com parte superior de matérias têxteis;0.00;oca-l10n-brazil/tipi
64059000;Outro;0.00;oca-l10n-brazil/tipi
64061000;Partes superiores de calçado e seus componentes, exceto contrafortes e biqueiras rígidas;0.00;oca-l10n-brazil/tipi
64062000;Solas exteriores e saltos, de borracha ou plástico;0.00;oca-l10n-brazil/tipi
64069010;Solas exteriores e saltos, de couro natural ou reconstituído;0.00;oca-l10n-brazil/tipi
64069020;Palmilhas;0.00;oca-l10n-brazil/tipi
64069090;Outros;0.00;oca-l10n-brazil/tipi
65010000;Esboços não enformados nem na copa nem na aba, discos e cilindros, mesmo cortados no sentido da a...;0.00;oca-l10n-brazil/tipi
65020010;De palha fina (manila, panamá e semelhantes);0.00;oca-l10n-brazil/tipi
65020090;Outros;0.00;oca-l10n-brazil/tipi
65040010;De palha fina (manila, panamá e semelhantes);0.00;oca-l10n-brazil/tipi
65040090;Outros;0.00;oca-l10n-brazil/tipi
65050011;De algodão;0.00;oca-l10n-brazil/tipi
65050012;De fibras sintéticas ou artificiais;0.00;oca-l10n-brazil/tipi
65050019;De outras matérias têxteis;0.00;oca-l10n-brazil/tipi
65050021;De algodão;0.00;oca-l10n-brazil/tipi
65050022;De fibras sintéticas ou artificiais;0.00;oca-l10n-brazil/tipi
65050029;De outras matérias têxteis;0.00;oca-l10n-brazil/tipi
65050031;De algodão;0.00;oca-l10n-brazil/tipi
65050032;De fibras sintéticas ou artificiais;0.00;oca-l10n-brazil/tipi
65050039;De outras matérias têxteis;0.00;oca-l10n-brazil/tipi
65050090;Outros;0.00;oca-l10n-brazil/tipi
65061010;Do tipo utilizado por bombeiros, com viseira e protetor facial incorporados;;sem-ipi-na-fonte
65061090;Outros;;sem-ipi-na-fonte
65069100;De borracha ou de plástico;0.00;oca-l10n-brazil/tipi
65069900;De outras matérias;0.00;oca-l10n-brazil/tipi
65070000;Carneiras, forros, capas, armações, palas e barbicachos (francaletes*), para chapéus e artigos de...;0.00;oca-l10n-brazil/tipi
66011000;Guarda-sóis de jardim e artigos semelhantes;3.25;oca-l10n-brazil/tipi
66019110;Cobertos de tecido de seda ou de matérias têxteis sintéticas ou artificiais;0.00;oca-l10n-brazil/tipi
66019190;Outros;0.00;oca-l10n-brazil/tipi
66019900;Outros;0.00;oca-l10n-brazil/tipi
66020000;Bengalas, bengalas-assentos, chicotes, pingalins e artigos semelhantes.;0.00;oca-l10n-brazil/tipi
66032000;Armações montadas, mesmo com hastes ou cabos, para guarda-chuvas, sombrinhas ou guarda-sóis;0.00;oca-l10n-brazil/tipi
66039000;Outros;0.00;oca-l10n-brazil/tipi
67010000;Peles e outras partes de aves, com as suas penas ou penugem, penas, partes de penas, penugem e ar...;20.00;oca-l10n-brazil/tipi
67021000;De plástico;9.75;oca-l10n-brazil/tipi
67029000;De outras matérias;9.75;oca-l10n-brazil/tipi
67030000;"Cabelo disposto no mesmo sentido, adelgaçado, branqueado ou preparado de outro modo; lã, pelos e...";9.75;oca-l10n-brazil/tipi
67041100;Perucas completas;9.75;oca-l10n-brazil/tipi
67041900;Outros;9.75;oca-l10n-brazil/tipi
67042000;De cabelo;9.75;oca-l10n-brazil/tipi
67049000;De outras matérias;9.75;oca-l10n-brazil/tipi
68010000;Pedras para calcetar, meios-fios (lancis) e placas (lajes) para pavimentação, de pedra natural (e...;0.00;oca-l10n-brazil/tipi
68021000;Ladrilhos, cubos, pastilhas e artigos semelhantes, mesmo de forma diferente da quadrada ou retang...;0.65;oca-l10n-brazil/tipi
68022100;Mármore, travertino e alabastro;0.65;oca-l10n-brazil/tipi
68022300;Granito;0.65;oca-l10n-brazil/tipi
68022900;Outras pedras;0.65;oca-l10n-brazil/tipi
68029100;Mármore, travertino e alabastro;0.65;oca-l10n-brazil/tipi
68029200;Outras pedras calcárias;0.65;oca-l10n-brazil/tipi
68029310;Esferas para moinho;3.25;oca-l10n-brazil/tipi
68029390;Outros;0.65;oca-l10n-brazil/tipi
68029910;Esferas para moinho;3.25;oca-l10n-brazil/tipi
68029990;Outras;0.65;oca-l10n-brazil/tipi
68030000;Ardósia natural trabalhada e obras de ardósia natural ou aglomerada.;0.65;oca-l10n-brazil/tipi
68041000;Mós para moer ou desfibrar;0.00;oca-l10n-brazil/tipi
68042111;Aglomerados com resina;0.00;oca-l10n-brazil/tipi
68042119;Outros;0.00;oca-l10n-brazil/tipi
68042190;Outros;0.00;oca-l10n-brazil/tipi
68042211;Aglomerados com resina;0.00;oca-l10n-brazil/tipi
68042219;Outros;0.00;oca-l10n-brazil/tipi
68042290;Outros;0.00;oca-l10n-brazil/tipi
68042300;De pedras naturais;0.00;oca-l10n-brazil/tipi
68043000;Pedras para amolar ou para polir, manualmente;0.00;oca-l10n-brazil/tipi
68051000;Aplicados apenas sobre tecidos de matérias têxteis;0.00;oca-l10n-brazil/tipi
68052000;Aplicados apenas sobre papel ou cartão;0.00;oca-l10n-brazil/tipi
68053010;Com suporte de papel ou cartão combinados com matérias têxteis;0.00;oca-l10n-brazil/tipi
68053020;Discos de fibra vulcanizada recobertos com óxido de alumínio ou carboneto de silício;0.00;oca-l10n-brazil/tipi
68053090;Outros;0.00;oca-l10n-brazil/tipi
68061000;Lãs de escórias de altos-fornos, lãs de outras escórias, lã de rocha e lãs minerais semelhantes,...;6.50;oca-l10n-brazil/tipi
68062000;Vermiculita e argilas, expandidas, espuma de escórias e produtos minerais semelhantes, expandidos...;0.00;oca-l10n-brazil/tipi
68069010;Aluminosos ou silicoaluminosos;0.00;oca-l10n-brazil/tipi
68069090;Outros;6.50;oca-l10n-brazil/tipi
68071000;Em rolos;3.25;oca-l10n-brazil/tipi
68079000;Outras;0.00;oca-l10n-brazil/tipi
68080000;Painéis, chapas, ladrilhos, blocos e semelhantes, de fibras vegetais, palha ou aparas, partículas...;6.50;oca-l10n-brazil/tipi
68091100;Revestidos ou reforçados exclusivamente com papel ou cartão;0.00;oca-l10n-brazil/tipi
68091900;Outros;3.25;oca-l10n-brazil/tipi
68099000;Outras obras;3.25;oca-l10n-brazil/tipi
68101100;Blocos e tijolos para a construção;0.00;oca-l10n-brazil/tipi
68101900;Outros;0.00;oca-l10n-brazil/tipi
68109100;Elementos pré-fabricados para a construção ou engenharia civil;0.00;oca-l10n-brazil/tipi
68109900;Outras;0.00;oca-l10n-brazil/tipi
68114000;Que contenham amianto;3.25;oca-l10n-brazil/tipi
68118100;Placas onduladas;3.25;oca-l10n-brazil/tipi
68118200;Outras placas, painéis, ladrilhos, telhas e artigos semelhantes;3.25;oca-l10n-brazil/tipi
68118900;Outras obras;3.25;oca-l10n-brazil/tipi
68128000;De crocidolita;6.50;oca-l10n-brazil/tipi
68129100;Vestuário, acessórios de vestuário, calçado e chapéus;0.00;oca-l10n-brazil/tipi
68129910;Juntas e outros elementos com função semelhante de vedação;6.50;oca-l10n-brazil/tipi
68129920;Amianto trabalhado, em fibras;6.50;oca-l10n-brazil/tipi
68129930;Misturas à base de amianto ou à base de amianto e carbonato de magnésio;6.50;oca-l10n-brazil/tipi
68129990;Outras;6.50;oca-l10n-brazil/tipi
68132000;Que contenham amianto;9.75;oca-l10n-brazil/tipi
68138110;Pastilhas;9.75;oca-l10n-brazil/tipi
68138190;Outras;9.75;oca-l10n-brazil/tipi
68138910;Disco de fricção para embreagens;9.75;oca-l10n-brazil/tipi
68138990;Outras;6.50;oca-l10n-brazil/tipi
68141000;Placas, folhas ou tiras, de mica aglomerada ou reconstituída, mesmo com suporte;0.00;oca-l10n-brazil/tipi
68149000;Outras;0.00;oca-l10n-brazil/tipi
68151100;Fibras de carbono;6.50;oca-l10n-brazil/tipi
68151200;Têxteis de fibras de carbono;6.50;oca-l10n-brazil/tipi
68151300;Outras obras de fibras de carbono;6.50;oca-l10n-brazil/tipi
68151900;Outras;6.50;oca-l10n-brazil/tipi
68152000;Obras de turfa;6.50;oca-l10n-brazil/tipi
68159110;Crus, aglomerados com aglutinante químico;6.50;oca-l10n-brazil/tipi
68159190;Outras;6.50;oca-l10n-brazil/tipi
68159911;Com um teor de alumina (Al2O3), igual ou superior a 90 %, em peso;6.50;oca-l10n-brazil/tipi
68159912;Com um teor de silica (SiO2) igual ou superior a 90 %, em peso;6.50;oca-l10n-brazil/tipi
68159913;Com um teor, em peso, de óxido de zircônio (ZrO2) igual ou superior a 50 % mesmo com um conteúdo...;6.50;oca-l10n-brazil/tipi
68159914;Constituídas por uma mistura ou combinação de alumina (Al2O3), silica (SiO2) e óxido de zircônio...;6.50;oca-l10n-brazil/tipi
68159919;Outras;6.50;oca-l10n-brazil/tipi
68159990;Outras;6.50;oca-l10n-brazil/tipi
69010000;Tijolos, placas (lajes), ladrilhos e outras peças cerâmicas de farinhas siliciosas fósseis (por e...;5.20;oca-l10n-brazil/tipi
69021011;Tijolos ou placas, que contenham, em peso, mais de 90 % de trióxido de dicromo;5.20;oca-l10n-brazil/tipi
69021018;Outros tijolos;5.20;oca-l10n-brazil/tipi
69021019;Outros;5.20;oca-l10n-brazil/tipi
69021090;Outros;5.20;oca-l10n-brazil/tipi
69022010;Tijolos sílico-aluminosos;5.20;oca-l10n-brazil/tipi
69022091;Sílico-aluminosos;5.20;oca-l10n-brazil/tipi
69022092;Silicoso, semi-silicoso ou de sílica;5.20;oca-l10n-brazil/tipi
69022093;De silimanita;5.20;oca-l10n-brazil/tipi
69022099;Outros;5.20;oca-l10n-brazil/tipi
69029010;De grafita;5.20;oca-l10n-brazil/tipi
69029020;Não fundidos, com um teor de óxido de zircônio (ZrO2) superior a 25 %, em peso;5.20;oca-l10n-brazil/tipi
69029030;Com um teor de carbono superior a 85 %, em peso, e diâmetro médio de poro inferior ou igual a 5 m...;5.20;oca-l10n-brazil/tipi
69029040;De carboneto de silício;5.20;oca-l10n-brazil/tipi
69029090;Outros;5.20;oca-l10n-brazil/tipi
69031011;De grafita, exceto os do subitem 6903.10.12;5.20;oca-l10n-brazil/tipi
69031012;Elaborados com uma mistura de grafita e carboneto de silício;5.20;oca-l10n-brazil/tipi
69031019;Outros;5.20;oca-l10n-brazil/tipi
69031020;Retortas elaboradas com uma mistura de grafita e carboneto de silício;5.20;oca-l10n-brazil/tipi
69031030;Tampas e tampões;5.20;oca-l10n-brazil/tipi
69031040;Tubos;5.20;oca-l10n-brazil/tipi
69031090;Outros;5.20;oca-l10n-brazil/tipi
69032010;Cadinhos;5.20;oca-l10n-brazil/tipi
69032020;Tampas e tampões;5.20;oca-l10n-brazil/tipi
69032030;Tubos;5.20;oca-l10n-brazil/tipi
69032090;Outros;5.20;oca-l10n-brazil/tipi
69039011;De carboneto de silício;5.20;oca-l10n-brazil/tipi
69039012;De compostos de zircônio;5.20;oca-l10n-brazil/tipi
69039019;Outros;5.20;oca-l10n-brazil/tipi
69039091;De carboneto de silício;5.20;oca-l10n-brazil/tipi
69039092;De compostos de zircônio;5.20;oca-l10n-brazil/tipi
69039099;Outros;5.20;oca-l10n-brazil/tipi
69041000;Tijolos para construção;0.00;oca-l10n-brazil/tipi
69049000;Outros;0.00;oca-l10n-brazil/tipi
69051000;Telhas;0.00;oca-l10n-brazil/tipi
69059000;Outros;0.00;oca-l10n-brazil/tipi
69060000;Tubos, calhas ou algerozes e acessórios para canalizações, de cerâmica.;0.00;oca-l10n-brazil/tipi
69072100;Com um coeficiente de absorção de água, em peso, não superior a 0,5 %;0.65;oca-l10n-brazil/tipi
69072200;Com um coeficiente de absorção de água, em peso, superior a 0,5 %, mas não superior a 10 %;0.65;oca-l10n-brazil/tipi
69072300;Com um coeficiente de absorção de água, em peso, superior a 10 %;0.65;oca-l10n-brazil/tipi
69073000;Cubos, pastilhas e artigos semelhantes, para mosaicos, exceto os da subposição 6907.40;0.65;oca-l10n-brazil/tipi
69074000;Peças de acabamento;0.65;oca-l10n-brazil/tipi
69091100;De porcelana;6.50;oca-l10n-brazil/tipi
69091210;Guia-fios para máquina têxtil;6.50;oca-l10n-brazil/tipi
69091220;Guias de agulhas para cabeças de impressão;6.50;oca-l10n-brazil/tipi
69091230;Anéis de carboneto de silício para juntas de vedação mecânicas;6.50;oca-l10n-brazil/tipi
69091290;Outros;6.50;oca-l10n-brazil/tipi
69091910;Guia-fios para máquina têxtil;6.50;oca-l10n-brazil/tipi
69091920;Guias de agulhas para cabeças de impressão;6.50;oca-l10n-brazil/tipi
69091930;Colmeia de cerâmica à base de alumina (Al2O3), sílica (SiO2) e óxido de magnésio (MgO), de depura...;6.50;oca-l10n-brazil/tipi
69091990;Outros;6.50;oca-l10n-brazil/tipi
69099000;Outros;6.50;oca-l10n-brazil/tipi
69101000;De porcelana;0.00;oca-l10n-brazil/tipi
69109000;Outros;0.00;oca-l10n-brazil/tipi
69111010;Conjunto (jogo ou aparelho) para jantar, café ou chá, apresentado em embalagem comum;9.75;oca-l10n-brazil/tipi
69111090;Outros;9.75;oca-l10n-brazil/tipi
69119000;Outros;9.75;oca-l10n-brazil/tipi
69120000;Serviços de mesa, artigos de cozinha, outros artigos de uso doméstico e artigos de higiene ou de...;6.50;oca-l10n-brazil/tipi
69131000;De porcelana;13.00;oca-l10n-brazil/tipi
69139000;Outros;13.00;oca-l10n-brazil/tipi
69141000;De porcelana;6.50;oca-l10n-brazil/tipi
69149000;Outras;6.50;oca-l10n-brazil/tipi
70010000;Cacos, fragmentos e outros desperdícios e resíduos de vidro, exceto o vidro de tubos catódicos e...;0.00;oca-l10n-brazil/tipi
70021000;Esferas;0.00;oca-l10n-brazil/tipi
70022000;Barras ou varetas;0.00;oca-l10n-brazil/tipi
70023100;De quartzo ou de outras sílicas fundidos;0.00;oca-l10n-brazil/tipi
70023200;De outro vidro com um coeficiente de dilatação linear não superior a 5 x 10-6 por Kelvin, entre 0...;0.00;oca-l10n-brazil/tipi
70023900;Outros;0.00;oca-l10n-brazil/tipi
70031200;Coradas na massa, opacificadas, folheadas (chapeadas), ou com camada absorvente, refletora ou não;0.00;oca-l10n-brazil/tipi
70031900;Outras;0.00;oca-l10n-brazil/tipi
70032000;Chapas e folhas, armadas;6.50;oca-l10n-brazil/tipi
70033000;Perfis;6.50;oca-l10n-brazil/tipi
70042000;Vidro corado na massa, opacificado, folheado (chapeado), ou com camada absorvente, refletora ou não;0.00;oca-l10n-brazil/tipi
70049000;Outro vidro;0.00;oca-l10n-brazil/tipi
70051000;Vidro não armado, com camada absorvente, refletora ou não;0.00;oca-l10n-brazil/tipi
70052100;Corado na massa, opacificado, folheado (chapeado) ou simplesmente desbastado;0.00;oca-l10n-brazil/tipi
70052900;Outro;0.00;oca-l10n-brazil/tipi
70053000;Vidro armado;6.50;oca-l10n-brazil/tipi
70060000;Vidro das posições 70.03, 70.04 ou 70.05, recurvado, biselado, gravado, brocado, esmaltado ou tra...;0.00;oca-l10n-brazil/tipi
70071100;De dimensões e formatos que permitam a sua aplicação em automóveis, veículos aéreos, barcos ou ou...;1.95;oca-l10n-brazil/tipi
70071900;Outros;6.50;oca-l10n-brazil/tipi
70072100;De dimensões e formatos que permitam a sua aplicação em automóveis, veículos aéreos, barcos ou ou...;1.95;oca-l10n-brazil/tipi
70072900;Outros;6.50;oca-l10n-brazil/tipi
70080000;Vidros isolantes de paredes múltiplas.;6.50;oca-l10n-brazil/tipi
70091000;Espelhos retrovisores para veículos;1.95;oca-l10n-brazil/tipi
70099100;Não emoldurados;9.75;oca-l10n-brazil/tipi
70099200;Emoldurados;9.75;oca-l10n-brazil/tipi
70101000;Ampolas;0.00;oca-l10n-brazil/tipi
70102000;Rolhas, tampas e outros dispositivos para fechar recipientes;9.75;oca-l10n-brazil/tipi
70109011;Garrafões e garrafas;9.75;oca-l10n-brazil/tipi
70109012;Frascos, boiões, vasos, embalagens tubulares e outros recipientes próprios para transporte ou emb...;9.75;oca-l10n-brazil/tipi
70109021;Garrafões e garrafas;9.75;oca-l10n-brazil/tipi
70109022;Frascos, boiões, vasos, embalagens tubulares e outros recipientes próprios para transporte ou emb...;9.75;oca-l10n-brazil/tipi
70109090;Outros;9.75;oca-l10n-brazil/tipi
70111010;Para lâmpadas ou tubos de descarga, incluindo os de luz relâmpago (flash);6.50;oca-l10n-brazil/tipi
70111021;Bulbos de diâmetro inferior ou igual a 90 mm;6.50;oca-l10n-brazil/tipi
70111029;Outros;6.50;oca-l10n-brazil/tipi
70111090;Outros;6.50;oca-l10n-brazil/tipi
70112000;Para tubos catódicos;6.50;oca-l10n-brazil/tipi
70119000;Outros;6.50;oca-l10n-brazil/tipi
70131000;Objetos de vitrocerâmica;6.50;oca-l10n-brazil/tipi
70132200;De cristal de chumbo;9.75;oca-l10n-brazil/tipi
70132800;Outros;9.75;oca-l10n-brazil/tipi
70133300;De cristal de chumbo;9.75;oca-l10n-brazil/tipi
70133700;Outros;9.75;oca-l10n-brazil/tipi
70134100;De cristal de chumbo;6.50;oca-l10n-brazil/tipi
70134210;Cafeteiras e chaleiras;6.50;oca-l10n-brazil/tipi
70134290;Outros;9.75;oca-l10n-brazil/tipi
70134900;Outros;9.75;oca-l10n-brazil/tipi
70139110;Para ornamentação de interiores;9.75;oca-l10n-brazil/tipi
70139190;Outros;9.75;oca-l10n-brazil/tipi
70139900;Outros;9.75;oca-l10n-brazil/tipi
70140000;Artigos de vidro para sinalização e elementos de óptica de vidro (exceto os da posição 70.15), nã...;0.00;oca-l10n-brazil/tipi
70151010;Fotocromáticos;0.00;oca-l10n-brazil/tipi
70151091;Brancos;0.00;oca-l10n-brazil/tipi
70151092;Coloridos;0.00;oca-l10n-brazil/tipi
70159010;Vidros de relojoaria;9.75;oca-l10n-brazil/tipi
70159020;Vidros para máscaras, óculos ou anteparos, protetores;9.75;oca-l10n-brazil/tipi
70159030;Vidros para os demais óculos;9.75;oca-l10n-brazil/tipi
70159090;Outros;9.75;oca-l10n-brazil/tipi
70161000;Cubos, pastilhas e outros artigos semelhantes, de vidro, mesmo com suporte, para mosaicos ou deco...;9.75;oca-l10n-brazil/tipi
70169000;Outros;9.75;oca-l10n-brazil/tipi
70171000;De quartzo ou de outras sílicas, fundidos;0.00;oca-l10n-brazil/tipi
70172000;De outro vidro com um coeficiente de dilatação linear não superior a 5 x 10-6 por Kelvin, entre 0...;0.00;oca-l10n-brazil/tipi
70179000;Outros;0.00;oca-l10n-brazil/tipi
70181010;Contas de vidro;13.00;oca-l10n-brazil/tipi
70181020;Imitações de pérolas naturais ou cultivadas, pedras preciosas ou semipreciosas;13.00;oca-l10n-brazil/tipi
70181090;Outros;13.00;oca-l10n-brazil/tipi
70182000;Microsferas de vidro, de diâmetro não superior a 1 mm;13.00;oca-l10n-brazil/tipi
70189000;Outros;13.00;oca-l10n-brazil/tipi
70191100;Fios cortados (chopped strands), de comprimento não superior a 50 mm;6.50;oca-l10n-brazil/tipi
70191210;Impregnadas ou recobertas com resina de poliuretano ou borracha de estireno-butadieno;6.50;oca-l10n-brazil/tipi
70191290;Outras;6.50;oca-l10n-brazil/tipi
70191300;Outros fios, mechas;6.50;oca-l10n-brazil/tipi
70191400;Mantas (mats) consolidadas mecanicamente;10.00;oca-l10n-brazil/tipi
70191500;Mantas (mats) consolidadas quimicamente;10.00;oca-l10n-brazil/tipi
70191900;Outros;10.00;oca-l10n-brazil/tipi
70196100;Tecidos de mechas ligeiramente torcidas (rovings) de malha fechada (closed woven fabrics);6.50;oca-l10n-brazil/tipi
70196200;Outros, obtidos de mechas ligeiramente torcidas (rovings) de malha fechada (other closed fabrics);6.50;oca-l10n-brazil/tipi
70196300;Tecidos de fios de malha fechada, em ponto de tafetá, não revestidos nem estratificados;6.50;oca-l10n-brazil/tipi
70196400;Tecidos de fios de malha fechada, em ponto de tafetá, revestidos ou estratificados;6.50;oca-l10n-brazil/tipi
70196500;Tecidos de malha aberta de largura não superior a 30 cm;6.50;oca-l10n-brazil/tipi
70196600;Tecidos de malha aberta de largura superior a 30 cm;6.50;oca-l10n-brazil/tipi
70196900;Outros;6.50;oca-l10n-brazil/tipi
70197100;Véus (camadas finas);6.50;oca-l10n-brazil/tipi
70197200;Outros tecidos de malha fechada;6.50;oca-l10n-brazil/tipi
70197310;Constituídos por fios paralelizados e superpostos entre si em ângulo de 90°, impregnados e soldad...;6.50;oca-l10n-brazil/tipi
70197390;Outros;6.50;oca-l10n-brazil/tipi
70198000;Lã de vidro e suas obras;6.50;oca-l10n-brazil/tipi
70199000;Outras;6.50;oca-l10n-brazil/tipi
70200010;Ampolas de vidro para garrafas térmicas ou para outros recipientes isotérmicos, cujo isolamento s...;9.75;oca-l10n-brazil/tipi
70200090;Outras;9.75;oca-l10n-brazil/tipi
71011000;Pérolas naturais;19.50;oca-l10n-brazil/tipi
71012100;Em bruto;19.50;oca-l10n-brazil/tipi
71012200;Trabalhadas;19.50;oca-l10n-brazil/tipi
71021000;Não selecionados;0.00;oca-l10n-brazil/tipi
71022100;Em bruto ou simplesmente serrados, clivados ou desbastados;0.00;oca-l10n-brazil/tipi
71022900;Outros;0.00;oca-l10n-brazil/tipi
71023100;Em bruto ou simplesmente serrados, clivados ou desbastados;0.00;oca-l10n-brazil/tipi
71023900;Outros;0.00;oca-l10n-brazil/tipi
71031000;Em bruto ou simplesmente serradas ou desbastadas;0.00;oca-l10n-brazil/tipi
71039100;Rubis, safiras e esmeraldas;0.00;oca-l10n-brazil/tipi
71039900;Outras;0.00;oca-l10n-brazil/tipi
71041000;Quartzo piezelétrico;7.80;oca-l10n-brazil/tipi
71042100;Diamantes;7.80;oca-l10n-brazil/tipi
71042900;Outras;7.80;oca-l10n-brazil/tipi
71049100;Diamantes;7.80;oca-l10n-brazil/tipi
71049900;Outras;7.80;oca-l10n-brazil/tipi
71051000;De diamantes;0.00;oca-l10n-brazil/tipi
71059000;Outros;0.00;oca-l10n-brazil/tipi
71061000;Pós;0.00;oca-l10n-brazil/tipi
71069100;Em formas brutas;0.00;oca-l10n-brazil/tipi
71069210;Barras, fios e perfis de seção maciça;0.00;oca-l10n-brazil/tipi
71069220;Chapas, lâminas, folhas e tiras;0.00;oca-l10n-brazil/tipi
71069290;Outras;0.00;oca-l10n-brazil/tipi
71070000;Metais comuns folheados ou chapeados (plaquê) de prata, em formas brutas ou semimanufaturadas.;6.50;oca-l10n-brazil/tipi
71081100;Pós;0.00;oca-l10n-brazil/tipi
71081210;Bulhão dourado (bullion doré);0.00;oca-l10n-brazil/tipi
71081290;Outras;0.00;oca-l10n-brazil/tipi
71081310;Barras, fios e perfis de seção maciça;0.00;oca-l10n-brazil/tipi
71081390;Outros;0.00;oca-l10n-brazil/tipi
71082000;Para uso monetário;0.00;oca-l10n-brazil/tipi
71090000;Metais comuns ou prata, folheados ou chapeados (plaquê) de ouro, em formas brutas ou semimanufatu...;6.50;oca-l10n-brazil/tipi
71101100;Em formas brutas ou em pó;0.00;oca-l10n-brazil/tipi
71101910;Barras, fios e perfis de seção maciça;0.00;oca-l10n-brazil/tipi
71101990;Outras;0.00;oca-l10n-brazil/tipi
71102100;Em formas brutas ou em pó;0.00;oca-l10n-brazil/tipi
71102900;Outras;0.00;oca-l10n-brazil/tipi
71103100;Em formas brutas ou em pó;0.00;oca-l10n-brazil/tipi
71103900;Outras;0.00;oca-l10n-brazil/tipi
71104100;Em formas brutas ou em pó;0.00;oca-l10n-brazil/tipi
71104900;Outras;0.00;oca-l10n-brazil/tipi
71110000;Metais comuns, prata ou ouro, folheados ou chapeados (plaquê) de platina, em formas brutas ou sem...;6.50;oca-l10n-brazil/tipi
71123010;Que contenham ouro, mas que não contenham outros metais preciosos;0.00;oca-l10n-brazil/tipi
71123020;Que contenham platina, mas que não contenham outros metais preciosos;0.00;oca-l10n-brazil/tipi
71123090;Outros;0.00;oca-l10n-brazil/tipi
71129100;De ouro, de metais folheados ou chapeados (plaquê) de ouro, exceto varreduras de ourivesaria que...;0.00;oca-l10n-brazil/tipi
71129200;De platina, de metais folheados ou chapeados (plaquê) de platina, exceto varreduras de ourivesari...;0.00;oca-l10n-brazil/tipi
71129900;Outros;0.00;oca-l10n-brazil/tipi
71131100;De prata, mesmo revestida, folheada ou chapeada de outros metais preciosos (plaquê);7.80;oca-l10n-brazil/tipi
71131900;De outros metais preciosos, mesmo revestidos, folheados ou chapeados de metais preciosos (plaquê);12.00;oca-l10n-brazil/tipi
71132000;De metais comuns folheados ou chapeados de metais preciosos (plaquê);7.80;oca-l10n-brazil/tipi
71141100;De prata, mesmo revestida, folheada ou chapeada de outros metais preciosos (plaquê);7.80;oca-l10n-brazil/tipi
71141900;De outros metais preciosos, mesmo revestidos, folheados ou chapeados de metais preciosos (plaquê);7.80;oca-l10n-brazil/tipi
71142000;De metais comuns folheados ou chapeados de metais preciosos (plaquê);7.80;oca-l10n-brazil/tipi
71151000;Telas ou grades catalisadoras, de platina;6.50;oca-l10n-brazil/tipi
71159000;Outras;6.50;oca-l10n-brazil/tipi
71161000;De pérolas naturais ou cultivadas;7.80;oca-l10n-brazil/tipi
71162010;De diamantes sintéticos;7.80;oca-l10n-brazil/tipi
71162020;Guias de agulhas, de rubi, para cabeças de impressão;7.80;oca-l10n-brazil/tipi
71162090;Outras;7.80;oca-l10n-brazil/tipi
71171100;Abotoaduras (botões de punho) e artigos semelhantes;7.80;oca-l10n-brazil/tipi
71171900;Outras;7.80;oca-l10n-brazil/tipi
71179000;Outras;7.80;oca-l10n-brazil/tipi
71181010;Destinadas a ter curso legal no país importador;0.00;oca-l10n-brazil/tipi
71181090;Outras;0.00;oca-l10n-brazil/tipi
71189000;Outras;0.00;oca-l10n-brazil/tipi
72011000;Ferro fundido bruto não ligado, que contenha, em peso, 0,5 % ou menos de fósforo;3.25;oca-l10n-brazil/tipi
72012000;Ferro fundido bruto não ligado, que contenha, em peso, mais de 0,5 % de fósforo;3.25;oca-l10n-brazil/tipi
72015000;"Ligas de ferro fundido bruto; ferro spiegel (especular)";3.25;oca-l10n-brazil/tipi
72021100;Que contenha, em peso, mais de 2 % de carbono;3.25;oca-l10n-brazil/tipi
72021900;Outra;3.25;oca-l10n-brazil/tipi
72022100;Que contenha, em peso, mais de 55 % de silício;3.25;oca-l10n-brazil/tipi
72022900;Outra;3.25;oca-l10n-brazil/tipi
72023000;Ferrossiliciomanganês;3.25;oca-l10n-brazil/tipi
72024100;Que contenha, em peso, mais de 4 % de carbono;3.25;oca-l10n-brazil/tipi
72024900;Outra;3.25;oca-l10n-brazil/tipi
72025000;Ferrossiliciocromo;3.25;oca-l10n-brazil/tipi
72026000;Ferroníquel;3.25;oca-l10n-brazil/tipi
72027000;Ferromolibdênio;3.25;oca-l10n-brazil/tipi
72028000;Ferrotungstênio (ferrovolfrâmio) e ferrossiliciotungstênio (ferrossiliciovolfrâmio);3.25;oca-l10n-brazil/tipi
72029100;Ferrotitânio e ferrossiliciotitânio;3.25;oca-l10n-brazil/tipi
72029200;Ferrovanádio;3.25;oca-l10n-brazil/tipi
72029300;Ferronióbio (ferrocolômbio);3.25;oca-l10n-brazil/tipi
72029910;Ferrofósforo;3.25;oca-l10n-brazil/tipi
72029990;Outras;3.25;oca-l10n-brazil/tipi
72031000;Produtos ferrosos obtidos por redução direta dos minérios de ferro;3.25;oca-l10n-brazil/tipi
72039000;Outros;3.25;oca-l10n-brazil/tipi
72041000;Desperdícios e resíduos, e sucata, de ferro fundido;0.00;oca-l10n-brazil/tipi
72042100;De aço inoxidável;0.00;oca-l10n-brazil/tipi
72042900;Outros;0.00;oca-l10n-brazil/tipi
72043000;Desperdícios e resíduos, e sucata, de ferro ou aço, estanhados;0.00;oca-l10n-brazil/tipi
72044100;Resíduos do torno e da fresa, aparas, lascas (meulures), pó de serra, limalhas e desperdícios da...;0.00;oca-l10n-brazil/tipi
72044900;Outros;0.00;oca-l10n-brazil/tipi
72045000;Desperdícios e resíduos, em lingotes;3.25;oca-l10n-brazil/tipi
72051000;Granalhas;3.25;oca-l10n-brazil/tipi
72052100;De ligas de aço;3.25;oca-l10n-brazil/tipi
72052910;De ferro esponjoso, com um teor de ferro igual ou superior a 98 %, em peso;3.25;oca-l10n-brazil/tipi
72052920;De ferro revestido com resina termoplástica, com um teor de ferro igual ou superior a 98 %, em peso;3.25;oca-l10n-brazil/tipi
72052990;Outros;3.25;oca-l10n-brazil/tipi
72061000;Lingotes;3.25;oca-l10n-brazil/tipi
72069000;Outros;3.25;oca-l10n-brazil/tipi
72071110;Billets;3.25;oca-l10n-brazil/tipi
72071190;Outros;3.25;oca-l10n-brazil/tipi
72071200;Outros, de seção transversal retangular;3.25;oca-l10n-brazil/tipi
72071900;Outros;3.25;oca-l10n-brazil/tipi
72072000;Que contenham, em peso, 0,25 % ou mais de carbono;3.25;oca-l10n-brazil/tipi
72081000;Em rolos, simplesmente laminados a quente, apresentando motivos em relevo;3.25;oca-l10n-brazil/tipi
72082500;De espessura igual ou superior a 4,75 mm;3.25;oca-l10n-brazil/tipi
72082610;Com um limite mínimo de elasticidade de 355 MPa;3.25;oca-l10n-brazil/tipi
72082690;Outros;3.25;oca-l10n-brazil/tipi
72082710;Com um limite mínimo de elasticidade de 275 MPa;3.25;oca-l10n-brazil/tipi
72082790;Outros;3.25;oca-l10n-brazil/tipi
72083610;Com um limite mínimo de elasticidade de 355 MPa;3.25;oca-l10n-brazil/tipi
72083690;Outros;3.25;oca-l10n-brazil/tipi
72083700;De espessura igual ou superior a 4,75 mm, mas não superior a 10 mm;3.25;oca-l10n-brazil/tipi
72083810;Com um limite mínimo de elasticidade de 355 MPa;3.25;oca-l10n-brazil/tipi
72083890;Outros;3.25;oca-l10n-brazil/tipi
72083910;Com um limite mínimo de elasticidade de 275 MPa;3.25;oca-l10n-brazil/tipi
72083990;Outros;3.25;oca-l10n-brazil/tipi
72084000;Não enrolados, simplesmente laminados a quente, apresentando motivos em relevo;3.25;oca-l10n-brazil/tipi
72085100;De espessura superior a 10 mm;3.25;oca-l10n-brazil/tipi
72085200;De espessura igual ou superior a 4,75 mm, mas não superior a 10 mm;3.25;oca-l10n-brazil/tipi
72085300;De espessura igual ou superior a 3 mm, mas inferior a 4,75 mm;3.25;oca-l10n-brazil/tipi
72085400;De espessura inferior a 3 mm;3.25;oca-l10n-brazil/tipi
72089000;Outros;3.25;oca-l10n-brazil/tipi
72091500;De espessura igual ou superior a 3 mm;3.25;oca-l10n-brazil/tipi
72091600;De espessura superior a 1 mm, mas inferior a 3 mm;3.25;oca-l10n-brazil/tipi
72091700;De espessura igual ou superior a 0,5 mm, mas não superior a 1 mm;3.25;oca-l10n-brazil/tipi
72091800;De espessura inferior a 0,5 mm;3.25;oca-l10n-brazil/tipi
72092500;De espessura igual ou superior a 3 mm;3.25;oca-l10n-brazil/tipi
72092600;De espessura superior a 1 mm, mas inferior a 3 mm;3.25;oca-l10n-brazil/tipi
72092700;De espessura igual ou superior a 0,5 mm, mas não superior a 1 mm;3.25;oca-l10n-brazil/tipi
72092800;De espessura inferior a 0,5 mm;3.25;oca-l10n-brazil/tipi
72099000;Outros;3.25;oca-l10n-brazil/tipi
72101100;De espessura igual ou superior a 0,5 mm;3.25;oca-l10n-brazil/tipi
72101200;De espessura inferior a 0,5 mm;3.25;oca-l10n-brazil/tipi
72102000;Revestidos de chumbo, incluindo os revestidos de uma liga de chumboestanho;3.25;oca-l10n-brazil/tipi
72103010;De espessura inferior a 4,75 mm;3.25;oca-l10n-brazil/tipi
72103090;Outros;3.25;oca-l10n-brazil/tipi
72104110;De espessura inferior a 4,75 mm;3.25;oca-l10n-brazil/tipi
72104190;Outros;3.25;oca-l10n-brazil/tipi
72104910;De espessura inferior a 4,75 mm;3.25;oca-l10n-brazil/tipi
72104990;Outros;3.25;oca-l10n-brazil/tipi
72105000;Revestidos de óxidos de cromo ou de cromo e óxidos de cromo;3.25;oca-l10n-brazil/tipi
72106100;Revestidos de ligas de aluminiozinco;3.25;oca-l10n-brazil/tipi
72106911;De peso igual ou superior a 120 g/m2 e com conteúdo de silício igual ou superior a 5 %, mas infer...;3.25;oca-l10n-brazil/tipi
72106919;Outros;3.25;oca-l10n-brazil/tipi
72106990;Outros;3.25;oca-l10n-brazil/tipi
72107010;Pintados ou envernizados;3.25;oca-l10n-brazil/tipi
72107020;Revestidos de plástico;3.25;oca-l10n-brazil/tipi
72109000;Outros;3.25;oca-l10n-brazil/tipi
72111300;Laminados nas quatro faces ou em caixa fechada, de largura superior a 150 mm e de espessura igual...;3.25;oca-l10n-brazil/tipi
72111400;Outros, de espessura igual ou superior a 4,75 mm;3.25;oca-l10n-brazil/tipi
72111900;Outros;3.25;oca-l10n-brazil/tipi
72112300;Que contenham, em peso, menos de 0,25 % de carbono;3.25;oca-l10n-brazil/tipi
72112910;Com um teor de carbono igual ou superior a 0,25 %, mas inferior a 0,6 %, em peso;3.25;oca-l10n-brazil/tipi
72112920;Com um teor de carbono igual ou superior a 0,6 %, em peso;3.25;oca-l10n-brazil/tipi
72119010;Com um teor de carbono igual ou superior a 0,6 %, em peso;3.25;oca-l10n-brazil/tipi
72119090;Outros;3.25;oca-l10n-brazil/tipi
72121000;Estanhados;3.25;oca-l10n-brazil/tipi
72122010;De espessura inferior a 4,75 mm;3.25;oca-l10n-brazil/tipi
72122090;Outros;3.25;oca-l10n-brazil/tipi
72123000;Galvanizados por outro processo;3.25;oca-l10n-brazil/tipi
72124010;Pintados ou envernizados;3.25;oca-l10n-brazil/tipi
72124021;Com uma camada intermediária de liga cobre-estanho ou cobre-estanho-chumbo, aplicada por sinteriz...;3.25;oca-l10n-brazil/tipi
72124029;Outros;3.25;oca-l10n-brazil/tipi
72125010;Com uma camada de liga cobre-estanho ou cobre-estanho-chumbo, aplicada por sinterização, inclusiv...;3.25;oca-l10n-brazil/tipi
72125090;Outros;3.25;oca-l10n-brazil/tipi
72126000;Folheados ou chapeados;3.25;oca-l10n-brazil/tipi
72131000;Dentados, com nervuras, sulcos (entalhes) ou relevos, obtidos durante a laminagem;0.00;oca-l10n-brazil/tipi
72132000;Outros, de aço para tornear;0.00;oca-l10n-brazil/tipi
72139110;Com um teor de carbono igual ou superior a 0,6 %, em peso;0.00;oca-l10n-brazil/tipi
72139190;Outros;0.00;oca-l10n-brazil/tipi
72139910;Com um teor de carbono igual ou superior a 0,6 %, em peso;0.00;oca-l10n-brazil/tipi
72139990;Outros;0.00;oca-l10n-brazil/tipi
72141010;Com um teor de carbono inferior ou igual a 0,6 %, em peso;0.00;oca-l10n-brazil/tipi
72141090;Outras;0.00;oca-l10n-brazil/tipi
72142000;Dentadas, com nervuras, sulcos (entalhes) ou relevos, obtidos durante a laminagem, ou torcidas ap...;0.00;oca-l10n-brazil/tipi
72143000;Outras, de aço para tornear;0.00;oca-l10n-brazil/tipi
72149100;De seção transversal retangular;0.00;oca-l10n-brazil/tipi
72149910;De seção circular;0.00;oca-l10n-brazil/tipi
72149990;Outras;0.00;oca-l10n-brazil/tipi
72151000;De aço para tornear, simplesmente obtidas ou completamente acabadas a frio;3.25;oca-l10n-brazil/tipi
72155000;Outras, simplesmente obtidas ou completamente acabadas a frio;3.25;oca-l10n-brazil/tipi
72159010;Com um teor de carbono inferior ou igual a 0,6 %, em peso;3.25;oca-l10n-brazil/tipi
72159090;Outras;3.25;oca-l10n-brazil/tipi
72161000;Perfis em U, I ou H, simplesmente laminados, estirados ou extrudados, a quente, de altura inferio...;0.00;oca-l10n-brazil/tipi
72162100;Perfis em L;0.00;oca-l10n-brazil/tipi
72162200;Perfis em T;0.00;oca-l10n-brazil/tipi
72163100;Perfis em U;0.00;oca-l10n-brazil/tipi
72163200;Perfis em I;0.00;oca-l10n-brazil/tipi
72163300;Perfis em H;0.00;oca-l10n-brazil/tipi
72164010;De altura inferior ou igual a 200 mm;0.00;oca-l10n-brazil/tipi
72164090;Outros;0.00;oca-l10n-brazil/tipi
72165000;Outros perfis, simplesmente laminados, estirados ou extrudados, a quente;0.00;oca-l10n-brazil/tipi
72166110;De altura inferior a 80 mm;0.00;oca-l10n-brazil/tipi
72166190;Outros;0.00;oca-l10n-brazil/tipi
72166910;De altura inferior a 80 mm;0.00;oca-l10n-brazil/tipi
72166990;Outros;0.00;oca-l10n-brazil/tipi
72169100;Obtidos ou acabados a frio a partir de produtos laminados planos;0.00;oca-l10n-brazil/tipi
72169900;Outros;0.00;oca-l10n-brazil/tipi
72171011;Com um teor, em peso, de fósforo inferior a 0,035 % e de enxofre inferior a 0,035 %, temperado e...;3.25;oca-l10n-brazil/tipi
72171019;Outros;3.25;oca-l10n-brazil/tipi
72171090;Outros;3.25;oca-l10n-brazil/tipi
72172010;Com um teor de carbono igual ou superior a 0,6 %, em peso;3.25;oca-l10n-brazil/tipi
72172090;Outros;3.25;oca-l10n-brazil/tipi
72173010;Com um teor de carbono igual ou superior a 0,6 %, em peso;3.25;oca-l10n-brazil/tipi
72173090;Outros;3.25;oca-l10n-brazil/tipi
72179000;Outros;3.25;oca-l10n-brazil/tipi
72181000;Lingotes e outras formas primárias;3.25;oca-l10n-brazil/tipi
72189100;De seção transversal retangular;3.25;oca-l10n-brazil/tipi
72189900;Outros;3.25;oca-l10n-brazil/tipi
72191100;De espessura superior a 10 mm;3.25;oca-l10n-brazil/tipi
72191200;De espessura igual ou superior a 4,75 mm, mas não superior a 10 mm;3.25;oca-l10n-brazil/tipi
72191300;De espessura igual ou superior a 3 mm, mas inferior a 4,75 mm;3.25;oca-l10n-brazil/tipi
72191400;De espessura inferior a 3 mm;3.25;oca-l10n-brazil/tipi
72192100;De espessura superior a 10 mm;3.25;oca-l10n-brazil/tipi
72192200;De espessura igual ou superior a 4,75 mm, mas não superior a 10 mm;3.25;oca-l10n-brazil/tipi
72192300;De espessura igual ou superior a 3 mm, mas inferior a 4,75 mm;3.25;oca-l10n-brazil/tipi
72192400;De espessura inferior a 3 mm;3.25;oca-l10n-brazil/tipi
72193100;De espessura igual ou superior a 4,75 mm;3.25;oca-l10n-brazil/tipi
72193200;De espessura igual ou superior a 3 mm, mas inferior a 4,75 mm;3.25;oca-l10n-brazil/tipi
72193300;De espessura superior a 1 mm, mas inferior a 3 mm;3.25;oca-l10n-brazil/tipi
72193400;De espessura igual ou superior a 0,5 mm, mas não superior a 1 mm;3.25;oca-l10n-brazil/tipi
72193500;De espessura inferior a 0,5 mm;3.25;oca-l10n-brazil/tipi
72199010;De espessura inferior a 4,75 mm e dureza igual ou superior a 42 HRC;3.25;oca-l10n-brazil/tipi
72199090;Outros;3.25;oca-l10n-brazil/tipi
72201100;De espessura igual ou superior a 4,75 mm;3.25;oca-l10n-brazil/tipi
72201210;De espessura inferior ou igual a 1,5 mm;3.25;oca-l10n-brazil/tipi
72201220;De espessura superior a 1,5 mm, mas não superior a 3 mm;3.25;oca-l10n-brazil/tipi
72201290;Outros;3.25;oca-l10n-brazil/tipi
72202010;De largura inferior ou igual a 23 mm e espessura inferior ou igual a 0,1 mm;3.25;oca-l10n-brazil/tipi
72202090;Outros;3.25;oca-l10n-brazil/tipi
72209000;Outros;3.25;oca-l10n-brazil/tipi
72210000;Fio-máquina de aço inoxidável.;3.25;oca-l10n-brazil/tipi
72221100;De seção circular;3.25;oca-l10n-brazil/tipi
72221910;De seção transversal retangular;3.25;oca-l10n-brazil/tipi
72221990;Outras;3.25;oca-l10n-brazil/tipi
72222000;Barras simplesmente obtidas ou completamente acabadas a frio;3.25;oca-l10n-brazil/tipi
72223000;Outras barras;3.25;oca-l10n-brazil/tipi
72224010;De altura igual ou superior a 80 mm;3.25;oca-l10n-brazil/tipi
72224090;Outros;3.25;oca-l10n-brazil/tipi
72230000;Fios de aço inoxidável.;3.25;oca-l10n-brazil/tipi
72241000;Lingotes e outras formas primárias;3.25;oca-l10n-brazil/tipi
72249000;Outros;3.25;oca-l10n-brazil/tipi
72251100;De grãos orientados;3.25;oca-l10n-brazil/tipi
72251900;Outros;3.25;oca-l10n-brazil/tipi
72253000;Outros, simplesmente laminados a quente, em rolos;3.25;oca-l10n-brazil/tipi
72254010;De aço, segundo normas AISI D2, D3 ou D6, de espessura inferior ou igual a 7 mm;3.25;oca-l10n-brazil/tipi
72254020;De aços de corte rápido;3.25;oca-l10n-brazil/tipi
72254090;Outros;3.25;oca-l10n-brazil/tipi
72255010;De aços de corte rápido;3.25;oca-l10n-brazil/tipi
72255090;Outros;3.25;oca-l10n-brazil/tipi
72259100;Galvanizados eletroliticamente;3.25;oca-l10n-brazil/tipi
72259200;Galvanizados por outro processo;3.25;oca-l10n-brazil/tipi
72259910;De aços de corte rápido;3.25;oca-l10n-brazil/tipi
72259990;Outros;3.25;oca-l10n-brazil/tipi
72261100;De grãos orientados;3.25;oca-l10n-brazil/tipi
72261900;Outros;3.25;oca-l10n-brazil/tipi
72262010;De espessura igual ou superior a 1 mm, mas não superior a 4 mm;3.25;oca-l10n-brazil/tipi
72262090;Outros;3.25;oca-l10n-brazil/tipi
72269100;Simplesmente laminados a quente;3.25;oca-l10n-brazil/tipi
72269200;Simplesmente laminados a frio;3.25;oca-l10n-brazil/tipi
72269900;Outros;3.25;oca-l10n-brazil/tipi
72271000;De aço de corte rápido;3.25;oca-l10n-brazil/tipi
72272000;De aço siliciomanganês;3.25;oca-l10n-brazil/tipi
72279000;Outros;3.25;oca-l10n-brazil/tipi
72281010;Simplesmente laminadas, estiradas ou extrudadas, a quente;3.25;oca-l10n-brazil/tipi
72281090;Outras;3.25;oca-l10n-brazil/tipi
72282000;Barras de aço siliciomanganês;3.25;oca-l10n-brazil/tipi
72283000;Outras barras, simplesmente laminadas, estiradas ou extrudadas, a quente;3.25;oca-l10n-brazil/tipi
72284000;Outras barras, simplesmente forjadas;3.25;oca-l10n-brazil/tipi
72285000;Outras barras, simplesmente obtidas ou completamente acabadas a frio;3.25;oca-l10n-brazil/tipi
72286000;Outras barras;3.25;oca-l10n-brazil/tipi
72287000;Perfis;3.25;oca-l10n-brazil/tipi
72288000;Barras ocas para perfuração;3.25;oca-l10n-brazil/tipi
72292000;De aço siliciomanganês;3.25;oca-l10n-brazil/tipi
72299000;Outros;3.25;oca-l10n-brazil/tipi
73011000;Estacas-pranchas;0.00;oca-l10n-brazil/tipi
73012000;Perfis;6.50;oca-l10n-brazil/tipi
73021010;De aço, de peso linear igual ou superior a 44,5 kg/m;0.00;oca-l10n-brazil/tipi
73021090;Outros;0.00;oca-l10n-brazil/tipi
73023000;Agulhas, cróssimas, alavancas para comando de agulhas e outros elementos de cruzamentos e desvios;0.00;oca-l10n-brazil/tipi
73024000;Talas de junção (Eclissas*) e placas de apoio ou assentamento;0.00;oca-l10n-brazil/tipi
73029000;Outros;0.00;oca-l10n-brazil/tipi
73030000;Tubos e perfis ocos, de ferro fundido.;3.25;oca-l10n-brazil/tipi
73041100;De aço inoxidável;0.00;oca-l10n-brazil/tipi
73041900;Outros;0.00;oca-l10n-brazil/tipi
73042200;Hastes de perfuração de aço inoxidável;0.00;oca-l10n-brazil/tipi
73042310;De aço não ligado;0.00;oca-l10n-brazil/tipi
73042390;Outras;0.00;oca-l10n-brazil/tipi
73042400;Outros, de aço inoxidável;0.00;oca-l10n-brazil/tipi
73042910;De aço não ligado;0.00;oca-l10n-brazil/tipi
73042931;De diâmetro exterior inferior ou igual a 229 mm;0.00;oca-l10n-brazil/tipi
73042939;Outros;0.00;oca-l10n-brazil/tipi
73042990;Outros;0.00;oca-l10n-brazil/tipi
73043110;Tubos não revestidos;3.25;oca-l10n-brazil/tipi
73043190;Outros;3.25;oca-l10n-brazil/tipi
73043910;Tubos não revestidos, de diâmetro exterior inferior ou igual a 229 mm;3.25;oca-l10n-brazil/tipi
73043920;Tubos revestidos, de diâmetro exterior inferior ou igual a 229 mm;3.25;oca-l10n-brazil/tipi
73043990;Outros;3.25;oca-l10n-brazil/tipi
73044110;Tubos capilares de diâmetro exterior inferior ou igual a 3 mm e diâmetro interior inferior ou igu...;3.25;oca-l10n-brazil/tipi
73044190;Outros;3.25;oca-l10n-brazil/tipi
73044900;Outros;3.25;oca-l10n-brazil/tipi
73045111;Tubos capilares de diâmetro exterior inferior ou igual a 3 mm e diâmetro interior inferior ou igu...;3.25;oca-l10n-brazil/tipi
73045119;Outros;3.25;oca-l10n-brazil/tipi
73045190;Outros;3.25;oca-l10n-brazil/tipi
73045910;Tubos de diâmetro exterior inferior ou igual a 229 mm;3.25;oca-l10n-brazil/tipi
73045990;Outros;3.25;oca-l10n-brazil/tipi
73049011;De aço inoxidável;3.25;oca-l10n-brazil/tipi
73049019;Outros;3.25;oca-l10n-brazil/tipi
73049090;Outros;3.25;oca-l10n-brazil/tipi
73051100;Soldados longitudinalmente por arco imerso;0.00;oca-l10n-brazil/tipi
73051200;Outros, soldados longitudinalmente;0.00;oca-l10n-brazil/tipi
73051900;Outros;0.00;oca-l10n-brazil/tipi
73052000;Tubos para revestimento de poços, do tipo utilizado na extração de petróleo ou de gás;0.00;oca-l10n-brazil/tipi
73053100;Soldados longitudinalmente;3.25;oca-l10n-brazil/tipi
73053900;Outros;3.25;oca-l10n-brazil/tipi
73059000;Outros;3.25;oca-l10n-brazil/tipi
73061100;Soldados, de aço inoxidável;0.00;oca-l10n-brazil/tipi
73061900;Outros;0.00;oca-l10n-brazil/tipi
73062100;Soldados, de aço inoxidável;0.00;oca-l10n-brazil/tipi
73062900;Outros;0.00;oca-l10n-brazil/tipi
73063010;De diâmetro exterior igual a 22,25 mm, espessura igual a 2,64 mm e comprimento igual a 448,2 mm;;sem-ipi-na-fonte
73063090;Outros;;sem-ipi-na-fonte
73064000;Outros, soldados, de seção circular, de aço inoxidável;3.25;oca-l10n-brazil/tipi
73065000;Outros, soldados, de seção circular, de outras ligas de aço;3.25;oca-l10n-brazil/tipi
73066100;De seção quadrada ou retangular;5.00;oca-l10n-brazil/tipi
73066900;De outras seções;3.25;oca-l10n-brazil/tipi
73069010;De ferro ou aço não ligado;3.25;oca-l10n-brazil/tipi
73069020;De aço inoxidável;3.25;oca-l10n-brazil/tipi
73069090;Outros;3.25;oca-l10n-brazil/tipi
73071100;De ferro fundido não maleável;3.25;oca-l10n-brazil/tipi
73071910;De ferro fundido maleável, de diâmetro interior superior a 50,8 mm;3.25;oca-l10n-brazil/tipi
73071920;De aço;3.25;oca-l10n-brazil/tipi
73071990;Outros;3.25;oca-l10n-brazil/tipi
73072100;Flanges;3.25;oca-l10n-brazil/tipi
73072200;Cotovelos, curvas e luvas (mangas*), roscados;3.25;oca-l10n-brazil/tipi
73072300;Acessórios para soldar topo a topo;3.25;oca-l10n-brazil/tipi
73072900;Outros;3.25;oca-l10n-brazil/tipi
73079100;Flanges;3.25;oca-l10n-brazil/tipi
73079200;Cotovelos, curvas e luvas (mangas*), roscados;3.25;oca-l10n-brazil/tipi
73079300;Acessórios para soldar topo a topo;3.25;oca-l10n-brazil/tipi
73079900;Outros;3.25;oca-l10n-brazil/tipi
73081000;Pontes e elementos de pontes;0.00;oca-l10n-brazil/tipi
73082000;Torres e pórticos;0.00;oca-l10n-brazil/tipi
73083000;Portas e janelas, e seus caixilhos, alizares e soleiras;0.00;oca-l10n-brazil/tipi
73084000;Material para andaimes, para cofragens ou para escoramentos;0.00;oca-l10n-brazil/tipi
73089010;Chapas, barras, perfis, tubos e semelhantes, próprios para construções;0.00;oca-l10n-brazil/tipi
73089090;Outros;0.00;oca-l10n-brazil/tipi
73090010;Para armazenamento de grãos e outras matérias sólidas;0.00;oca-l10n-brazil/tipi
73090020;Recipientes isotérmicos refrigerados a nitrogênio (azoto) líquido, do tipo utilizado para sêmen,...;0.00;oca-l10n-brazil/tipi
73090090;Outros;0.00;oca-l10n-brazil/tipi
73101010;Recipientes isotérmicos refrigerados a nitrogênio (azoto) líquido, do tipo utilizado para sêmen,...;3.25;oca-l10n-brazil/tipi
73101090;Outros;3.25;oca-l10n-brazil/tipi
73102110;Próprias para acondicionar produtos alimentícios;6.50;oca-l10n-brazil/tipi
73102190;Outros;6.50;oca-l10n-brazil/tipi
73102910;Próprios para acondicionar produtos alimentícios;6.50;oca-l10n-brazil/tipi
73102920;Recipientes isotérmicos refrigerados a nitrogênio (azoto) líquido, do tipo utilizado para sêmen,...;0.00;oca-l10n-brazil/tipi
73102990;Outros;6.50;oca-l10n-brazil/tipi
73110000;Recipientes para gases comprimidos ou liquefeitos, de ferro fundido, ferro ou aço.;6.50;oca-l10n-brazil/tipi
73121010;De fios de aço revestidos de bronze ou latão;9.75;oca-l10n-brazil/tipi
73121090;Outros;3.25;oca-l10n-brazil/tipi
73129000;Outros;9.75;oca-l10n-brazil/tipi
73130000;"Arame farpado, de ferro ou aço; arames ou tiras, retorcidos, mesmo farpados, de ferro ou aço, do...";3.25;oca-l10n-brazil/tipi
73141200;Telas metálicas, contínuas ou sem fim, para máquinas, de aço inoxidável;9.75;oca-l10n-brazil/tipi
73141400;Outras telas metálicas tecidas, de aço inoxidável;9.75;oca-l10n-brazil/tipi
73141900;Outras;9.75;oca-l10n-brazil/tipi
73142000;Grades e redes, soldadas nos pontos de interseção, de fios com, pelo menos, 3 mm na maior dimensã...;0.00;oca-l10n-brazil/tipi
73143100;Galvanizadas;9.75;oca-l10n-brazil/tipi
73143900;Outras;0.00;oca-l10n-brazil/tipi
73144100;Galvanizadas;9.75;oca-l10n-brazil/tipi
73144200;Revestidas de plástico;9.75;oca-l10n-brazil/tipi
73144900;Outras;9.75;oca-l10n-brazil/tipi
73145000;Chapas e tiras, distendidas;9.75;oca-l10n-brazil/tipi
73151110;"Do tipo utilizado em bicicletas, com passo de 12,7 mm (1/2"") e largura interna igual ou superior...";;sem-ipi-na-fonte
73151190;Outras;;sem-ipi-na-fonte
73151210;De transmissão;15.00;oca-l10n-brazil/tipi
73151290;Outras;9.75;oca-l10n-brazil/tipi
73151900;Partes;9.75;oca-l10n-brazil/tipi
73152000;Correntes antiderrapantes;9.75;oca-l10n-brazil/tipi
73158100;Correntes de elos com suporte;9.75;oca-l10n-brazil/tipi
73158200;Outras correntes, de elos soldados;9.75;oca-l10n-brazil/tipi
73158900;Outras;9.75;oca-l10n-brazil/tipi
73159000;Outras partes;9.75;oca-l10n-brazil/tipi
73160000;Âncoras, fateixas, e suas partes, de ferro fundido, ferro ou aço.;9.75;oca-l10n-brazil/tipi
73170010;Tachas;6.50;oca-l10n-brazil/tipi
73170020;Grampos de fio curvado;6.50;oca-l10n-brazil/tipi
73170030;Pontas ou dentes para máquinas têxteis;6.50;oca-l10n-brazil/tipi
73170090;Outros;6.50;oca-l10n-brazil/tipi
73181100;Tira-fundos;6.50;oca-l10n-brazil/tipi
73181200;Outros parafusos para madeira;6.50;oca-l10n-brazil/tipi
73181300;Ganchos, escápulas e pitões;6.50;oca-l10n-brazil/tipi
73181400;Parafusos autoperfurantes;6.50;oca-l10n-brazil/tipi
73181500;Outros parafusos e pinos ou pernos, mesmo com as porcas e arruelas (anilhas);6.50;oca-l10n-brazil/tipi
73181600;Porcas;6.50;oca-l10n-brazil/tipi
73181900;Outros;6.50;oca-l10n-brazil/tipi
73182100;Arruelas (anilhas) de pressão e outras arruelas (anilhas) de segurança;6.50;oca-l10n-brazil/tipi
73182200;Outras arruelas (anilhas);6.50;oca-l10n-brazil/tipi
73182300;Rebites;6.50;oca-l10n-brazil/tipi
73182400;Chavetas e contrapinos ou troços;6.50;oca-l10n-brazil/tipi
73182900;Outros;6.50;oca-l10n-brazil/tipi
73194000;Alfinetes de segurança e outros alfinetes;9.75;oca-l10n-brazil/tipi
73199000;Outros;9.75;oca-l10n-brazil/tipi
73201000;Molas de folhas e suas folhas;2.60;oca-l10n-brazil/tipi
73202010;Cilíndricas;9.75;oca-l10n-brazil/tipi
73202090;Outras;9.75;oca-l10n-brazil/tipi
73209000;Outras;9.75;oca-l10n-brazil/tipi
73211100;A combustíveis gasosos, ou a gás e outros combustíveis;2.60;oca-l10n-brazil/tipi
73211200;A combustíveis líquidos;2.60;oca-l10n-brazil/tipi
73211900;Outros, incluindo os aparelhos a combustíveis sólidos;2.60;oca-l10n-brazil/tipi
73218100;A combustíveis gasosos, ou a gás e outros combustíveis;6.50;oca-l10n-brazil/tipi
73218200;A combustíveis líquidos;6.50;oca-l10n-brazil/tipi
73218900;Outros, incluindo os aparelhos a combustíveis sólidos;6.50;oca-l10n-brazil/tipi
73219000;Partes;2.60;oca-l10n-brazil/tipi
73221100;De ferro fundido;9.75;oca-l10n-brazil/tipi
73221900;Outros;9.75;oca-l10n-brazil/tipi
73229010;Geradores de ar quente a combustível líquido, com capacidade igual ou superior a 1.500 kcal/h, ma...;9.75;oca-l10n-brazil/tipi
73229090;Outros;9.75;oca-l10n-brazil/tipi
73231000;"Palha de ferro ou aço; esponjas, esfregões, luvas e artigos semelhantes para limpeza, polimento o...";3.25;oca-l10n-brazil/tipi
73239100;De ferro fundido, não esmaltados;6.50;oca-l10n-brazil/tipi
73239200;De ferro fundido, esmaltados;6.50;oca-l10n-brazil/tipi
73239300;De aço inoxidável;6.50;oca-l10n-brazil/tipi
73239400;De ferro ou aço, esmaltados;6.50;oca-l10n-brazil/tipi
73239900;Outros;6.50;oca-l10n-brazil/tipi
73241000;Pias e lavatórios, de aço inoxidável;0.00;oca-l10n-brazil/tipi
73242100;De ferro fundido, mesmo esmaltadas;6.50;oca-l10n-brazil/tipi
73242900;Outras;6.50;oca-l10n-brazil/tipi
73249000;Outros, incluindo as partes;6.50;oca-l10n-brazil/tipi
73251000;De ferro fundido, não maleável;6.50;oca-l10n-brazil/tipi
73259100;Esferas e artigos semelhantes, para moinhos;6.50;oca-l10n-brazil/tipi
73259910;De aço;6.50;oca-l10n-brazil/tipi
73259990;Outras;6.50;oca-l10n-brazil/tipi
73261100;Esferas e artigos semelhantes, para moinhos;6.50;oca-l10n-brazil/tipi
73261900;Outras;6.50;oca-l10n-brazil/tipi
73262000;Obras de fio de ferro ou aço;3.25;oca-l10n-brazil/tipi
73269010;Calotas elípticas de aço ao níquel, segundo Norma ASME SA 353, do tipo utilizado na fabricação de...;3.25;oca-l10n-brazil/tipi
73269020;Discos próprios para cunhagem de moedas;3.25;oca-l10n-brazil/tipi
73269090;Outras;5.00;oca-l10n-brazil/tipi
74010000;"Mates de cobre; cobre de cementação (precipitado de cobre).";0.00;oca-l10n-brazil/tipi
74020000;"Cobre não refinado (afinado); ânodos de cobre para refinação (afinação) eletrolítica.";0.00;oca-l10n-brazil/tipi
74031100;Cátodos e seus elementos;0.00;oca-l10n-brazil/tipi
74031200;Barras para obtenção de fios (wire-bars);0.00;oca-l10n-brazil/tipi
74031300;Palanquilhas (Lingotes*) (billets);0.00;oca-l10n-brazil/tipi
74031900;Outro;0.00;oca-l10n-brazil/tipi
74032100;À base de cobrezinco (latão);0.00;oca-l10n-brazil/tipi
74032200;À base de cobre-estanho (bronze);0.00;oca-l10n-brazil/tipi
74032900;Outras ligas de cobre (exceto ligas-mãe da posição 74.05);0.00;oca-l10n-brazil/tipi
74040000;Desperdícios e resíduos, e sucata, de cobre.;0.00;oca-l10n-brazil/tipi
74050000;Ligas-mãe de cobre.;0.00;oca-l10n-brazil/tipi
74061010;Com um teor, em peso, de chumbo igual ou superior a 9,5 %, mas inferior ou igual a 25,0 % e de es...;;sem-ipi-na-fonte
74061020;Com um teor, em peso, de estanho igual ou superior a 7,0 %, mas inferior ou igual a 9,0 % e de ní...;;sem-ipi-na-fonte
74061090;Outros;;sem-ipi-na-fonte
74062000;"Pós de estrutura lamelar; escamas";0.00;oca-l10n-brazil/tipi
74071010;Barras;3.25;oca-l10n-brazil/tipi
74071021;Ocos;3.25;oca-l10n-brazil/tipi
74071029;Outros;3.25;oca-l10n-brazil/tipi
74072110;Barras;3.25;oca-l10n-brazil/tipi
74072120;Perfis;3.25;oca-l10n-brazil/tipi
74072910;Barras;3.25;oca-l10n-brazil/tipi
74072921;Ocos;3.25;oca-l10n-brazil/tipi
74072929;Outros;3.25;oca-l10n-brazil/tipi
74081100;Com a maior dimensão da seção transversal superior a 6 mm;0.00;oca-l10n-brazil/tipi
74081900;Outros;0.00;oca-l10n-brazil/tipi
74082100;À base de cobrezinco (latão);3.25;oca-l10n-brazil/tipi
74082200;À base de cobreníquel (cuproníquel) ou de cobreniquelzinco (maillechort);3.25;oca-l10n-brazil/tipi
74082912;Fosforoso, de seção transversal circular, de diâmetro inferior ou igual a 0,8 mm;3.25;oca-l10n-brazil/tipi
74082913;Outros, fosforosos;3.25;oca-l10n-brazil/tipi
74082919;Outros;3.25;oca-l10n-brazil/tipi
74082990;Outros;3.25;oca-l10n-brazil/tipi
74091100;Em rolos;3.25;oca-l10n-brazil/tipi
74091900;Outras;3.25;oca-l10n-brazil/tipi
74092100;Em rolos;3.25;oca-l10n-brazil/tipi
74092900;Outras;3.25;oca-l10n-brazil/tipi
74093111;Com uma camada intermediária de liga de cobre-estanho ou cobre-estanho-chumbo, aplicada por sinte...;3.25;oca-l10n-brazil/tipi
74093119;Outras;3.25;oca-l10n-brazil/tipi
74093190;Outras;3.25;oca-l10n-brazil/tipi
74093900;Outras;3.25;oca-l10n-brazil/tipi
74094011;De liga de cobreniquelsilício, galvanizadas;;sem-ipi-na-fonte
74094019;Outras;;sem-ipi-na-fonte
74094090;Outras;3.25;oca-l10n-brazil/tipi
74099000;De outras ligas de cobre;3.25;oca-l10n-brazil/tipi
74101112;De espessura inferior ou igual a 0,04 mm e uma resistividade elétrica inferior ou igual a 0,01724...;3.25;oca-l10n-brazil/tipi
74101113;Outras, de espessura inferior ou igual a 0,04 mm;3.25;oca-l10n-brazil/tipi
74101119;Outras;3.25;oca-l10n-brazil/tipi
74101190;Outras;3.25;oca-l10n-brazil/tipi
74101200;De ligas de cobre;3.25;oca-l10n-brazil/tipi
74102110;Com suporte isolante de resina epóxida e fibra de vidro, do tipo utilizado para circuitos impressos;3.25;oca-l10n-brazil/tipi
74102120;Com espessura superior a 0,012 mm, sobre suporte de poliéster ou poliimida e com espessura total,...;3.25;oca-l10n-brazil/tipi
74102130;Com suporte isolante de resina fenólica e papel, do tipo utilizado para circuitos impressos;3.25;oca-l10n-brazil/tipi
74102190;Outras;3.25;oca-l10n-brazil/tipi
74102200;De ligas de cobre;3.25;oca-l10n-brazil/tipi
74111010;Não aletados nem ranhurados;3.25;oca-l10n-brazil/tipi
74111090;Outros;3.25;oca-l10n-brazil/tipi
74112110;Não aletados nem ranhurados;3.25;oca-l10n-brazil/tipi
74112190;Outros;3.25;oca-l10n-brazil/tipi
74112210;Não aletados nem ranhurados;3.25;oca-l10n-brazil/tipi
74112290;Outros;3.25;oca-l10n-brazil/tipi
74112910;Não aletados nem ranhurados;3.25;oca-l10n-brazil/tipi
74112990;Outros;3.25;oca-l10n-brazil/tipi
74121000;De cobre refinado (afinado);3.25;oca-l10n-brazil/tipi
74122000;De ligas de cobre;3.25;oca-l10n-brazil/tipi
74130000;Cordas, cabos, tranças (entrançados*) e artigos semelhantes, de cobre, não isolados para usos elé...;0.00;oca-l10n-brazil/tipi
74151000;Tachas, pregos, percevejos, escápulas (pregos para tacos) e artigos semelhantes;6.50;oca-l10n-brazil/tipi
74152100;Arruelas (anilhas) (incluindo as de pressão);6.50;oca-l10n-brazil/tipi
74152900;Outros;6.50;oca-l10n-brazil/tipi
74153300;"Parafusos; pinos ou pernos e porcas";6.50;oca-l10n-brazil/tipi
74153900;Outros;6.50;oca-l10n-brazil/tipi
74181000;"Serviços de mesa, artigos de cozinha e outros artigos de uso doméstico, e suas partes; esponjas,...";6.50;oca-l10n-brazil/tipi
74182000;Artigos de higiene ou de toucador, e suas partes;6.50;oca-l10n-brazil/tipi
74192000;Vazadas, moldadas, estampadas ou forjadas, mas não trabalhadas de outro modo;3.25;oca-l10n-brazil/tipi
74198010;Telas metálicas de fio de cobre;0.00;oca-l10n-brazil/tipi
74198020;"Grades e redes, de fio de cobre; chapas e tiras, distendidas";0.00;oca-l10n-brazil/tipi
74198030;Molas;6.50;oca-l10n-brazil/tipi
74198040;Discos próprios para cunhagem de moedas;3.25;oca-l10n-brazil/tipi
74198090;Outras;6.50;oca-l10n-brazil/tipi
75011000;Mates de níquel;0.00;oca-l10n-brazil/tipi
75012000;Sinters de óxidos de níquel e outros produtos intermediários da metalurgia do níquel;0.00;oca-l10n-brazil/tipi
75021010;Catodos;0.00;oca-l10n-brazil/tipi
75021090;Outro;0.00;oca-l10n-brazil/tipi
75022000;Ligas de níquel;0.00;oca-l10n-brazil/tipi
75030000;Desperdícios e resíduos, e sucata, de níquel.;0.00;oca-l10n-brazil/tipi
75040010;Não ligado;0.00;oca-l10n-brazil/tipi
75040090;Outros;0.00;oca-l10n-brazil/tipi
75051110;Barras;0.00;oca-l10n-brazil/tipi
75051121;Ocos;0.00;oca-l10n-brazil/tipi
75051129;Outros;0.00;oca-l10n-brazil/tipi
75051210;Barras;0.00;oca-l10n-brazil/tipi
75051221;Ocos;0.00;oca-l10n-brazil/tipi
75051229;Outros;0.00;oca-l10n-brazil/tipi
75052100;De níquel não ligado;0.00;oca-l10n-brazil/tipi
75052210;À base de niqueltitânio (nitinol);0.00;oca-l10n-brazil/tipi
75052290;Outros;0.00;oca-l10n-brazil/tipi
75061000;De níquel não ligado;0.00;oca-l10n-brazil/tipi
75062000;De ligas de níquel;0.00;oca-l10n-brazil/tipi
75071100;De níquel não ligado;0.00;oca-l10n-brazil/tipi
75071200;De ligas de níquel;0.00;oca-l10n-brazil/tipi
75072000;Acessórios para tubos;0.00;oca-l10n-brazil/tipi
75081000;Telas metálicas e grades, de fios de níquel;0.00;oca-l10n-brazil/tipi
75089010;Cilindros ocos de seção variável, obtidos por centrifugação, do tipo utilizado em reformadores es...;0.00;oca-l10n-brazil/tipi
75089090;Outras;0.00;oca-l10n-brazil/tipi
76011000;Alumínio não ligado;2.60;oca-l10n-brazil/tipi
76012000;Ligas de alumínio;2.60;oca-l10n-brazil/tipi
76020000;Desperdícios e resíduos, e sucata, de alumínio.;0.00;oca-l10n-brazil/tipi
76031000;Pós de estrutura não lamelar;2.60;oca-l10n-brazil/tipi
76032000;"Pós de estrutura lamelar; escamas";2.60;oca-l10n-brazil/tipi
76041010;Barras;0.00;oca-l10n-brazil/tipi
76041021;Ocos;0.00;oca-l10n-brazil/tipi
76041029;Outros;0.00;oca-l10n-brazil/tipi
76042100;Perfis ocos;0.00;oca-l10n-brazil/tipi
76042911;Forjadas, de seção transversal circular, de diâmetro igual ou superior a 400 mm, mas não superior...;0.00;oca-l10n-brazil/tipi
76042919;Outras;0.00;oca-l10n-brazil/tipi
76042920;Perfis;0.00;oca-l10n-brazil/tipi
76051110;Com um teor de alumínio igual ou superior a 99,45 %, em peso, e uma resistividade elétrica inferi...;3.25;oca-l10n-brazil/tipi
76051190;Outros;3.25;oca-l10n-brazil/tipi
76051910;Com um teor de alumínio igual ou superior a 99,45 %, em peso, e uma resistividade elétrica inferi...;3.25;oca-l10n-brazil/tipi
76051990;Outros;3.25;oca-l10n-brazil/tipi
76052110;Com um teor, em peso, de alumínio igual ou superior a 98,45 %, e de magnésio e silício, considera...;3.25;oca-l10n-brazil/tipi
76052190;Outros;3.25;oca-l10n-brazil/tipi
76052910;Com um teor, em peso, de alumínio igual ou superior a 98,45 %, e de magnésio e silício, considera...;3.25;oca-l10n-brazil/tipi
76052990;Outros;3.25;oca-l10n-brazil/tipi
76061110;Com um teor, em peso, de silício igual ou superior a 0,05 % e inferior ou igual a 0,20 %, de ferr...;3.25;oca-l10n-brazil/tipi
76061190;Outras;3.25;oca-l10n-brazil/tipi
76061210;Com teores, em peso, de magnésio igual ou superior a 4 % e inferior ou igual a 5 %, de manganês i...;3.25;oca-l10n-brazil/tipi
76061220;Com um teor, em peso, de alumínio igual ou superior a 99 % e de magnésio superior a 0,10 %, de es...;3.25;oca-l10n-brazil/tipi
76061230;Simplesmente laminadas, constituídas de, pelo menos, duas camadas de diferentes ligas de alumínio...;3.25;oca-l10n-brazil/tipi
76061290;Outras;3.25;oca-l10n-brazil/tipi
76069100;De alumínio não ligado;3.25;oca-l10n-brazil/tipi
76069200;De ligas de alumínio;3.25;oca-l10n-brazil/tipi
76071110;Com um teor, em peso, de alumínio igual ou superior a 99 % e de magnésio superior a 0,06 %, de es...;3.25;oca-l10n-brazil/tipi
76071120;Constituídas de, pelo menos, duas camadas de diferentes ligas de alumínio, sendo uma o núcleo e a...;3.25;oca-l10n-brazil/tipi
76071190;Outras;3.25;oca-l10n-brazil/tipi
76071910;Gravadas por processo eletroquímico de corrosão, mesmo com camada de óxido de alumínio, de espess...;3.25;oca-l10n-brazil/tipi
76071990;Outras;3.25;oca-l10n-brazil/tipi
76072000;Com suporte;3.25;oca-l10n-brazil/tipi
76081000;De alumínio não ligado;0.00;oca-l10n-brazil/tipi
76082010;Sem costura, extrudados e trefilados, segundo Norma ASTM B210, de seção circular, de liga AA 6061...;0.00;oca-l10n-brazil/tipi
76082090;Outros;0.00;oca-l10n-brazil/tipi
76090000;Acessórios para tubos (por exemplo, uniões, cotovelos, luvas (mangas*)), de alumínio.;3.25;oca-l10n-brazil/tipi
76101000;Portas e janelas, e seus caixilhos, alizares e soleiras;0.00;oca-l10n-brazil/tipi
76109000;Outros;0.00;oca-l10n-brazil/tipi
76110000;Reservatórios, tonéis, cubas e recipientes semelhantes para quaisquer matérias (exceto gases comp...;3.25;oca-l10n-brazil/tipi
76121000;Recipientes tubulares, flexíveis;6.50;oca-l10n-brazil/tipi
76129011;Para aerossóis, com capacidade inferior ou igual a 700 cm3;6.50;oca-l10n-brazil/tipi
76129012;Isotérmicos, refrigerados a nitrogênio (azoto) líquido, do tipo utilizado para sêmen, sangue, tec...;6.50;oca-l10n-brazil/tipi
76129019;Outros;6.50;oca-l10n-brazil/tipi
76129020;Recipientes (cápsulas) para embalagem de café e produtos semelhantes, do tipo utilizado em máquin...;;sem-ipi-na-fonte
76129090;Outros;6.50;oca-l10n-brazil/tipi
76130000;Recipientes para gases comprimidos ou liquefeitos, de alumínio.;6.50;oca-l10n-brazil/tipi
76141010;Cordas e cabos;6.50;oca-l10n-brazil/tipi
76141090;Outros;6.50;oca-l10n-brazil/tipi
76149010;Cabos;6.50;oca-l10n-brazil/tipi
76149090;Outros;6.50;oca-l10n-brazil/tipi
76151000;"Serviços de mesa, artigos de cozinha e outros artigos de uso doméstico, e suas partes; esponjas,...";6.50;oca-l10n-brazil/tipi
76152000;Artigos de higiene ou de toucador, e suas partes;6.50;oca-l10n-brazil/tipi
76161000;Tachas, pregos, escápulas (pregos para tacos), parafusos, pinos ou pernos roscados, porcas, ganch...;6.50;oca-l10n-brazil/tipi
76169100;Telas metálicas, grades e redes, de fios de alumínio;6.50;oca-l10n-brazil/tipi
76169900;Outras;5.00;oca-l10n-brazil/tipi
78011011;Em lingotes;0.00;oca-l10n-brazil/tipi
78011019;Outro;0.00;oca-l10n-brazil/tipi
78011090;Outro;0.00;oca-l10n-brazil/tipi
78019100;Que contenha antimônio como segundo elemento predominante em peso;0.00;oca-l10n-brazil/tipi
78019900;Outro;0.00;oca-l10n-brazil/tipi
78020000;Desperdícios e resíduos, e sucata, de chumbo.;0.00;oca-l10n-brazil/tipi
78041100;Folhas e tiras, de espessura não superior a 0,2 mm (excluindo o suporte);0.00;oca-l10n-brazil/tipi
78041900;Outras;0.00;oca-l10n-brazil/tipi
78042000;Pós e escamas;0.00;oca-l10n-brazil/tipi
78060010;Barras, perfis e fios;0.00;oca-l10n-brazil/tipi
78060020;Tubos e seus acessórios;0.00;oca-l10n-brazil/tipi
78060090;Outras;0.00;oca-l10n-brazil/tipi
79011111;Em lingotes;0.00;oca-l10n-brazil/tipi
79011119;Outro;0.00;oca-l10n-brazil/tipi
79011191;Em lingotes;0.00;oca-l10n-brazil/tipi
79011199;Outro;0.00;oca-l10n-brazil/tipi
79011210;Em lingotes;0.00;oca-l10n-brazil/tipi
79011290;Outro;0.00;oca-l10n-brazil/tipi
79012010;Em lingotes;0.00;oca-l10n-brazil/tipi
79012090;Outro;0.00;oca-l10n-brazil/tipi
79020000;Desperdícios e resíduos, e sucata, de zinco.;0.00;oca-l10n-brazil/tipi
79031000;Poeiras de zinco;0.00;oca-l10n-brazil/tipi
79039000;Outros;0.00;oca-l10n-brazil/tipi
79040000;Barras, perfis e fios, de zinco.;0.00;oca-l10n-brazil/tipi
79050000;Chapas, folhas e tiras, de zinco.;0.00;oca-l10n-brazil/tipi
79070010;Tubos e seus acessórios;0.00;oca-l10n-brazil/tipi
79070090;Outras;0.00;oca-l10n-brazil/tipi
80011000;Estanho não ligado;0.00;oca-l10n-brazil/tipi
80012000;Ligas de estanho;0.00;oca-l10n-brazil/tipi
80020000;Desperdícios e resíduos, e sucata, de estanho.;0.00;oca-l10n-brazil/tipi
80030000;Barras, perfis e fios, de estanho.;0.00;oca-l10n-brazil/tipi
80070010;Chapas, folhas e tiras;0.00;oca-l10n-brazil/tipi
80070020;Pós e escamas;0.00;oca-l10n-brazil/tipi
80070030;Tubos e seus acessórios;0.00;oca-l10n-brazil/tipi
80070090;Outras;0.00;oca-l10n-brazil/tipi
81011000;Pós;0.00;oca-l10n-brazil/tipi
81019400;Tungstênio (volfrâmio) em formas brutas, incluindo as barras simplesmente obtidas por sinterização;0.00;oca-l10n-brazil/tipi
81019600;Fios;0.00;oca-l10n-brazil/tipi
81019700;Desperdícios e resíduos, e sucata;0.00;oca-l10n-brazil/tipi
81019910;Do tipo utilizado na fabricação de contatos elétricos;0.00;oca-l10n-brazil/tipi
81019990;Outros;0.00;oca-l10n-brazil/tipi
81021000;Pós;0.00;oca-l10n-brazil/tipi
81029400;Molibdênio em formas brutas, incluindo as barras simplesmente obtidas por sinterização;0.00;oca-l10n-brazil/tipi
81029500;Barras, exceto as simplesmente obtidas por sinterização, perfis, chapas, tiras e folhas;0.00;oca-l10n-brazil/tipi
81029600;Fios;0.00;oca-l10n-brazil/tipi
81029700;Desperdícios e resíduos, e sucata;0.00;oca-l10n-brazil/tipi
81029900;Outros;0.00;oca-l10n-brazil/tipi
81032000;"Tântalo em formas brutas, incluindo as barras simplesmente obtidas por sinterização; pós";0.00;oca-l10n-brazil/tipi
81033000;Desperdícios e resíduos, e sucata;0.00;oca-l10n-brazil/tipi
81039100;Cadinhos;0.00;oca-l10n-brazil/tipi
81039900;Outros;0.00;oca-l10n-brazil/tipi
81041100;Que contenha pelo menos 99,8 %, em peso, de magnésio;0.00;oca-l10n-brazil/tipi
81041900;Outro;0.00;oca-l10n-brazil/tipi
81042000;Desperdícios e resíduos, e sucata;0.00;oca-l10n-brazil/tipi
81043000;"Aparas, resíduos de torno e grânulos, calibrados; pós";2.60;oca-l10n-brazil/tipi
81049000;Outros;2.60;oca-l10n-brazil/tipi
81052010;Em formas brutas;0.00;oca-l10n-brazil/tipi
81052021;De ligas à base de cobalto-cromo-tungstênio (volfrâmio) (estelites);0.00;oca-l10n-brazil/tipi
81052029;Outros;0.00;oca-l10n-brazil/tipi
81052090;Outros;0.00;oca-l10n-brazil/tipi
81053000;Desperdícios e resíduos, e sucata;0.00;oca-l10n-brazil/tipi
81059010;Chapas, folhas, tiras, fios, hastes, pastilhas e plaquetas;0.00;oca-l10n-brazil/tipi
81059090;Outros;0.00;oca-l10n-brazil/tipi
81061000;Que contenham mais de 99,99 %, em peso, de bismuto;0.00;oca-l10n-brazil/tipi
81069000;Outros;0.00;oca-l10n-brazil/tipi
81082000;"Titânio em formas brutas; pós";0.00;oca-l10n-brazil/tipi
81083000;Desperdícios e resíduos, e sucata;0.00;oca-l10n-brazil/tipi
81089000;Outros;0.00;oca-l10n-brazil/tipi
81092100;Que contenham menos de uma parte de háfnio para 500 partes, em peso, de zircônio;0.00;oca-l10n-brazil/tipi
81092900;Outros;0.00;oca-l10n-brazil/tipi
81093100;Que contenham menos de uma parte de háfnio para 500 partes, em peso, de zircônio;0.00;oca-l10n-brazil/tipi
81093900;Outros;0.00;oca-l10n-brazil/tipi
81099100;Que contenham menos de uma parte de háfnio para 500 partes, em peso, de zircônio;0.00;oca-l10n-brazil/tipi
81099900;Outros;0.00;oca-l10n-brazil/tipi
81101010;Em formas brutas;0.00;oca-l10n-brazil/tipi
81101020;Pós;0.00;oca-l10n-brazil/tipi
81102000;Desperdícios e resíduos, e sucata;0.00;oca-l10n-brazil/tipi
81109000;Outros;0.00;oca-l10n-brazil/tipi
81110010;Em formas brutas;0.00;oca-l10n-brazil/tipi
81110020;Chapas, folhas, tiras, fios, hastes, pastilhas e plaquetas;0.00;oca-l10n-brazil/tipi
81110090;Outros;0.00;oca-l10n-brazil/tipi
81121200;"Em formas brutas; pós";0.00;oca-l10n-brazil/tipi
81121300;Desperdícios e resíduos, e sucata;0.00;oca-l10n-brazil/tipi
81121900;Outros;0.00;oca-l10n-brazil/tipi
81122110;Em formas brutas;0.00;oca-l10n-brazil/tipi
81122120;Pós;0.00;oca-l10n-brazil/tipi
81122200;Desperdícios e resíduos, e sucata;0.00;oca-l10n-brazil/tipi
81122900;Outros;0.00;oca-l10n-brazil/tipi
81123100;"Em formas brutas; desperdícios e resíduos, e sucata; pós";0.00;oca-l10n-brazil/tipi
81123900;Outros;0.00;oca-l10n-brazil/tipi
81124100;"Em formas brutas; desperdícios e resíduos, e sucata; pós";0.00;oca-l10n-brazil/tipi
81124900;Outros;0.00;oca-l10n-brazil/tipi
81125100;"Em formas brutas; pós";0.00;oca-l10n-brazil/tipi
81125200;Desperdícios e resíduos, e sucata;0.00;oca-l10n-brazil/tipi
81125900;Outros;0.00;oca-l10n-brazil/tipi
81126100;Desperdícios e resíduos, e sucata;0.00;oca-l10n-brazil/tipi
81126900;Outros;0.00;oca-l10n-brazil/tipi
81129200;"Em formas brutas; desperdícios e resíduos, e sucata; pós";0.00;oca-l10n-brazil/tipi
81129900;Outros;0.00;oca-l10n-brazil/tipi
81130010;Chapas, folhas, tiras, fios, hastes, pastilhas e plaquetas;0.00;oca-l10n-brazil/tipi
81130090;Outros;0.00;oca-l10n-brazil/tipi
82011000;Pás;0.00;oca-l10n-brazil/tipi
82013000;Alviões, picaretas, enxadas, sachos, ancinhos e raspadeiras;0.00;oca-l10n-brazil/tipi
82014000;Machados, podões e ferramentas semelhantes com gume;0.00;oca-l10n-brazil/tipi
82015000;Tesouras de podar (incluindo as tesouras para aves) manipuladas com uma das mãos;0.00;oca-l10n-brazil/tipi
82016000;Tesouras para sebes, tesouras de podar e ferramentas semelhantes, manipuladas com as duas mãos;0.00;oca-l10n-brazil/tipi
82019000;Outras ferramentas manuais para agricultura, horticultura e silvicultura;0.00;oca-l10n-brazil/tipi
82021000;Serras manuais;5.20;oca-l10n-brazil/tipi
82022000;Folhas de serras de fita;5.20;oca-l10n-brazil/tipi
82023100;Com parte operante de aço;5.20;oca-l10n-brazil/tipi
82023900;Outras, incluindo as partes;5.20;oca-l10n-brazil/tipi
82024000;Correntes cortantes de serras;5.20;oca-l10n-brazil/tipi
82029100;Folhas de serras retilíneas, para trabalhar metais;5.20;oca-l10n-brazil/tipi
82029910;Retas, não dentadas, para serrar pedras;5.20;oca-l10n-brazil/tipi
82029990;Outras;5.20;oca-l10n-brazil/tipi
82031010;Limas e grosas;5.20;oca-l10n-brazil/tipi
82031090;Outras;5.20;oca-l10n-brazil/tipi
82032010;Alicates (mesmo cortantes);5.20;oca-l10n-brazil/tipi
82032090;Outras;5.20;oca-l10n-brazil/tipi
82033000;Cisalhas para metais e ferramentas semelhantes;5.20;oca-l10n-brazil/tipi
82034000;Corta-tubos, corta-pinos, saca-bocados e ferramentas semelhantes;5.20;oca-l10n-brazil/tipi
82041100;De abertura fixa;5.20;oca-l10n-brazil/tipi
82041200;De abertura variável;5.20;oca-l10n-brazil/tipi
82042000;Chaves de caixa intercambiáveis, mesmo com cabos;5.20;oca-l10n-brazil/tipi
82051000;Ferramentas de furar ou de roscar;5.20;oca-l10n-brazil/tipi
82052000;Martelos e marretas;5.20;oca-l10n-brazil/tipi
82053000;Plainas, formões, goivas e ferramentas cortantes semelhantes, para trabalhar madeira;5.20;oca-l10n-brazil/tipi
82054000;Chaves de fenda;5.20;oca-l10n-brazil/tipi
82055100;De uso doméstico;5.20;oca-l10n-brazil/tipi
82055900;Outras;5.20;oca-l10n-brazil/tipi
82056000;Lâmpadas ou lamparinas de soldar (maçaricos) e semelhantes;5.20;oca-l10n-brazil/tipi
82057000;Tornos de apertar, sargentos e semelhantes;5.20;oca-l10n-brazil/tipi
82059000;Outros, incluindo os sortidos constituídos por artigos incluídos em pelo menos duas das subposiçõ...;5.20;oca-l10n-brazil/tipi
82060000;Ferramentas de pelo menos duas das posições 82.02 a 82.05, acondicionadas em sortidos para venda...;5.20;oca-l10n-brazil/tipi
82071300;Com parte operante de cermets;5.20;oca-l10n-brazil/tipi
82071910;Brocas (drill bits);5.20;oca-l10n-brazil/tipi
82071990;Outras;5.20;oca-l10n-brazil/tipi
82072000;Fieiras de estiramento ou de extrusão, para metais;5.20;oca-l10n-brazil/tipi
82073000;Ferramentas de embutir, de estampar ou de puncionar;0.00;oca-l10n-brazil/tipi
82074010;De roscar interiormente;5.20;oca-l10n-brazil/tipi
82074020;De roscar exteriormente;5.20;oca-l10n-brazil/tipi
82075011;Helicoidais, de diâmetro inferior ou igual a 52 mm;5.20;oca-l10n-brazil/tipi
82075019;Outras;5.20;oca-l10n-brazil/tipi
82075090;Outras;5.20;oca-l10n-brazil/tipi
82076000;Ferramentas de escarear, mandrilar ou de brochar;5.20;oca-l10n-brazil/tipi
82077010;De topo;5.20;oca-l10n-brazil/tipi
82077020;Para cortar engrenagens;5.20;oca-l10n-brazil/tipi
82077090;Outras;5.20;oca-l10n-brazil/tipi
82078000;Ferramentas de tornear;5.20;oca-l10n-brazil/tipi
82079000;Outras ferramentas intercambiáveis;5.20;oca-l10n-brazil/tipi
82081000;Para trabalhar metais;5.20;oca-l10n-brazil/tipi
82082000;Para trabalhar madeira;5.20;oca-l10n-brazil/tipi
82083000;Para aparelhos de cozinha ou para máquinas das indústrias alimentares;5.20;oca-l10n-brazil/tipi
82084000;Para máquinas de agricultura, horticultura ou silvicultura;2.60;oca-l10n-brazil/tipi
82089000;Outras;5.20;oca-l10n-brazil/tipi
82090011;Intercambiáveis;5.20;oca-l10n-brazil/tipi
82090019;Outras;5.20;oca-l10n-brazil/tipi
82090090;Outros;5.20;oca-l10n-brazil/tipi
82100010;Moinhos;6.50;oca-l10n-brazil/tipi
82100090;Outros;6.50;oca-l10n-brazil/tipi
82111000;Sortidos;7.80;oca-l10n-brazil/tipi
82119100;Facas de mesa, de lâmina fixa;7.80;oca-l10n-brazil/tipi
82119210;Para cozinha e açougue;7.80;oca-l10n-brazil/tipi
82119220;Para caça;7.80;oca-l10n-brazil/tipi
82119290;Outras;7.80;oca-l10n-brazil/tipi
82119310;Podadeiras e suas partes;7.80;oca-l10n-brazil/tipi
82119320;Canivetes com uma ou várias lâminas ou outras peças;7.80;oca-l10n-brazil/tipi
82119390;Outras;7.80;oca-l10n-brazil/tipi
82119400;Lâminas;6.50;oca-l10n-brazil/tipi
82119500;Cabos de metais comuns;6.50;oca-l10n-brazil/tipi
82121010;Navalhas;7.80;oca-l10n-brazil/tipi
82121020;Aparelhos;15.00;oca-l10n-brazil/tipi
82122010;Lâminas;12.00;oca-l10n-brazil/tipi
82122020;Esboços em tiras;7.80;oca-l10n-brazil/tipi
82129000;Outras partes;7.80;oca-l10n-brazil/tipi
82130000;Tesouras e suas lâminas.;7.80;oca-l10n-brazil/tipi
82141000;Espátulas (corta-papéis), abre-cartas, raspadeiras, apontadores de lápis (apara-lápis) e suas lâm...;6.50;oca-l10n-brazil/tipi
82142000;Utensílios e sortidos de utensílios de manicuros ou de pedicuros (incluindo as limas para unhas);6.50;oca-l10n-brazil/tipi
82149010;Máquinas de tosquiar e suas partes;6.50;oca-l10n-brazil/tipi
82149090;Outros;6.50;oca-l10n-brazil/tipi
82151000;Sortidos que contenham pelo menos um objeto prateado, dourado ou platinado;6.50;oca-l10n-brazil/tipi
82152000;Outros sortidos;6.50;oca-l10n-brazil/tipi
82159100;Prateados, dourados ou platinados;6.50;oca-l10n-brazil/tipi
82159910;De aço inoxidável;6.50;oca-l10n-brazil/tipi
82159990;Outros;6.50;oca-l10n-brazil/tipi
83011000;Cadeados;0.00;oca-l10n-brazil/tipi
83012000;Fechaduras do tipo utilizado em veículos automóveis;6.50;oca-l10n-brazil/tipi
83013000;Fechaduras do tipo utilizado em móveis;6.50;oca-l10n-brazil/tipi
83014000;"Outras fechaduras; ferrolhos";0.00;oca-l10n-brazil/tipi
83015000;Fechos e armações com fecho, com fechadura;6.50;oca-l10n-brazil/tipi
83016000;Partes;0.00;oca-l10n-brazil/tipi
83017000;Chaves apresentadas isoladamente;0.00;oca-l10n-brazil/tipi
83021000;Dobradiças de qualquer espécie (incluindo os gonzos e as charneiras);0.00;oca-l10n-brazil/tipi
83022000;Rodízios;6.50;oca-l10n-brazil/tipi
83023000;Outras guarnições, ferragens e artigos semelhantes, para veículos automóveis;6.50;oca-l10n-brazil/tipi
83024100;Para construções;3.25;oca-l10n-brazil/tipi
83024200;Outros, para móveis;6.50;oca-l10n-brazil/tipi
83024900;Outros;6.50;oca-l10n-brazil/tipi
83025000;Pateras, porta-chapéus, cabides e artigos semelhantes;6.50;oca-l10n-brazil/tipi
83026000;Fechos automáticos para portas;6.50;oca-l10n-brazil/tipi
83030000;Cofres-fortes, portas blindadas e compartimentos para casas-fortes, cofres e caixas de segurança...;9.75;oca-l10n-brazil/tipi
83040000;Classificadores, fichários (ficheiros), caixas de classificação, porta-cópias, porta-canetas, por...;6.50;oca-l10n-brazil/tipi
83051000;Ferragens para encadernação de folhas soltas ou para classificadores;6.50;oca-l10n-brazil/tipi
83052000;Grampos (Agrafos*) apresentados em barretas;6.50;oca-l10n-brazil/tipi
83059000;Outros, incluindo as partes;6.50;oca-l10n-brazil/tipi
83061000;Sinos, campainhas, gongos e artigos semelhantes;0.00;oca-l10n-brazil/tipi
83062100;Prateados, dourados ou platinados;9.75;oca-l10n-brazil/tipi
83062900;Outros;9.75;oca-l10n-brazil/tipi
83063000;"Molduras para fotografias, gravuras ou semelhantes; espelhos";7.80;oca-l10n-brazil/tipi
83071010;Do tipo utilizado na exploração submarina de petróleo ou gás, constituídos por camadas flexíveis...;3.25;oca-l10n-brazil/tipi
83071090;Outros;3.25;oca-l10n-brazil/tipi
83079000;De outros metais comuns;3.25;oca-l10n-brazil/tipi
83081000;Grampos, colchetes e ilhoses;0.00;oca-l10n-brazil/tipi
83082000;Rebites tubulares ou de haste fendida;6.50;oca-l10n-brazil/tipi
83089010;Fivelas;0.00;oca-l10n-brazil/tipi
83089020;Contas e lantejoulas;7.80;oca-l10n-brazil/tipi
83089090;Outros;0.00;oca-l10n-brazil/tipi
83091000;Cápsulas de coroa;0.00;oca-l10n-brazil/tipi
83099000;Outros;0.00;oca-l10n-brazil/tipi
83100000;Placas indicadoras, placas sinalizadoras, placas-endereços e placas semelhantes, números, letras...;9.75;oca-l10n-brazil/tipi
83111000;Eletrodos revestidos exteriormente para soldar a arco, de metais comuns;6.50;oca-l10n-brazil/tipi
83112000;Fios revestidos interiormente para soldar a arco, de metais comuns;6.50;oca-l10n-brazil/tipi
83113000;Varetas revestidas exteriormente e fios revestidos interiormente, para soldar à chama, de metais...;6.50;oca-l10n-brazil/tipi
83119000;Outros;6.50;oca-l10n-brazil/tipi
84011000;Reatores nucleares;0.00;oca-l10n-brazil/tipi
84012000;Máquinas e aparelhos para a separação de isótopos, e suas partes;0.00;oca-l10n-brazil/tipi
84013000;Elementos combustíveis (cartuchos) não irradiados;0.00;oca-l10n-brazil/tipi
84014000;Partes de reatores nucleares;0.00;oca-l10n-brazil/tipi
84021100;Caldeiras aquatubulares com produção de vapor superior a 45 t por hora;0.00;oca-l10n-brazil/tipi
84021200;Caldeiras aquatubulares com produção de vapor não superior a 45 t por hora;0.00;oca-l10n-brazil/tipi
84021900;Outras caldeiras para produção de vapor, incluindo as caldeiras mistas;0.00;oca-l10n-brazil/tipi
84022000;"Caldeiras denominadas ""de água superaquecida""";0.00;oca-l10n-brazil/tipi
84029000;Partes;0.00;oca-l10n-brazil/tipi
84031010;Com capacidade inferior ou igual a 200.000 kcal/hora;0.00;oca-l10n-brazil/tipi
84031090;Outras;0.00;oca-l10n-brazil/tipi
84039000;Partes;3.25;oca-l10n-brazil/tipi
84041010;Da posição 84.02;0.00;oca-l10n-brazil/tipi
84041020;Da posição 84.03;0.00;oca-l10n-brazil/tipi
84042000;Condensadores para máquinas a vapor;0.00;oca-l10n-brazil/tipi
84049010;De aparelhos auxiliares para caldeiras da posição 84.02;3.25;oca-l10n-brazil/tipi
84049090;Outras;3.25;oca-l10n-brazil/tipi
84051000;"Geradores de gás de ar (gás pobre) ou de gás de água, mesmo com depuradores; geradores de acetile...";0.00;oca-l10n-brazil/tipi
84059000;Partes;3.25;oca-l10n-brazil/tipi
84061000;Turbinas para propulsão de embarcações;3.25;oca-l10n-brazil/tipi
84068100;De potência superior a 40 MW;0.00;oca-l10n-brazil/tipi
84068200;De potência não superior a 40 MW;0.00;oca-l10n-brazil/tipi
84069011;De turbinas a reação, de múltiplos estágios;3.25;oca-l10n-brazil/tipi
84069019;Outras;3.25;oca-l10n-brazil/tipi
84069021;Fixas (de estator);3.25;oca-l10n-brazil/tipi
84069029;Outras;3.25;oca-l10n-brazil/tipi
84069090;Outras;0.00;oca-l10n-brazil/tipi
84071000;Motores para aviação;3.25;oca-l10n-brazil/tipi
84072110;Monocilíndricos;3.25;oca-l10n-brazil/tipi
84072190;Outros;5.00;oca-l10n-brazil/tipi
84072910;Monocilíndricos;3.25;oca-l10n-brazil/tipi
84072990;Outros;3.25;oca-l10n-brazil/tipi
84073110;Monocilíndricos;3.25;oca-l10n-brazil/tipi
84073190;Outros;3.25;oca-l10n-brazil/tipi
84073200;De cilindrada superior a 50 cm3, mas não superior a 250 cm3;3.25;oca-l10n-brazil/tipi
84073310;Monocilíndricos;3.25;oca-l10n-brazil/tipi
84073390;Outros;3.25;oca-l10n-brazil/tipi
84073410;Monocilíndricos;3.25;oca-l10n-brazil/tipi
84073490;Outros;3.25;oca-l10n-brazil/tipi
84079000;Outros motores;0.00;oca-l10n-brazil/tipi
84081010;Do tipo fora de borda;3.25;oca-l10n-brazil/tipi
84081090;Outros;3.25;oca-l10n-brazil/tipi
84082010;De cilindrada inferior ou igual a 1.500 cm3;3.25;oca-l10n-brazil/tipi
84082020;De cilindrada superior a 1.500 cm3, mas não superior a 2.500 cm3;2.60;oca-l10n-brazil/tipi
84082030;De cilindrada superior a 2.500 cm3, mas não superior a 3.500 cm3;2.60;oca-l10n-brazil/tipi
84082090;Outros;2.60;oca-l10n-brazil/tipi
84089010;Estacionários, de potência normal ISO superior a 497,5 kW (663 HP), segundo Norma ISO 3046/1;0.00;oca-l10n-brazil/tipi
84089090;Outros;0.00;oca-l10n-brazil/tipi
84091000;De motores para aviação;3.25;oca-l10n-brazil/tipi
84099111;Bielas;3.25;oca-l10n-brazil/tipi
84099112;Blocos de cilindros, cabeçotes e cárteres;3.25;oca-l10n-brazil/tipi
84099113;Carburadores, com bomba e dispositivo de compensação de nível de combustível incorporados, ambos...;3.25;oca-l10n-brazil/tipi
84099114;Válvulas de admissão ou de escape;3.25;oca-l10n-brazil/tipi
84099115;Coletores de admissão ou de escape;3.25;oca-l10n-brazil/tipi
84099116;Anéis de segmento;3.25;oca-l10n-brazil/tipi
84099117;Guias de válvulas;3.25;oca-l10n-brazil/tipi
84099118;Outros carburadores;3.25;oca-l10n-brazil/tipi
84099120;Pistões ou êmbolos;3.25;oca-l10n-brazil/tipi
84099130;Camisas de cilindro;3.25;oca-l10n-brazil/tipi
84099140;Sistema de injeção eletrônica;9.75;oca-l10n-brazil/tipi
84099190;Outras;3.25;oca-l10n-brazil/tipi
84099912;Blocos de cilindros e cárteres;2.60;oca-l10n-brazil/tipi
84099914;Válvulas de admissão ou de escape;3.25;oca-l10n-brazil/tipi
84099915;Coletores de admissão ou de escape;3.25;oca-l10n-brazil/tipi
84099917;Guias de válvulas;3.25;oca-l10n-brazil/tipi
84099921;De diâmetro igual ou superior a 200 mm;3.25;oca-l10n-brazil/tipi
84099929;Outros;3.25;oca-l10n-brazil/tipi
84099930;Camisas de cilindro;3.25;oca-l10n-brazil/tipi
84099941;De peso igual ou superior a 30 kg;2.60;oca-l10n-brazil/tipi
84099949;Outras;2.60;oca-l10n-brazil/tipi
84099951;De diâmetro igual ou superior a 200 mm;2.60;oca-l10n-brazil/tipi
84099959;Outros;2.60;oca-l10n-brazil/tipi
84099961;De diâmetro igual ou superior a 20 mm;3.25;oca-l10n-brazil/tipi
84099969;Outros;3.25;oca-l10n-brazil/tipi
84099971;De diâmetro igual ou superior a 200 mm;3.25;oca-l10n-brazil/tipi
84099979;Outros;3.25;oca-l10n-brazil/tipi
84099991;Camisas de cilindro soldadas a cabeçotes, de diâmetro igual ou superior a 200 mm;3.25;oca-l10n-brazil/tipi
84099999;Outras;2.60;oca-l10n-brazil/tipi
84101100;De potência não superior a 1.000 kW;0.00;oca-l10n-brazil/tipi
84101200;De potência superior a 1.000 kW, mas não superior a 10.000 kW;0.00;oca-l10n-brazil/tipi
84101300;De potência superior a 10.000 kW;0.00;oca-l10n-brazil/tipi
84109000;Partes, incluindo os reguladores;0.00;oca-l10n-brazil/tipi
84111100;De empuxo (impulso*) não superior a 25 kN;3.25;oca-l10n-brazil/tipi
84111200;De empuxo (impulso*) superior a 25 kN;3.25;oca-l10n-brazil/tipi
84112100;De potência não superior a 1.100 kW;3.25;oca-l10n-brazil/tipi
84112200;De potência superior a 1.100 kW;3.25;oca-l10n-brazil/tipi
84118100;De potência não superior a 5.000 kW;0.00;oca-l10n-brazil/tipi
84118200;De potência superior a 5.000 kW;3.25;oca-l10n-brazil/tipi
84119100;De turborreatores ou de turbopropulsores;3.25;oca-l10n-brazil/tipi
84119900;Outras;3.25;oca-l10n-brazil/tipi
84121000;Propulsores a reação, excluindo os turborreatores;0.00;oca-l10n-brazil/tipi
84122110;Cilindros hidráulicos;0.00;oca-l10n-brazil/tipi
84122190;Outros;0.00;oca-l10n-brazil/tipi
84122900;Outros;0.00;oca-l10n-brazil/tipi
84123110;Cilindros pneumáticos;0.00;oca-l10n-brazil/tipi
84123190;Outros;0.00;oca-l10n-brazil/tipi
84123900;Outros;0.00;oca-l10n-brazil/tipi
84128000;Outros;0.00;oca-l10n-brazil/tipi
84129010;De propulsores a reação;0.00;oca-l10n-brazil/tipi
84129080;De máquinas das subposições 8412.21 ou 8412.31;0.00;oca-l10n-brazil/tipi
84129090;Outras;0.00;oca-l10n-brazil/tipi
84131100;Bombas para distribuição de combustíveis ou lubrificantes, do tipo utilizado em postos (estações)...;3.25;oca-l10n-brazil/tipi
84131900;Outras;3.25;oca-l10n-brazil/tipi
84132000;Bombas manuais, exceto das subposições 8413.11 ou 8413.19;3.25;oca-l10n-brazil/tipi
84133010;Para gasolina ou álcool;3.25;oca-l10n-brazil/tipi
84133020;Injetoras de combustível para motor de ignição por compressão;2.60;oca-l10n-brazil/tipi
84133030;Para óleo lubrificante;3.25;oca-l10n-brazil/tipi
84133090;Outras;3.25;oca-l10n-brazil/tipi
84134000;Bombas para concreto (betão);0.00;oca-l10n-brazil/tipi
84135010;De potência superior a 3,73 kW (5 HP), mas não superior a 447,42 kW (600 HP), excluídas as para o...;0.00;oca-l10n-brazil/tipi
84135090;Outras;0.00;oca-l10n-brazil/tipi
84136011;De engrenagem;0.00;oca-l10n-brazil/tipi
84136019;Outras;0.00;oca-l10n-brazil/tipi
84136090;Outras;0.00;oca-l10n-brazil/tipi
84137010;Eletrobombas submersíveis;3.25;oca-l10n-brazil/tipi
84137080;Outras, de vazão inferior ou igual a 300 l/min;3.25;oca-l10n-brazil/tipi
84137090;Outras;0.00;oca-l10n-brazil/tipi
84138100;Bombas;0.00;oca-l10n-brazil/tipi
84138200;Elevadores de líquidos;0.00;oca-l10n-brazil/tipi
84139110;Hastes de bombeamento, do tipo utilizado para extração de petróleo;0.00;oca-l10n-brazil/tipi
84139190;Outras;2.60;oca-l10n-brazil/tipi
84139200;De elevadores de líquidos;0.00;oca-l10n-brazil/tipi
84141000;Bombas de vácuo;0.00;oca-l10n-brazil/tipi
84142000;Bombas de ar, de mão ou de pé;3.25;oca-l10n-brazil/tipi
84143011;Com capacidade inferior a 4.700 frigorias/hora;3.25;oca-l10n-brazil/tipi
84143019;Outros;0.00;oca-l10n-brazil/tipi
84143091;Com capacidade inferior ou igual a 16.000 frigorias/hora;3.25;oca-l10n-brazil/tipi
84143099;Outros;0.00;oca-l10n-brazil/tipi
84144010;De deslocamento alternativo;0.00;oca-l10n-brazil/tipi
84144020;De parafuso;0.00;oca-l10n-brazil/tipi
84144090;Outros;0.00;oca-l10n-brazil/tipi
84145110;De mesa;9.75;oca-l10n-brazil/tipi
84145120;De teto;9.75;oca-l10n-brazil/tipi
84145190;Outros;9.75;oca-l10n-brazil/tipi
84145910;Microventiladores com área de carcaça inferior a 90 cm2;3.25;oca-l10n-brazil/tipi
84145990;Outros;0.00;oca-l10n-brazil/tipi
84146000;Coifas aspirantes (exaustores) com dimensão horizontal máxima não superior a 120 cm;9.75;oca-l10n-brazil/tipi
84147000;Cabinas (câmaras) de segurança biológica estanques aos gases;0.00;oca-l10n-brazil/tipi
84148011;Estacionários, de pistão;0.00;oca-l10n-brazil/tipi
84148012;De parafuso;0.00;oca-l10n-brazil/tipi
84148013;De lóbulos paralelos (tipo Roots);0.00;oca-l10n-brazil/tipi
84148019;Outros;0.00;oca-l10n-brazil/tipi
84148021;Turboalimentadores de ar, de peso inferior ou igual a 50 kg para motores das posições 84.07 ou 84...;3.25;oca-l10n-brazil/tipi
84148022;Turboalimentadores de ar, de peso superior a 50 kg para motores das posições 84.07 ou 84.08, acio...;3.25;oca-l10n-brazil/tipi
84148029;Outros;0.00;oca-l10n-brazil/tipi
84148031;De pistão;0.00;oca-l10n-brazil/tipi
84148032;De parafuso;0.00;oca-l10n-brazil/tipi
84148033;Centrífugos, de vazão máxima inferior a 22.000 m3/h;0.00;oca-l10n-brazil/tipi
84148038;Outros compressores centrífugos;0.00;oca-l10n-brazil/tipi
84148039;Outros;0.00;oca-l10n-brazil/tipi
84148090;Outros;0.00;oca-l10n-brazil/tipi
84149010;De bombas;3.25;oca-l10n-brazil/tipi
84149020;De ventiladores ou coifas aspirantes;3.25;oca-l10n-brazil/tipi
84149031;Pistões ou êmbolos;3.25;oca-l10n-brazil/tipi
84149032;Anéis de segmento;3.25;oca-l10n-brazil/tipi
84149033;Blocos de cilindros, cabeçotes e cárteres;3.25;oca-l10n-brazil/tipi
84149034;Válvulas;3.25;oca-l10n-brazil/tipi
84149039;Outras;0.00;oca-l10n-brazil/tipi
84149040;De cabinas (câmaras) de segurança;3.25;oca-l10n-brazil/tipi
84151011;Do tipo split-system (sistema com elementos separados);35.00;oca-l10n-brazil/tipi
84151019;Outros;20.00;oca-l10n-brazil/tipi
84151090;Outros;20.00;oca-l10n-brazil/tipi
84152010;Com capacidade inferior ou igual a 30.000 frigorias/hora;13.00;oca-l10n-brazil/tipi
84152090;Outros;13.00;oca-l10n-brazil/tipi
84158110;Com capacidade inferior ou igual a 30.000 frigorias/hora;13.00;oca-l10n-brazil/tipi
84158190;Outros;0.00;oca-l10n-brazil/tipi
84158210;Com capacidade inferior ou igual a 30.000 frigorias/hora;13.00;oca-l10n-brazil/tipi
84158290;Outros;0.00;oca-l10n-brazil/tipi
84158300;Sem dispositivo de refrigeração;13.00;oca-l10n-brazil/tipi
84159010;Unidades evaporadoras (internas) de aparelho de ar-condicionado do tipo split-system (sistema com...;35.00;oca-l10n-brazil/tipi
84159020;Unidades condensadoras (externas) de aparelho de ar-condicionado do tipo split-system (sistema co...;35.00;oca-l10n-brazil/tipi
84159090;Outras;20.00;oca-l10n-brazil/tipi
84161000;Queimadores de combustíveis líquidos;0.00;oca-l10n-brazil/tipi
84162010;De gases;0.00;oca-l10n-brazil/tipi
84162090;Outros;0.00;oca-l10n-brazil/tipi
84163000;Fornalhas automáticas, incluindo as antefornalhas, grelhas mecânicas, descarregadores mecânicos d...;0.00;oca-l10n-brazil/tipi
84169000;Partes;3.25;oca-l10n-brazil/tipi
84171010;Fornos industriais para fusão de metais;0.00;oca-l10n-brazil/tipi
84171020;Fornos industriais para tratamento térmico de metais;0.00;oca-l10n-brazil/tipi
84171090;Outros;0.00;oca-l10n-brazil/tipi
84172000;Fornos de padaria, pastelaria ou para a indústria de bolachas e biscoitos;0.00;oca-l10n-brazil/tipi
84178010;Fornos industriais para cerâmica;0.00;oca-l10n-brazil/tipi
84178020;Fornos industriais para fusão de vidro;0.00;oca-l10n-brazil/tipi
84178090;Outros;0.00;oca-l10n-brazil/tipi
84179000;Partes;0.00;oca-l10n-brazil/tipi
84181000;Combinações de refrigeradores e congeladores (freezers), munidos de portas ou gavetas exteriores...;0.00;oca-l10n-brazil/tipi
84182100;De compressão;9.75;oca-l10n-brazil/tipi
84182900;Outros;9.75;oca-l10n-brazil/tipi
84183000;Congeladores (freezers) horizontais (arcas), de capacidade não superior a 800 l;9.75;oca-l10n-brazil/tipi
84184000;Congeladores (freezers) verticais, de capacidade não superior a 900 l;9.75;oca-l10n-brazil/tipi
84185010;Congeladores (freezers);0.00;oca-l10n-brazil/tipi
84185090;Outros;0.00;oca-l10n-brazil/tipi
84186100;Bombas de calor, exceto as máquinas e aparelhos de ar-condicionado da posição 84.15;0.00;oca-l10n-brazil/tipi
84186910;Máquinas não domésticas para preparação de sorvetes;0.00;oca-l10n-brazil/tipi
84186920;Resfriadores de leite;0.00;oca-l10n-brazil/tipi
84186931;De água ou sucos;6.50;oca-l10n-brazil/tipi
84186932;De bebidas carbonatadas;0.00;oca-l10n-brazil/tipi
84186940;Grupos frigoríficos de compressão com capacidade inferior ou igual a 30.000 frigorias/hora;13.00;oca-l10n-brazil/tipi
84186991;Resfriadores de água, de absorção por brometo de lítio;3.25;oca-l10n-brazil/tipi
84186999;Outros;0.00;oca-l10n-brazil/tipi
84189100;Móveis concebidos para receber um equipamento para a produção de frio;9.75;oca-l10n-brazil/tipi
84189900;Outras;3.25;oca-l10n-brazil/tipi
84191100;De aquecimento instantâneo, a gás;6.50;oca-l10n-brazil/tipi
84191200;Aquecedores de água solares;0.00;oca-l10n-brazil/tipi
84191900;Outros;3.25;oca-l10n-brazil/tipi
84192000;Esterilizadores médico-cirúrgicos ou de laboratório;3.25;oca-l10n-brazil/tipi
84193300;Aparelhos de liofilização, aparelhos de criodessecação e secadores por pulverização;0.00;oca-l10n-brazil/tipi
84193400;Outros, para produtos agrícolas;0.00;oca-l10n-brazil/tipi
84193500;Outros, para madeiras, pastas de papel, papel ou cartão;0.00;oca-l10n-brazil/tipi
84193900;Outros;0.00;oca-l10n-brazil/tipi
84194010;De destilação de água;0.00;oca-l10n-brazil/tipi
84194020;De destilação ou retificação de álcoois e outros fluidos voláteis ou de hidrocarbonetos;0.00;oca-l10n-brazil/tipi
84194090;Outros;0.00;oca-l10n-brazil/tipi
84195010;De placas;0.00;oca-l10n-brazil/tipi
84195021;Metálicos;0.00;oca-l10n-brazil/tipi
84195022;De grafita;0.00;oca-l10n-brazil/tipi
84195029;Outros;0.00;oca-l10n-brazil/tipi
84195090;Outros;0.00;oca-l10n-brazil/tipi
84196000;Aparelhos e dispositivos para liquefação do ar ou de outros gases;0.00;oca-l10n-brazil/tipi
84198110;Autoclaves;0.00;oca-l10n-brazil/tipi
84198190;Outros;0.00;oca-l10n-brazil/tipi
84198911;De alimentos, mediante Ultra Alta Temperatura (UHT - Ultra High Temperature) por injeção direta d...;0.00;oca-l10n-brazil/tipi
84198919;Outros;5.20;oca-l10n-brazil/tipi
84198920;Estufas;0.00;oca-l10n-brazil/tipi
84198930;Torrefadores;0.00;oca-l10n-brazil/tipi
84198940;Evaporadores;0.00;oca-l10n-brazil/tipi
84198991;Recipiente refrigerador, com dispositivo de circulação de fluido refrigerante;5.20;oca-l10n-brazil/tipi
84198999;Outros;0.00;oca-l10n-brazil/tipi
84199010;De aquecedores de água das subposições 8419.11 ou 8419.19;3.25;oca-l10n-brazil/tipi
84199020;De colunas de destilação ou de retificação;3.25;oca-l10n-brazil/tipi
84199031;Placa corrugada, de aço inoxidável ou de alumínio, com superfície de troca térmica de área superi...;3.25;oca-l10n-brazil/tipi
84199039;Outras;0.00;oca-l10n-brazil/tipi
84199040;De aparelhos ou dispositivos das subposições 8419.81 ou 8419.89;3.25;oca-l10n-brazil/tipi
84199090;Outras;3.25;oca-l10n-brazil/tipi
84201010;Para papel ou cartão;0.00;oca-l10n-brazil/tipi
84201090;Outros;0.00;oca-l10n-brazil/tipi
84209100;Cilindros;3.25;oca-l10n-brazil/tipi
84209900;Outras;3.25;oca-l10n-brazil/tipi
84211110;Com capacidade de processamento de leite igual ou superior a 30.000 l/h;0.00;oca-l10n-brazil/tipi
84211190;Outras;0.00;oca-l10n-brazil/tipi
84211210;Com tambor de capacidade inferior ou igual a 23 l;13.00;oca-l10n-brazil/tipi
84211290;Outros;13.00;oca-l10n-brazil/tipi
84211910;Centrifugadores para laboratórios de análises, ensaios ou pesquisas científicas;0.00;oca-l10n-brazil/tipi
84211990;Outros;15.60;oca-l10n-brazil/tipi
84212100;Para filtrar ou depurar água;0.00;oca-l10n-brazil/tipi
84212200;Para filtrar ou depurar bebidas, exceto água;0.00;oca-l10n-brazil/tipi
84212300;Para filtrar carburantes ou óleos lubrificantes nos motores de ignição por centelha (faísca) ou p...;2.60;oca-l10n-brazil/tipi
84212911;Capilares;0.00;oca-l10n-brazil/tipi
84212919;Outros;0.00;oca-l10n-brazil/tipi
84212920;Aparelho de osmose inversa;0.00;oca-l10n-brazil/tipi
84212930;Filtros-prensa;0.00;oca-l10n-brazil/tipi
84212990;Outros;0.00;oca-l10n-brazil/tipi
84213100;Filtros de entrada de ar para motores de ignição por centelha (faísca) ou por compressão;5.20;oca-l10n-brazil/tipi
84213200;Conversores catalíticos e filtros de partículas, mesmo combinados, para depurar ou filtrar os gas...;0.00;oca-l10n-brazil/tipi
84213910;Filtros eletrostáticos;0.00;oca-l10n-brazil/tipi
84213930;Concentradores de oxigênio por depuração do ar, com capacidade de saída inferior ou igual a 6 l/min;0.00;oca-l10n-brazil/tipi
84213990;Outros;0.00;oca-l10n-brazil/tipi
84219110;De secadores de roupa do item 8421.12.10;5.20;oca-l10n-brazil/tipi
84219191;Tambores rotativos com pratos ou discos separadores, de peso superior a 300 kg;5.20;oca-l10n-brazil/tipi
84219199;Outras;5.20;oca-l10n-brazil/tipi
84219910;De aparelhos para filtrar ou depurar gases, da subposição 8421.39;5.20;oca-l10n-brazil/tipi
84219920;Do tipo utilizado em linhas de sangue para hemodiálise;5.20;oca-l10n-brazil/tipi
84219991;Cartuchos de membrana de aparelhos de osmose inversa;5.20;oca-l10n-brazil/tipi
84219999;Outras;5.20;oca-l10n-brazil/tipi
84221100;Do tipo doméstico;20.00;oca-l10n-brazil/tipi
84221900;Outras;0.00;oca-l10n-brazil/tipi
84222000;Máquinas e aparelhos para limpar ou secar garrafas ou outros recipientes;0.00;oca-l10n-brazil/tipi
84223010;Máquinas e aparelhos para encher, fechar, arrolhar, capsular ou rotular garrafas;0.00;oca-l10n-brazil/tipi
84223021;Para encher caixas ou sacos com pó ou grãos;0.00;oca-l10n-brazil/tipi
84223022;Para encher e fechar embalagens confeccionadas com papel ou cartão dos subitens 4811.51.22 ou 481...;0.00;oca-l10n-brazil/tipi
84223023;Para encher e fechar recipientes tubulares flexíveis (bisnagas), com capacidade igual ou superior...;0.00;oca-l10n-brazil/tipi
84223029;Outros;0.00;oca-l10n-brazil/tipi
84223030;Para gaseificar bebidas;0.00;oca-l10n-brazil/tipi
84224010;Horizontais, próprias para empacotamento de massas alimentícias longas (comprimento superior a 20...;0.00;oca-l10n-brazil/tipi
84224020;Automática, para embalar tubos ou barras de metal, em atados de peso inferior ou igual a 2.000 kg...;0.00;oca-l10n-brazil/tipi
84224030;De empacotar embalagens confeccionadas com papel ou cartão dos subitens 4811.51.22 ou 4811.59.23...;0.00;oca-l10n-brazil/tipi
84224090;Outros;0.00;oca-l10n-brazil/tipi
84229010;De máquinas de lavar louça, de uso doméstico;20.00;oca-l10n-brazil/tipi
84229090;Outras;3.25;oca-l10n-brazil/tipi
84231000;"Balanças para pessoas, incluindo as balanças para bebês; balanças de uso doméstico";13.00;oca-l10n-brazil/tipi
84232000;Básculas de pesagem contínua em transportadores;0.00;oca-l10n-brazil/tipi
84233011;Com aparelhos periféricos, que constituam unidade funcional;0.00;oca-l10n-brazil/tipi
84233019;Outras;0.00;oca-l10n-brazil/tipi
84233090;Outras;0.00;oca-l10n-brazil/tipi
84238110;De mesa, com dispositivo registrador ou impressor de etiquetas;3.25;oca-l10n-brazil/tipi
84238190;Outros;3.25;oca-l10n-brazil/tipi
84238200;De capacidade superior a 30 kg, mas não superior a 5.000 kg;0.00;oca-l10n-brazil/tipi
84238900;Outros;0.00;oca-l10n-brazil/tipi
84239010;Pesos;6.50;oca-l10n-brazil/tipi
84239021;De aparelhos ou instrumentos da subposição 8423.10;6.50;oca-l10n-brazil/tipi
84239029;Outras;6.50;oca-l10n-brazil/tipi
84241000;Extintores, mesmo carregados;5.20;oca-l10n-brazil/tipi
84242000;Pistolas aerográficas e aparelhos semelhantes;3.25;oca-l10n-brazil/tipi
84243010;Máquinas e aparelhos de desobstrução de tubulação ou de limpeza, por jato de água;0.00;oca-l10n-brazil/tipi
84243020;De jato de areia própria para desgaste localizado de peças de vestuário;0.00;oca-l10n-brazil/tipi
84243030;Perfuradoras por jato de água com pressão de trabalho máxima igual ou superior a 10 MPa;0.00;oca-l10n-brazil/tipi
84243090;Outros;0.00;oca-l10n-brazil/tipi
84244100;Pulverizadores portáteis;0.00;oca-l10n-brazil/tipi
84244900;Outros;0.00;oca-l10n-brazil/tipi
84248221;Por aspersão;0.00;oca-l10n-brazil/tipi
84248229;Outros;0.00;oca-l10n-brazil/tipi
84248290;Outros;0.00;oca-l10n-brazil/tipi
84248910;Aparelhos de pulverização constituídos por botão de pressão com bocal (tampa spray), válvula do t...;3.25;oca-l10n-brazil/tipi
84248920;Aparelhos automáticos para projetar lubrificantes sobre pneumáticos, que contenham uma estação de...;3.25;oca-l10n-brazil/tipi
84248990;Outros;3.25;oca-l10n-brazil/tipi
84249010;De aparelhos da subposição 8424.10 ou do item 8424.89.10;3.25;oca-l10n-brazil/tipi
84249090;Outras;3.25;oca-l10n-brazil/tipi
84251100;De motor elétrico;0.00;oca-l10n-brazil/tipi
84251910;Talhas, cadernais e moitões, manuais;0.00;oca-l10n-brazil/tipi
84251990;Outros;0.00;oca-l10n-brazil/tipi
84253110;Com capacidade inferior ou igual a 100 t;0.00;oca-l10n-brazil/tipi
84253190;Outros;0.00;oca-l10n-brazil/tipi
84253910;Com capacidade inferior ou igual a 100 t;0.00;oca-l10n-brazil/tipi
84253990;Outros;0.00;oca-l10n-brazil/tipi
84254100;Elevadores fixos de veículos, para garagens (oficinas);0.00;oca-l10n-brazil/tipi
84254200;Outros macacos, hidráulicos;0.00;oca-l10n-brazil/tipi
84254910;Manuais;3.25;oca-l10n-brazil/tipi
84254990;Outros;0.00;oca-l10n-brazil/tipi
84261100;Pontes e vigas, rolantes, de suportes fixos;0.00;oca-l10n-brazil/tipi
84261200;Pórticos móveis de pneumáticos e carros-pórticos;0.00;oca-l10n-brazil/tipi
84261900;Outros;0.00;oca-l10n-brazil/tipi
84262000;Guindastes de torre;0.00;oca-l10n-brazil/tipi
84263000;Guindastes de pórtico;0.00;oca-l10n-brazil/tipi
84264110;Com deslocamento em sentido longitudinal, transversal e diagonal (tipo caranguejo) com capacidade...;0.00;oca-l10n-brazil/tipi
84264190;Outros;0.00;oca-l10n-brazil/tipi
84264910;De lagartas (esteiras), com capacidade de elevação igual ou superior a 70 t;0.00;oca-l10n-brazil/tipi
84264990;Outros;0.00;oca-l10n-brazil/tipi
84269100;Próprios para serem montados em veículos rodoviários;0.00;oca-l10n-brazil/tipi
84269900;Outros;0.00;oca-l10n-brazil/tipi
84271011;De capacidade de carga superior a 6,5 t;0.00;oca-l10n-brazil/tipi
84271019;Outras;0.00;oca-l10n-brazil/tipi
84271090;Outros;0.00;oca-l10n-brazil/tipi
84272010;Empilhadeiras com capacidade de carga superior a 6,5 t;0.00;oca-l10n-brazil/tipi
84272090;Outros;0.00;oca-l10n-brazil/tipi
84279000;Outros;0.00;oca-l10n-brazil/tipi
84281000;Elevadores e monta-cargas;0.00;oca-l10n-brazil/tipi
84282010;Transportadores tubulares (transvasadores) móveis, acionados com motor de potência superior a 90...;0.00;oca-l10n-brazil/tipi
84282090;Outros;0.00;oca-l10n-brazil/tipi
84283100;Especialmente concebidos para uso subterrâneo;0.00;oca-l10n-brazil/tipi
84283200;Outros, de caçamba (balde*);0.00;oca-l10n-brazil/tipi
84283300;Outros, de correia;0.00;oca-l10n-brazil/tipi
84283910;De correntes;0.00;oca-l10n-brazil/tipi
84283920;De rolos motores;0.00;oca-l10n-brazil/tipi
84283930;De pinças laterais, do tipo utilizado para o transporte de jornais;0.00;oca-l10n-brazil/tipi
84283990;Outros;0.00;oca-l10n-brazil/tipi
84284000;Escadas e tapetes, rolantes;6.50;oca-l10n-brazil/tipi
84286000;"Teleféricos (incluindo as telecadeiras e os telesquis); mecanismos de tração para funiculares";6.50;oca-l10n-brazil/tipi
84287000;Robôs industriais;0.00;oca-l10n-brazil/tipi
84289010;Do tipo utilizado para desembarque de botes salva-vidas, motorizados ou providos de dispositivo d...;0.00;oca-l10n-brazil/tipi
84289020;Transportadores-elevadores (transelevadores) automáticos, de deslocamento horizontal sobre guias;0.00;oca-l10n-brazil/tipi
84289030;Máquina para formação de pilhas de jornais, dispostos em sentido alternado, de capacidade igual o...;0.00;oca-l10n-brazil/tipi
84289090;Outros;0.00;oca-l10n-brazil/tipi
84291110;De potência no volante igual ou superior a 387,76 kW (520 HP);0.00;oca-l10n-brazil/tipi
84291190;Outros;0.00;oca-l10n-brazil/tipi
84291910;Bulldozers de potência no volante igual ou superior a 234,90 kW (315 HP);0.00;oca-l10n-brazil/tipi
84291990;Outros;0.00;oca-l10n-brazil/tipi
84292010;Motoniveladores articulados, de potência no volante igual ou superior a 205,07 kW (275 HP);0.00;oca-l10n-brazil/tipi
84292090;Outros;0.00;oca-l10n-brazil/tipi
84293000;Raspo-transportadores (scrapers);0.00;oca-l10n-brazil/tipi
84294000;Compactadores e rolos ou cilindros compressores;0.00;oca-l10n-brazil/tipi
84295111;Do tipo utilizado em minas subterrâneas;0.00;oca-l10n-brazil/tipi
84295119;Outras;0.00;oca-l10n-brazil/tipi
84295121;De potência no volante igual ou superior a 454,13 kW (609 HP);0.00;oca-l10n-brazil/tipi
84295129;Outras;0.00;oca-l10n-brazil/tipi
84295191;De potência no volante igual ou superior a 297,5 kW (399 HP);0.00;oca-l10n-brazil/tipi
84295192;De potência no volante inferior ou igual a 43,99 kW (59 HP);0.00;oca-l10n-brazil/tipi
84295199;Outras;0.00;oca-l10n-brazil/tipi
84295211;De potência no volante igual ou superior a 484,7 kW (650 HP);0.00;oca-l10n-brazil/tipi
84295212;De potência no volante inferior ou igual a 40,3 kW (54 HP);0.00;oca-l10n-brazil/tipi
84295219;Outras;0.00;oca-l10n-brazil/tipi
84295220;Infraestruturas motoras, próprias para receber equipamentos das subposições 8430.49, 8430.61 ou 8...;0.00;oca-l10n-brazil/tipi
84295290;Outras;0.00;oca-l10n-brazil/tipi
84295900;Outros;0.00;oca-l10n-brazil/tipi
84301000;Bate-estacas e arranca-estacas;0.00;oca-l10n-brazil/tipi
84302000;Limpa-neves;3.25;oca-l10n-brazil/tipi
84303110;Cortadores de carvão ou de rocha;0.00;oca-l10n-brazil/tipi
84303190;Outros;0.00;oca-l10n-brazil/tipi
84303910;Cortadores de carvão ou de rocha;0.00;oca-l10n-brazil/tipi
84303990;Outras;0.00;oca-l10n-brazil/tipi
84304110;Perfuratriz de percussão;0.00;oca-l10n-brazil/tipi
84304120;Perfuratriz rotativa;0.00;oca-l10n-brazil/tipi
84304130;Máquinas de sondagem, rotativas;0.00;oca-l10n-brazil/tipi
84304190;Outras;0.00;oca-l10n-brazil/tipi
84304910;Perfuratriz de percussão;0.00;oca-l10n-brazil/tipi
84304920;Máquinas de sondagem, rotativas;0.00;oca-l10n-brazil/tipi
84304990;Outras;0.00;oca-l10n-brazil/tipi
84305000;Outras máquinas e aparelhos, autopropulsados;0.00;oca-l10n-brazil/tipi
84306100;Máquinas de comprimir ou de compactar;0.00;oca-l10n-brazil/tipi
84306911;Com capacidade de carga superior a 4 m3;0.00;oca-l10n-brazil/tipi
84306919;Outros;0.00;oca-l10n-brazil/tipi
84306990;Outros;0.00;oca-l10n-brazil/tipi
84311010;Do item 8425.19.10 ou das subposições 8425.39, 8425.42 ou 8425.49;3.25;oca-l10n-brazil/tipi
84311090;Outras;3.25;oca-l10n-brazil/tipi
84312011;Autopropulsadas;3.25;oca-l10n-brazil/tipi
84312019;De outras empilhadeiras;3.25;oca-l10n-brazil/tipi
84312090;Outras;3.25;oca-l10n-brazil/tipi
84313110;De elevadores;3.25;oca-l10n-brazil/tipi
84313190;Outras;3.25;oca-l10n-brazil/tipi
84313900;Outras;0.00;oca-l10n-brazil/tipi
84314100;Caçambas (Baldes*), mesmo de mandíbulas, pás, ganchos e tenazes;3.25;oca-l10n-brazil/tipi
84314200;Lâminas para bulldozers ou angledozers;3.25;oca-l10n-brazil/tipi
84314310;De máquinas de sondagem rotativas;3.25;oca-l10n-brazil/tipi
84314390;Outras;3.25;oca-l10n-brazil/tipi
84314910;De máquinas ou aparelhos da posição 84.26;3.25;oca-l10n-brazil/tipi
84314921;Cabinas;3.25;oca-l10n-brazil/tipi
84314922;Lagartas (esteiras);3.25;oca-l10n-brazil/tipi
84314923;Tanques de combustível e demais reservatórios;3.25;oca-l10n-brazil/tipi
84314929;Outras;3.25;oca-l10n-brazil/tipi
84321000;Arados e charruas;0.00;oca-l10n-brazil/tipi
84322100;Grades de discos;0.00;oca-l10n-brazil/tipi
84322900;Outros;0.00;oca-l10n-brazil/tipi
84323110;Semeadores-adubadores;0.00;oca-l10n-brazil/tipi
84323190;Outros;0.00;oca-l10n-brazil/tipi
84323910;Semeadores-adubadores;0.00;oca-l10n-brazil/tipi
84323990;Outros;0.00;oca-l10n-brazil/tipi
84324100;Espalhadores de estrume;0.00;oca-l10n-brazil/tipi
84324200;Distribuidores de adubos (fertilizantes);0.00;oca-l10n-brazil/tipi
84328000;Outras máquinas e aparelhos;3.25;oca-l10n-brazil/tipi
84329000;Partes;3.25;oca-l10n-brazil/tipi
84331100;Motorizados, cujo dispositivo de corte gira num plano horizontal;3.25;oca-l10n-brazil/tipi
84331900;Outros;3.25;oca-l10n-brazil/tipi
84332010;Com dispositivo de acondicionamento em fileiras constituído por rotor de dedos e pente;0.00;oca-l10n-brazil/tipi
84332090;Outras;0.00;oca-l10n-brazil/tipi
84333000;Outras máquinas e aparelhos para colher e dispor o feno;0.00;oca-l10n-brazil/tipi
84334000;Enfardadeiras de palha ou de forragem, incluindo as enfardadeiras-apanhadeiras;0.00;oca-l10n-brazil/tipi
84335100;Colheitadeiras combinadas com debulhadoras (ceifeiras-debulhadoras);0.00;oca-l10n-brazil/tipi
84335200;Outras máquinas e aparelhos para debulha;0.00;oca-l10n-brazil/tipi
84335300;Máquinas para colheita de raízes ou tubérculos;0.00;oca-l10n-brazil/tipi
84335911;Com capacidade para trabalhar até dois sulcos de colheita e potência no volante inferior ou igual...;0.00;oca-l10n-brazil/tipi
84335919;Outras;0.00;oca-l10n-brazil/tipi
84335990;Outros;0.00;oca-l10n-brazil/tipi
84336010;Selecionadores de fruta;0.00;oca-l10n-brazil/tipi
84336021;Com capacidade superior a 250.000 ovos por hora;0.00;oca-l10n-brazil/tipi
84336029;Outras;0.00;oca-l10n-brazil/tipi
84336090;Outras;0.00;oca-l10n-brazil/tipi
84339010;De cortadores de grama (relva);3.25;oca-l10n-brazil/tipi
84339090;Outras;2.60;oca-l10n-brazil/tipi
84341000;Máquinas de ordenhar;0.00;oca-l10n-brazil/tipi
84342010;Para tratamento do leite;0.00;oca-l10n-brazil/tipi
84342090;Outros;0.00;oca-l10n-brazil/tipi
84349000;Partes;3.25;oca-l10n-brazil/tipi
84351000;Máquinas e aparelhos;0.00;oca-l10n-brazil/tipi
84359000;Partes;3.25;oca-l10n-brazil/tipi
84361000;Máquinas e aparelhos para preparação de alimentos ou rações para animais;0.00;oca-l10n-brazil/tipi
84362100;Chocadeiras e criadeiras;0.00;oca-l10n-brazil/tipi
84362900;Outros;0.00;oca-l10n-brazil/tipi
84368000;Outras máquinas e aparelhos;0.00;oca-l10n-brazil/tipi
84369100;De máquinas ou aparelhos para avicultura;3.25;oca-l10n-brazil/tipi
84369900;Outras;3.25;oca-l10n-brazil/tipi
84371000;Máquinas para limpeza, seleção ou peneiração de grãos ou de produtos hortícolas secos;0.00;oca-l10n-brazil/tipi
84378010;Para trituração ou moagem de grãos;0.00;oca-l10n-brazil/tipi
84378090;Outros;0.00;oca-l10n-brazil/tipi
84379000;Partes;3.25;oca-l10n-brazil/tipi
84381000;Máquinas e aparelhos para as indústrias de panificação, pastelaria, bolachas e biscoitos e de mas...;0.00;oca-l10n-brazil/tipi
84382011;Para fabricar bombons de chocolate por moldagem, de capacidade de produção igual ou superior a 15...;0.00;oca-l10n-brazil/tipi
84382019;Outros;0.00;oca-l10n-brazil/tipi
84382090;Outros;0.00;oca-l10n-brazil/tipi
84383000;Máquinas e aparelhos para a indústria de açúcar;0.00;oca-l10n-brazil/tipi
84384000;Máquinas e aparelhos para a indústria cervejeira;0.00;oca-l10n-brazil/tipi
84385000;Máquinas e aparelhos para preparação de carnes;0.00;oca-l10n-brazil/tipi
84386000;Máquinas e aparelhos para preparação de fruta ou de produtos hortícolas;0.00;oca-l10n-brazil/tipi
84388010;Máquinas para extração de óleo essencial de citros;0.00;oca-l10n-brazil/tipi
84388020;Automática, para descabeçar, cortar a cauda e eviscerar peixes, com capacidade superior a 350 uni...;0.00;oca-l10n-brazil/tipi
84388090;Outros;0.00;oca-l10n-brazil/tipi
84389000;Partes;3.25;oca-l10n-brazil/tipi
84391010;Para tratamento preliminar das matérias-primas;0.00;oca-l10n-brazil/tipi
84391020;Classificadoras e classificadoras-depuradoras de pasta;0.00;oca-l10n-brazil/tipi
84391030;Refinadoras;0.00;oca-l10n-brazil/tipi
84391090;Outros;0.00;oca-l10n-brazil/tipi
84392000;Máquinas e aparelhos para fabricação de papel ou cartão;0.00;oca-l10n-brazil/tipi
84393010;Bobinadoras-esticadoras;0.00;oca-l10n-brazil/tipi
84393020;Para impregnar;0.00;oca-l10n-brazil/tipi
84393030;Para ondular;0.00;oca-l10n-brazil/tipi
84393090;Outros;0.00;oca-l10n-brazil/tipi
84399100;De máquinas ou aparelhos para fabricação de pasta de matérias fibrosas celulósicas;3.25;oca-l10n-brazil/tipi
84399910;Rolos, corrugadores ou de pressão, de máquinas para ondular, com largura útil igual ou superior a...;3.25;oca-l10n-brazil/tipi
84399990;Outras;3.25;oca-l10n-brazil/tipi
84401011;Com alimentação automática;0.00;oca-l10n-brazil/tipi
84401019;Outros;0.00;oca-l10n-brazil/tipi
84401020;Máquinas para fabricar capas de papelão, com dispositivo de colagem e capacidade de produção supe...;0.00;oca-l10n-brazil/tipi
84401090;Outros;0.00;oca-l10n-brazil/tipi
84409000;Partes;3.25;oca-l10n-brazil/tipi
84411010;Cortadeiras bobinadoras com velocidade de bobinado superior a 2.000 m/min;0.00;oca-l10n-brazil/tipi
84411090;Outras;0.00;oca-l10n-brazil/tipi
84412000;Máquinas para fabricação de sacos de quaisquer dimensões ou de envelopes;0.00;oca-l10n-brazil/tipi
84413010;De dobrar e colar, para fabricação de caixas;0.00;oca-l10n-brazil/tipi
84413090;Outras;0.00;oca-l10n-brazil/tipi
84414000;Máquinas de moldar artigos de pasta de papel, papel ou cartão;0.00;oca-l10n-brazil/tipi
84418000;Outras máquinas e aparelhos;0.00;oca-l10n-brazil/tipi
84419000;Partes;3.25;oca-l10n-brazil/tipi
84423010;De compor por processo fotográfico;0.00;oca-l10n-brazil/tipi
84423020;De compor caracteres tipográficos por outros processos, mesmo com dispositivo de fundir;0.00;oca-l10n-brazil/tipi
84423090;Outros;0.00;oca-l10n-brazil/tipi
84424010;De máquinas do item 8442.30.10;3.25;oca-l10n-brazil/tipi
84424020;De máquinas do item 8442.30.20;3.25;oca-l10n-brazil/tipi
84424090;Outras;3.25;oca-l10n-brazil/tipi
84425000;"Clichês, placas, cilindros e outros elementos de impressão; pedras litográficas, placas e cilindr...";3.25;oca-l10n-brazil/tipi
84431110;Para impressão multicolor de jornais, de largura igual ou superior a 900 mm, com unidades de impr...;0.00;oca-l10n-brazil/tipi
84431190;Outros;0.00;oca-l10n-brazil/tipi
84431200;Máquinas e aparelhos de impressão, por ofsete, do tipo utilizado em escritórios, alimentados por...;0.00;oca-l10n-brazil/tipi
84431310;Para impressão multicolor de recipientes de matérias plásticas, cilíndricos, cônicos ou de faces...;0.00;oca-l10n-brazil/tipi
84431321;Com velocidade de impressão igual ou superior a 12.000 folhas por hora;0.00;oca-l10n-brazil/tipi
84431329;Outros;0.00;oca-l10n-brazil/tipi
84431390;Outros;0.00;oca-l10n-brazil/tipi
84431400;Máquinas e aparelhos de impressão, tipográficos, alimentados por bobinas, excluindo as máquinas e...;0.00;oca-l10n-brazil/tipi
84431500;Máquinas e aparelhos de impressão, tipográficos, não alimentados por bobinas, excluindo as máquin...;0.00;oca-l10n-brazil/tipi
84431600;Máquinas e aparelhos de impressão, flexográficos;0.00;oca-l10n-brazil/tipi
84431710;Rotativas para heliogravura;0.00;oca-l10n-brazil/tipi
84431790;Outros;0.00;oca-l10n-brazil/tipi
84431910;Para serigrafia;0.00;oca-l10n-brazil/tipi
84431990;Outros;0.00;oca-l10n-brazil/tipi
84433111;De jato de tinta líquida, com largura de impressão inferior ou igual a 420 mm;9.75;oca-l10n-brazil/tipi
84433112;De transferência térmica de cera sólida (por exemplo, solid ink e dye sublimation);9.75;oca-l10n-brazil/tipi
84433113;A laser, LED (Diodos Emissores de Luz) ou LCS (Sistema de Cristal Líquido), monocromáticas, com l...;9.75;oca-l10n-brazil/tipi
84433114;A laser, LED (Diodos Emissores de Luz) ou LCS (Sistema de Cristal Líquido), monocromáticas, com l...;9.75;oca-l10n-brazil/tipi
84433115;A laser, LED (Diodos Emissores de Luz) ou LCS (Sistema de Cristal Líquido), policromáticas;9.75;oca-l10n-brazil/tipi
84433116;Outras, com largura de impressão superior a 420 mm;9.75;oca-l10n-brazil/tipi
84433119;Outras;9.75;oca-l10n-brazil/tipi
84433191;Com impressão por sistema térmico;9.75;oca-l10n-brazil/tipi
84433199;Outras;9.75;oca-l10n-brazil/tipi
84433221;De linha;9.75;oca-l10n-brazil/tipi
84433222;De caracteres Braille;0.00;oca-l10n-brazil/tipi
84433223;Outras matriciais (por pontos);9.75;oca-l10n-brazil/tipi
84433229;Outras;9.75;oca-l10n-brazil/tipi
84433231;De jato de tinta líquida, com largura de impressão inferior ou igual a 420 mm;9.75;oca-l10n-brazil/tipi
84433232;De transferência térmica de cera sólida (por exemplo, solid ink e dye sublimation);15.00;oca-l10n-brazil/tipi
84433233;A laser, LED (Diodos Emissores de Luz) ou LCS (Sistema de Cristal Líquido), monocromáticas, com l...;9.75;oca-l10n-brazil/tipi
84433234;A laser, LED (Diodos Emissores de Luz) ou LCS (Sistema de Cristal Líquido), monocromáticas, com l...;9.75;oca-l10n-brazil/tipi
84433235;A laser, LED (Diodos Emissores de Luz) ou LCS (Sistema de Cristal Líquido), policromáticas, com v...;9.75;oca-l10n-brazil/tipi
84433236;A laser, LED (Diodos Emissores de Luz) ou LCS (Sistema de Cristal Líquido), policromáticas, com v...;9.75;oca-l10n-brazil/tipi
84433237;Térmicas, do tipo utilizado em impressão de imagens para diagnóstico médico em folhas revestidas...;9.75;oca-l10n-brazil/tipi
84433238;Outras, com largura de impressão superior a 420 mm;9.75;oca-l10n-brazil/tipi
84433239;Outras;9.75;oca-l10n-brazil/tipi
84433240;Outras impressoras alimentadas por folhas;9.75;oca-l10n-brazil/tipi
84433251;Por meio de penas;9.75;oca-l10n-brazil/tipi
84433252;Outros, com largura de impressão superior a 580 mm;9.75;oca-l10n-brazil/tipi
84433259;Outros;9.75;oca-l10n-brazil/tipi
84433291;Impressoras de código de barras postais, tipo 3 em 5, a jato de tinta fluorescente, com velocidad...;9.75;oca-l10n-brazil/tipi
84433299;Outros;15.00;oca-l10n-brazil/tipi
84433910;Máquinas de impressão por jato de tinta;0.00;oca-l10n-brazil/tipi
84433921;De reprodução da imagem do original sobre a cópia por meio de um suporte intermediário (processo...;13.00;oca-l10n-brazil/tipi
84433928;Outras, por processo indireto;13.00;oca-l10n-brazil/tipi
84433929;Outras;13.00;oca-l10n-brazil/tipi
84433930;Outras máquinas copiadoras;13.00;oca-l10n-brazil/tipi
84433990;Outros;13.00;oca-l10n-brazil/tipi
84439110;De máquinas e aparelhos da subposição 8443.12;3.25;oca-l10n-brazil/tipi
84439191;Dobradoras;0.00;oca-l10n-brazil/tipi
84439192;Numeradores automáticos;0.00;oca-l10n-brazil/tipi
84439199;Outros;0.00;oca-l10n-brazil/tipi
84439911;Mecanismos de impressão, mesmo sem cabeça de impressão incorporada;6.50;oca-l10n-brazil/tipi
84439912;Cabeças de impressão;6.50;oca-l10n-brazil/tipi
84439919;Outros;6.50;oca-l10n-brazil/tipi
84439921;Mecanismos de impressão, mesmo sem cabeça de impressão incorporada;6.50;oca-l10n-brazil/tipi
84439922;Cabeças de impressão;3.25;oca-l10n-brazil/tipi
84439923;Cartuchos de tinta;3.25;oca-l10n-brazil/tipi
84439929;Outros;6.50;oca-l10n-brazil/tipi
84439931;Mecanismos de impressão, mesmo sem cilindro fotossensível incorporado;3.25;oca-l10n-brazil/tipi
84439932;Cilindros recobertos de matéria semicondutora fotoelétrica;3.25;oca-l10n-brazil/tipi
84439933;Cartuchos de revelador (toners);3.25;oca-l10n-brazil/tipi
84439939;Outros;6.50;oca-l10n-brazil/tipi
84439941;Mecanismos de impressão, mesmo sem cabeça de impressão incorporada;6.50;oca-l10n-brazil/tipi
84439942;Cabeças de impressão;3.25;oca-l10n-brazil/tipi
84439949;Outros;6.50;oca-l10n-brazil/tipi
84439950;Outros mecanismos de impressão, suas partes e acessórios;6.50;oca-l10n-brazil/tipi
84439960;Circuitos impressos com componentes elétricos ou eletrônicos, montados;9.75;oca-l10n-brazil/tipi
84439970;Bandejas e gavetas, suas partes e acessórios;6.50;oca-l10n-brazil/tipi
84439980;Mecanismos de alimentação ou de triagem de papéis ou documentos, suas partes e acessórios;6.50;oca-l10n-brazil/tipi
84439990;Outros;6.50;oca-l10n-brazil/tipi
84440010;Para extrudar;0.00;oca-l10n-brazil/tipi
84440020;Para corte ou ruptura de fibras;0.00;oca-l10n-brazil/tipi
84440090;Outras;0.00;oca-l10n-brazil/tipi
84451110;Para lã;0.00;oca-l10n-brazil/tipi
84451120;Para fibras do Capítulo 53;0.00;oca-l10n-brazil/tipi
84451190;Outras;0.00;oca-l10n-brazil/tipi
84451200;Penteadoras;0.00;oca-l10n-brazil/tipi
84451300;Bancos de estiramento (fusos);0.00;oca-l10n-brazil/tipi
84451910;Máquinas para a preparação da seda;0.00;oca-l10n-brazil/tipi
84451921;Para recuperação de cordas, fios, trapos ou qualquer outro desperdício, transformando-os em fibra...;0.00;oca-l10n-brazil/tipi
84451922;Descaroçadeiras e deslintadeiras de algodão;0.00;oca-l10n-brazil/tipi
84451923;Para desengordurar, lavar, alvejar ou tingir fibras têxteis em massa ou rama;0.00;oca-l10n-brazil/tipi
84451924;Abridoras de fibras de lã;0.00;oca-l10n-brazil/tipi
84451925;Abridoras de fibras do Capítulo 53;0.00;oca-l10n-brazil/tipi
84451926;Máquinas de carbonizar a lã;0.00;oca-l10n-brazil/tipi
84451927;Para estirar a lã;0.00;oca-l10n-brazil/tipi
84451929;Outras;0.00;oca-l10n-brazil/tipi
84452000;Máquinas para fiação de matérias têxteis;0.00;oca-l10n-brazil/tipi
84453010;Retorcedeiras;0.00;oca-l10n-brazil/tipi
84453090;Outras;0.00;oca-l10n-brazil/tipi
84454011;Bobinadoras de trama (espuladeiras);0.00;oca-l10n-brazil/tipi
84454012;Para fios elastanos;0.00;oca-l10n-brazil/tipi
84454018;Outras, com atador automático;0.00;oca-l10n-brazil/tipi
84454019;Outras;0.00;oca-l10n-brazil/tipi
84454021;Com velocidade de bobinado igual ou superior a 4.000 m/min;0.00;oca-l10n-brazil/tipi
84454029;Outras;0.00;oca-l10n-brazil/tipi
84454031;Com controle de comprimento ou peso e atador automático;0.00;oca-l10n-brazil/tipi
84454039;Outras;0.00;oca-l10n-brazil/tipi
84454040;Noveleiras automáticas;0.00;oca-l10n-brazil/tipi
84454090;Outras;0.00;oca-l10n-brazil/tipi
84459010;Urdideiras;0.00;oca-l10n-brazil/tipi
84459020;Passadeiras para liço e pente;0.00;oca-l10n-brazil/tipi
84459030;Para amarrar urdideiras;0.00;oca-l10n-brazil/tipi
84459040;Automáticas, para colocar lamelas;0.00;oca-l10n-brazil/tipi
84459090;Outras;0.00;oca-l10n-brazil/tipi
84461010;Com mecanismo Jacquard;0.00;oca-l10n-brazil/tipi
84461090;Outros;0.00;oca-l10n-brazil/tipi
84462100;A motor;0.00;oca-l10n-brazil/tipi
84462900;Outros;0.00;oca-l10n-brazil/tipi
84463010;A jato de ar;0.00;oca-l10n-brazil/tipi
84463020;A jato de água;0.00;oca-l10n-brazil/tipi
84463030;De projétil;0.00;oca-l10n-brazil/tipi
84463040;De pinças;0.00;oca-l10n-brazil/tipi
84463090;Outros;0.00;oca-l10n-brazil/tipi
84471100;Com cilindro de diâmetro não superior a 165 mm;0.00;oca-l10n-brazil/tipi
84471200;Com cilindro de diâmetro superior a 165 mm;0.00;oca-l10n-brazil/tipi
84472010;Teares manuais;0.00;oca-l10n-brazil/tipi
84472021;Para fabricação de malhas de urdidura;0.00;oca-l10n-brazil/tipi
84472029;Outros;0.00;oca-l10n-brazil/tipi
84472030;Máquinas de costura por entrelaçamento (couture-tricotage);0.00;oca-l10n-brazil/tipi
84479010;Máquinas para fabricação de redes, tules ou filós;0.00;oca-l10n-brazil/tipi
84479020;Máquinas automáticas para bordar;0.00;oca-l10n-brazil/tipi
84479090;Outras;0.00;oca-l10n-brazil/tipi
84481110;Ratieras;0.00;oca-l10n-brazil/tipi
84481120;Mecanismos Jacquard;0.00;oca-l10n-brazil/tipi
84481190;Outros;0.00;oca-l10n-brazil/tipi
84481900;Outros;3.25;oca-l10n-brazil/tipi
84482010;Fieiras para a extrusão;3.25;oca-l10n-brazil/tipi
84482020;Outras partes e acessórios de máquinas para a extrusão;3.25;oca-l10n-brazil/tipi
84482030;De máquinas para corte ou ruptura de fibras;3.25;oca-l10n-brazil/tipi
84482090;Outras;3.25;oca-l10n-brazil/tipi
84483100;Guarnições de cardas;0.00;oca-l10n-brazil/tipi
84483211;Chapéus (flats);3.25;oca-l10n-brazil/tipi
84483219;Outras;3.25;oca-l10n-brazil/tipi
84483220;De penteadoras;3.25;oca-l10n-brazil/tipi
84483230;De bancas de estiramento (bancas de fusos);3.25;oca-l10n-brazil/tipi
84483240;De máquinas para a preparação da seda;3.25;oca-l10n-brazil/tipi
84483250;De máquinas para carbonizar lã;3.25;oca-l10n-brazil/tipi
84483290;Outros;3.25;oca-l10n-brazil/tipi
84483310;Cursores;3.25;oca-l10n-brazil/tipi
84483390;Outros;3.25;oca-l10n-brazil/tipi
84483911;De filatórios intermitentes (selfatinas);3.25;oca-l10n-brazil/tipi
84483912;De máquinas do tipo tow-to-yarn;3.25;oca-l10n-brazil/tipi
84483917;De outros filatórios;3.25;oca-l10n-brazil/tipi
84483919;Outras;3.25;oca-l10n-brazil/tipi
84483921;De bobinadoras de trama (espuladeiras);3.25;oca-l10n-brazil/tipi
84483922;De bobinadoras automáticas para fios elastanos, ou com atador automático;3.25;oca-l10n-brazil/tipi
84483923;Outras, de bobinadoras automáticas;3.25;oca-l10n-brazil/tipi
84483929;Outras;3.25;oca-l10n-brazil/tipi
84483991;De urdideiras;3.25;oca-l10n-brazil/tipi
84483992;De passadeiras para liço e pente;3.25;oca-l10n-brazil/tipi
84483999;Outras;3.25;oca-l10n-brazil/tipi
84484200;Pentes, liços e quadros de liços;0.00;oca-l10n-brazil/tipi
84484910;De máquinas ou aparelhos auxiliares de teares;3.25;oca-l10n-brazil/tipi
84484920;De teares para tecidos de largura superior a 30 cm, sem lançadeiras, a jato de água ou de projétil;3.25;oca-l10n-brazil/tipi
84484990;Outras;3.25;oca-l10n-brazil/tipi
84485110;Platinas;3.25;oca-l10n-brazil/tipi
84485190;Outros;3.25;oca-l10n-brazil/tipi
84485910;De teares circulares para malhas;3.25;oca-l10n-brazil/tipi
84485921;Manuais;3.25;oca-l10n-brazil/tipi
84485922;Para fabricação de malhas de urdidura;3.25;oca-l10n-brazil/tipi
84485929;Outras;3.25;oca-l10n-brazil/tipi
84485930;De máquinas para fabricação de redes, tules ou filós, ou automáticas para bordar;3.25;oca-l10n-brazil/tipi
84485940;De máquinas do item 8447.90.90;3.25;oca-l10n-brazil/tipi
84485990;Outras;3.25;oca-l10n-brazil/tipi
84490010;Máquinas e aparelhos para fabricação ou acabamento de feltros;0.00;oca-l10n-brazil/tipi
84490020;Máquinas e aparelhos para fabricação de falsos tecidos (tecidos não tecidos);0.00;oca-l10n-brazil/tipi
84490080;Outros;0.00;oca-l10n-brazil/tipi
84490091;De máquinas ou aparelhos para fabricação de falsos tecidos (tecidos não tecidos);3.25;oca-l10n-brazil/tipi
84490099;Outras;3.25;oca-l10n-brazil/tipi
84501100;Máquinas inteiramente automáticas;13.00;oca-l10n-brazil/tipi
84501200;Outras máquinas, com secador centrífugo incorporado;13.00;oca-l10n-brazil/tipi
84501900;Outras;6.50;oca-l10n-brazil/tipi
84502010;Túneis contínuos;3.25;oca-l10n-brazil/tipi
84502020;Outras máquinas, de capacidade não superior a 18 kg;;sem-ipi-na-fonte
84502090;Outras;0.00;oca-l10n-brazil/tipi
84509010;De máquinas dos itens 8450.20.10 ou 8450.20.90;13.00;oca-l10n-brazil/tipi
84509090;Outras;13.00;oca-l10n-brazil/tipi
84511000;Máquinas para lavar a seco;0.00;oca-l10n-brazil/tipi
84512100;De capacidade, expressa em peso de roupa seca, não superior a 10 kg;13.00;oca-l10n-brazil/tipi
84512910;Que funcionem por meio de ondas eletromagnéticas (micro-ondas), cuja produção seja igual ou super...;0.00;oca-l10n-brazil/tipi
84512990;Outras;0.00;oca-l10n-brazil/tipi
84513010;Automáticas;0.00;oca-l10n-brazil/tipi
84513091;Prensas para passar de peso inferior ou igual a 14 kg;3.25;oca-l10n-brazil/tipi
84513099;Outras;0.00;oca-l10n-brazil/tipi
84514010;Para lavar;0.00;oca-l10n-brazil/tipi
84514021;"Para tingir tecidos em rolos; para tingir por pressão estática, com molinete (rotor de pás), jato...";0.00;oca-l10n-brazil/tipi
84514029;Outras;0.00;oca-l10n-brazil/tipi
84514090;Outras;0.00;oca-l10n-brazil/tipi
84515010;Para inspeção visual de tecidos;0.00;oca-l10n-brazil/tipi
84515020;Automáticas, para enfestar ou cortar;0.00;oca-l10n-brazil/tipi
84515090;Outras;0.00;oca-l10n-brazil/tipi
84518000;Outras máquinas e aparelhos;7.80;oca-l10n-brazil/tipi
84519010;Para as máquinas da subposição 8451.21;3.25;oca-l10n-brazil/tipi
84519090;Outras;3.25;oca-l10n-brazil/tipi
84521000;Máquinas de costura de uso doméstico;1.95;oca-l10n-brazil/tipi
84522110;Para costurar couros ou peles;0.00;oca-l10n-brazil/tipi
84522120;Para costurar tecidos;0.00;oca-l10n-brazil/tipi
84522190;Outras;0.00;oca-l10n-brazil/tipi
84522910;Para costurar couros ou peles;0.00;oca-l10n-brazil/tipi
84522921;Remalhadeiras;0.00;oca-l10n-brazil/tipi
84522922;Para casear;0.00;oca-l10n-brazil/tipi
84522923;Tipo zigue-zague para inserir elástico;0.00;oca-l10n-brazil/tipi
84522924;De costura reta;0.00;oca-l10n-brazil/tipi
84522925;Galoneiras;0.00;oca-l10n-brazil/tipi
84522929;Outras;0.00;oca-l10n-brazil/tipi
84522990;Outras;0.00;oca-l10n-brazil/tipi
84523000;Agulhas para máquinas de costura;3.25;oca-l10n-brazil/tipi
84529020;Móveis, bases e tampas, para máquinas de costura, e suas partes;1.95;oca-l10n-brazil/tipi
84529081;Guia-fios, lançadeiras e porta-bobinas;3.25;oca-l10n-brazil/tipi
84529089;Outras;3.25;oca-l10n-brazil/tipi
84529091;Guia-fios, lançadeiras não rotativas e porta-bobinas;3.25;oca-l10n-brazil/tipi
84529092;Para remalhadeiras;3.25;oca-l10n-brazil/tipi
84529093;Lançadeiras rotativas;3.25;oca-l10n-brazil/tipi
84529094;Corpos moldados por fundição;3.25;oca-l10n-brazil/tipi
84529099;Outras;3.25;oca-l10n-brazil/tipi
84531010;Máquinas para dividir couros com largura útil inferior ou igual a 3.000 mm, com lâmina sem fim, c...;0.00;oca-l10n-brazil/tipi
84531090;Outros;0.00;oca-l10n-brazil/tipi
84532000;Máquinas e aparelhos para fabricar ou consertar calçado;0.00;oca-l10n-brazil/tipi
84538000;Outras máquinas e aparelhos;0.00;oca-l10n-brazil/tipi
84539000;Partes;0.00;oca-l10n-brazil/tipi
84541000;Conversores;0.00;oca-l10n-brazil/tipi
84542010;Lingoteiras;0.00;oca-l10n-brazil/tipi
84542090;Outras;0.00;oca-l10n-brazil/tipi
84543010;Sob pressão;0.00;oca-l10n-brazil/tipi
84543020;Por centrifugação;0.00;oca-l10n-brazil/tipi
84543090;Outras;0.00;oca-l10n-brazil/tipi
84549010;De máquinas de vazar (moldar) por centrifugação;3.25;oca-l10n-brazil/tipi
84549090;Outras;0.00;oca-l10n-brazil/tipi
84551000;Laminadores de tubos;0.00;oca-l10n-brazil/tipi
84552110;De cilindros lisos;0.00;oca-l10n-brazil/tipi
84552190;Outros;0.00;oca-l10n-brazil/tipi
84552210;De cilindros lisos;0.00;oca-l10n-brazil/tipi
84552290;Outros;0.00;oca-l10n-brazil/tipi
84553010;Fundidos, de aço ou ferro fundido nodular;0.00;oca-l10n-brazil/tipi
84553020;Forjados, de aço de corte rápido, com um teor, em peso, de carbono igual ou superior a 0,80 % e i...;0.00;oca-l10n-brazil/tipi
84553090;Outros;0.00;oca-l10n-brazil/tipi
84559000;Outras partes;3.25;oca-l10n-brazil/tipi
84561111;Para corte de chapas metálicas de espessura superior a 8 mm;0.00;oca-l10n-brazil/tipi
84561119;Outras;0.00;oca-l10n-brazil/tipi
84561190;Outras;0.00;oca-l10n-brazil/tipi
84561211;Para corte de chapas metálicas de espessura superior a 8 mm;0.00;oca-l10n-brazil/tipi
84561219;Outras;0.00;oca-l10n-brazil/tipi
84561290;Outras;0.00;oca-l10n-brazil/tipi
84562010;De comando numérico;0.00;oca-l10n-brazil/tipi
84562090;Outras;0.00;oca-l10n-brazil/tipi
84563011;Para texturizar superfícies cilíndricas;0.00;oca-l10n-brazil/tipi
84563019;Outras;0.00;oca-l10n-brazil/tipi
84563090;Outras;0.00;oca-l10n-brazil/tipi
84564000;Que operem por jato de plasma;0.00;oca-l10n-brazil/tipi
84565000;Máquinas de corte a jato de água;0.00;oca-l10n-brazil/tipi
84569000;Outras;0.00;oca-l10n-brazil/tipi
84571000;Centros de usinagem (fabricação*);0.00;oca-l10n-brazil/tipi
84572010;De comando numérico;0.00;oca-l10n-brazil/tipi
84572090;Outras;0.00;oca-l10n-brazil/tipi
84573010;De comando numérico;0.00;oca-l10n-brazil/tipi
84573090;Outras;0.00;oca-l10n-brazil/tipi
84581110;Revólver;0.00;oca-l10n-brazil/tipi
84581191;De 6 ou mais fusos porta-peças;0.00;oca-l10n-brazil/tipi
84581199;Outros;0.00;oca-l10n-brazil/tipi
84581910;Revólver;0.00;oca-l10n-brazil/tipi
84581990;Outros;0.00;oca-l10n-brazil/tipi
84589100;De comando numérico;0.00;oca-l10n-brazil/tipi
84589900;Outros;0.00;oca-l10n-brazil/tipi
84591000;Unidades com cabeça deslizante;0.00;oca-l10n-brazil/tipi
84592110;Radiais;0.00;oca-l10n-brazil/tipi
84592191;De mais de um cabeçote mono ou multifuso;0.00;oca-l10n-brazil/tipi
84592199;Outras;0.00;oca-l10n-brazil/tipi
84592900;Outras;0.00;oca-l10n-brazil/tipi
84593100;De comando numérico;0.00;oca-l10n-brazil/tipi
84593900;Outras;0.00;oca-l10n-brazil/tipi
84594100;De comando numérico;0.00;oca-l10n-brazil/tipi
84594900;Outras;0.00;oca-l10n-brazil/tipi
84595100;De comando numérico;0.00;oca-l10n-brazil/tipi
84595900;Outras;0.00;oca-l10n-brazil/tipi
84596100;De comando numérico;0.00;oca-l10n-brazil/tipi
84596900;Outras;0.00;oca-l10n-brazil/tipi
84597000;Outras máquinas para roscar interior ou exteriormente;0.00;oca-l10n-brazil/tipi
84601200;De comando numérico;0.00;oca-l10n-brazil/tipi
84601900;Outras;0.00;oca-l10n-brazil/tipi
84602200;Máquinas para retificar sem centro, de comando numérico;0.00;oca-l10n-brazil/tipi
84602300;Outras máquinas para retificar superfícies cilíndricas, de comando numérico;0.00;oca-l10n-brazil/tipi
84602400;Outras, de comando numérico;0.00;oca-l10n-brazil/tipi
84602900;Outras;0.00;oca-l10n-brazil/tipi
84603100;De comando numérico;0.00;oca-l10n-brazil/tipi
84603900;Outras;0.00;oca-l10n-brazil/tipi
84604011;Brunidoras para cilindros de diâmetro inferior ou igual a 312 mm;0.00;oca-l10n-brazil/tipi
84604019;Outras;0.00;oca-l10n-brazil/tipi
84604091;Brunidoras para cilindros de diâmetro inferior ou igual a 312 mm;0.00;oca-l10n-brazil/tipi
84604099;Outras;0.00;oca-l10n-brazil/tipi
84609011;De polir, com cinco ou mais cabeças e porta -peças rotativo;0.00;oca-l10n-brazil/tipi
84609012;De esmerilhar, com duas ou mais cabeças e porta-peças rotativo;0.00;oca-l10n-brazil/tipi
84609019;Outras;0.00;oca-l10n-brazil/tipi
84609090;Outras;0.00;oca-l10n-brazil/tipi
84612010;Para escatelar;0.00;oca-l10n-brazil/tipi
84612090;Outras;0.00;oca-l10n-brazil/tipi
84613010;De comando numérico;0.00;oca-l10n-brazil/tipi
84613090;Outras;0.00;oca-l10n-brazil/tipi
84614010;De comando numérico;0.00;oca-l10n-brazil/tipi
84614091;Redondeadoras de dentes;0.00;oca-l10n-brazil/tipi
84614099;Outras;0.00;oca-l10n-brazil/tipi
84615010;De fitas sem fim;0.00;oca-l10n-brazil/tipi
84615020;Circulares;0.00;oca-l10n-brazil/tipi
84615090;Outras;0.00;oca-l10n-brazil/tipi
84619010;De comando numérico;0.00;oca-l10n-brazil/tipi
84619090;Outras;0.00;oca-l10n-brazil/tipi
84621100;Máquinas para forjamento em matriz fechada;0.00;oca-l10n-brazil/tipi
84621900;Outras;0.00;oca-l10n-brazil/tipi
84622200;Máquinas para formação de perfis;0.00;oca-l10n-brazil/tipi
84622300;Prensas dobradeiras, de comando numérico;0.00;oca-l10n-brazil/tipi
84622400;Prensas para painéis, de comando numérico;0.00;oca-l10n-brazil/tipi
84622500;Máquinas de conformação por rolos, de comando numérico;0.00;oca-l10n-brazil/tipi
84622600;Outras máquinas para enrolar, arquear, dobrar, endireitar ou aplanar, de comando numérico;0.00;oca-l10n-brazil/tipi
84622900;Outras;0.00;oca-l10n-brazil/tipi
84623200;Linhas de corte longitudinal e linhas de corte transversal;0.00;oca-l10n-brazil/tipi
84623300;Máquinas para cisalhar, de comando numérico;0.00;oca-l10n-brazil/tipi
84623900;Outras;0.00;oca-l10n-brazil/tipi
84624200;De comando numérico;0.00;oca-l10n-brazil/tipi
84624900;Outras;0.00;oca-l10n-brazil/tipi
84625100;De comando numérico;0.00;oca-l10n-brazil/tipi
84625900;Outras;0.00;oca-l10n-brazil/tipi
84626100;Prensas hidráulicas;0.00;oca-l10n-brazil/tipi
84626200;Prensas mecânicas;0.00;oca-l10n-brazil/tipi
84626300;Servoprensas;0.00;oca-l10n-brazil/tipi
84626900;Outras;0.00;oca-l10n-brazil/tipi
84629000;Outras;0.00;oca-l10n-brazil/tipi
84631010;Para estirar tubos;0.00;oca-l10n-brazil/tipi
84631090;Outros;0.00;oca-l10n-brazil/tipi
84632010;De comando numérico;0.00;oca-l10n-brazil/tipi
84632091;De pente plano, com capacidade de produção igual ou superior a 160 unidades por minuto, de diâmet...;0.00;oca-l10n-brazil/tipi
84632099;Outras;0.00;oca-l10n-brazil/tipi
84633000;Máquinas para trabalhar arames e fios de metal;0.00;oca-l10n-brazil/tipi
84639010;De comando numérico;0.00;oca-l10n-brazil/tipi
84639090;Outras;0.00;oca-l10n-brazil/tipi
84641000;Máquinas para serrar;0.00;oca-l10n-brazil/tipi
84642010;Para vidro;0.00;oca-l10n-brazil/tipi
84642021;De polir placas, para pavimentação ou revestimento, com oito ou mais cabeças;0.00;oca-l10n-brazil/tipi
84642029;Outras;0.00;oca-l10n-brazil/tipi
84642090;Outras;0.00;oca-l10n-brazil/tipi
84649011;De comando numérico, para retificar, fresar e perfurar;0.00;oca-l10n-brazil/tipi
84649019;Outras;0.00;oca-l10n-brazil/tipi
84649090;Outras;0.00;oca-l10n-brazil/tipi
84651000;Máquinas-ferramentas capazes de efetuar diferentes tipos de operações sem troca de ferramentas;0.00;oca-l10n-brazil/tipi
84652000;Centros de usinagem (fabricação*);0.00;oca-l10n-brazil/tipi
84659110;De fita sem fim;0.00;oca-l10n-brazil/tipi
84659120;Circulares;0.00;oca-l10n-brazil/tipi
84659190;Outras;0.00;oca-l10n-brazil/tipi
84659211;Fresadoras;0.00;oca-l10n-brazil/tipi
84659219;Outras;0.00;oca-l10n-brazil/tipi
84659290;Outras;0.00;oca-l10n-brazil/tipi
84659310;Lixadeiras;0.00;oca-l10n-brazil/tipi
84659390;Outras;0.00;oca-l10n-brazil/tipi
84659400;Máquinas para arquear ou reunir;0.00;oca-l10n-brazil/tipi
84659511;Para furar;0.00;oca-l10n-brazil/tipi
84659512;Para escatelar;0.00;oca-l10n-brazil/tipi
84659591;Para furar;0.00;oca-l10n-brazil/tipi
84659592;Para escatelar;0.00;oca-l10n-brazil/tipi
84659600;Máquinas para fender, seccionar ou desenrolar;0.00;oca-l10n-brazil/tipi
84659900;Outras;0.00;oca-l10n-brazil/tipi
84661000;Porta-ferramentas e fieiras de abertura automática;0.00;oca-l10n-brazil/tipi
84662010;Para tornos;0.00;oca-l10n-brazil/tipi
84662090;Outros;0.00;oca-l10n-brazil/tipi
84663000;Dispositivos divisores e outros dispositivos especiais, para máquinas;0.00;oca-l10n-brazil/tipi
84669100;Para máquinas da posição 84.64;0.00;oca-l10n-brazil/tipi
84669200;Para máquinas da posição 84.65;0.00;oca-l10n-brazil/tipi
84669311;Para máquinas da subposição 8456.20;3.25;oca-l10n-brazil/tipi
84669319;Outras;0.00;oca-l10n-brazil/tipi
84669320;Para máquinas da posição 84.57;0.00;oca-l10n-brazil/tipi
84669330;Para máquinas da posição 84.58;0.00;oca-l10n-brazil/tipi
84669340;Para máquinas da posição 84.59;0.00;oca-l10n-brazil/tipi
84669350;Para máquinas da posição 84.60;0.00;oca-l10n-brazil/tipi
84669360;Para máquinas da posição 84.61;0.00;oca-l10n-brazil/tipi
84669410;Para máquinas das subposições 8462.11 ou 8462.19;0.00;oca-l10n-brazil/tipi
84669420;Para máquinas das subposições 8462.22 a 8462.29;0.00;oca-l10n-brazil/tipi
84669490;Outras;0.00;oca-l10n-brazil/tipi
84671110;Furadeiras;3.25;oca-l10n-brazil/tipi
84671190;Outras;3.25;oca-l10n-brazil/tipi
84671900;Outras;3.25;oca-l10n-brazil/tipi
84672100;Furadeiras (perfuradoras) de qualquer espécie, incluindo as rotativas;5.20;oca-l10n-brazil/tipi
84672200;Serras;5.20;oca-l10n-brazil/tipi
84672910;Tesouras;5.20;oca-l10n-brazil/tipi
84672991;Cortadoras de tecidos;5.20;oca-l10n-brazil/tipi
84672992;Parafusadeiras e rosqueadeiras;5.20;oca-l10n-brazil/tipi
84672993;Martelos;5.20;oca-l10n-brazil/tipi
84672999;Outras;5.20;oca-l10n-brazil/tipi
84678100;Serras de corrente;5.20;oca-l10n-brazil/tipi
84678900;Outras;5.20;oca-l10n-brazil/tipi
84679100;De serras de corrente;5.20;oca-l10n-brazil/tipi
84679200;De ferramentas pneumáticas;5.20;oca-l10n-brazil/tipi
84679900;Outras;5.20;oca-l10n-brazil/tipi
84681000;Maçaricos de uso manual;3.25;oca-l10n-brazil/tipi
84682000;Outras máquinas e aparelhos a gás;0.00;oca-l10n-brazil/tipi
84688010;Para soldar por fricção;0.00;oca-l10n-brazil/tipi
84688090;Outras;0.00;oca-l10n-brazil/tipi
84689010;De maçaricos de uso manual;3.25;oca-l10n-brazil/tipi
84689020;De máquinas ou aparelhos para soldar por fricção;3.25;oca-l10n-brazil/tipi
84689090;Outras;3.25;oca-l10n-brazil/tipi
84701000;Calculadoras eletrônicas capazes de funcionar sem fonte externa de energia elétrica e máquinas de...;0.00;oca-l10n-brazil/tipi
84702100;Com dispositivo impressor incorporado;9.75;oca-l10n-brazil/tipi
84702900;Outras;9.75;oca-l10n-brazil/tipi
84703000;Outras máquinas de calcular;9.75;oca-l10n-brazil/tipi
84705010;Eletrônicas;9.75;oca-l10n-brazil/tipi
84705090;Outras;15.00;oca-l10n-brazil/tipi
84709010;Máquinas de franquear correspondência;9.75;oca-l10n-brazil/tipi
84709090;Outras;9.75;oca-l10n-brazil/tipi
84713011;De peso inferior a 350 g, com tela de área não superior a 140 cm2;15.00;oca-l10n-brazil/tipi
84713012;De peso inferior a 3,5 kg, com tela de área superior a 140 cm2, mas inferior a 560 cm2;15.00;oca-l10n-brazil/tipi
84713019;Outras;15.00;oca-l10n-brazil/tipi
84713090;Outras;15.00;oca-l10n-brazil/tipi
84714100;Que contenham, no mesmo corpo, pelo menos uma unidade central de processamento e, mesmo combinada...;9.75;oca-l10n-brazil/tipi
84714900;Outras, apresentadas sob a forma de sistemas;9.75;oca-l10n-brazil/tipi
84715010;De pequena capacidade, baseadas em microprocessadores, com capacidade de instalação, dentro do me...;15.00;oca-l10n-brazil/tipi
84715020;De média capacidade, podendo conter no máximo uma unidade de entrada e outra de saída da subposiç...;15.00;oca-l10n-brazil/tipi
84715030;De grande capacidade, podendo conter no máximo uma unidade de entrada e outra de saída da subposi...;15.00;oca-l10n-brazil/tipi
84715040;De muito grande capacidade, podendo conter no máximo uma unidade de entrada e outra de saída da s...;15.00;oca-l10n-brazil/tipi
84715090;Outras;15.00;oca-l10n-brazil/tipi
84716052;Teclados;0.00;oca-l10n-brazil/tipi
84716053;Indicadores ou apontadores (mouse e track-ball, por exemplo);0.00;oca-l10n-brazil/tipi
84716054;Mesas digitalizadoras;9.75;oca-l10n-brazil/tipi
84716059;Outras;9.75;oca-l10n-brazil/tipi
84716061;Com unidade de saída por vídeo monocromático;9.75;oca-l10n-brazil/tipi
84716062;Com unidade de saída por vídeo policromático;9.75;oca-l10n-brazil/tipi
84716080;Terminais de auto-atendimento bancário;9.75;oca-l10n-brazil/tipi
84716090;Outras;0.00;oca-l10n-brazil/tipi
84717010;De discos magnéticos;10.00;oca-l10n-brazil/tipi
84717020;De discos para leitura ou gravação de dados por meios ópticos (unidade de disco óptico);6.50;oca-l10n-brazil/tipi
84717030;De fitas magnéticas;9.75;oca-l10n-brazil/tipi
84717040;De estado sólido (SSD - Solid-State Drive);9.75;oca-l10n-brazil/tipi
84717090;Outras, incluídas as combinações de unidades de, pelo menos, dois dos itens precedentes;9.75;oca-l10n-brazil/tipi
84718000;Outras unidades de máquinas automáticas para processamento de dados;9.75;oca-l10n-brazil/tipi
84719011;De cartões magnéticos;9.75;oca-l10n-brazil/tipi
84719012;Leitores de códigos de barras;9.75;oca-l10n-brazil/tipi
84719013;Leitores de caracteres magnetizáveis;9.75;oca-l10n-brazil/tipi
84719014;Digitalizadores de imagens (scanners);0.00;oca-l10n-brazil/tipi
84719019;Outros;9.75;oca-l10n-brazil/tipi
84719090;Outros;9.75;oca-l10n-brazil/tipi
84721000;Duplicadores;0.00;oca-l10n-brazil/tipi
84723010;Máquinas automáticas para obliterar selos postais;13.00;oca-l10n-brazil/tipi
84723020;Máquinas automáticas para seleção de correspondência por formato e classificação e distribuição d...;13.00;oca-l10n-brazil/tipi
84723030;Máquinas automáticas para seleção e distribuição de encomendas, por leitura óptica do código postal;13.00;oca-l10n-brazil/tipi
84723090;Outras;13.00;oca-l10n-brazil/tipi
84729010;Distribuidores (dispensadores) automáticos de notas (papéis-moeda), incluindo os que efetuam outr...;15.00;oca-l10n-brazil/tipi
84729020;Máquinas do tipo utilizado em caixas de banco, com dispositivo para autenticar;9.75;oca-l10n-brazil/tipi
84729030;Máquinas para selecionar e contar moedas ou notas (papéis-moeda);13.00;oca-l10n-brazil/tipi
84729040;Máquinas apontadoras de lápis (apara-lápis), perfuradores, grampeadores e desgrampeadores;13.00;oca-l10n-brazil/tipi
84729051;Com capacidade de classificação superior a 400 documentos por minuto;9.75;oca-l10n-brazil/tipi
84729059;Outras;9.75;oca-l10n-brazil/tipi
84729091;Máquinas para imprimir endereços ou para estampar placas de endereços;13.00;oca-l10n-brazil/tipi
84729099;Outros;0.00;oca-l10n-brazil/tipi
84732100;Das calculadoras eletrônicas das subposições 8470.10, 8470.21 ou 8470.29;1.30;oca-l10n-brazil/tipi
84732910;Circuitos impressos com componentes elétricos ou eletrônicos, montados, para caixas registradoras;15.00;oca-l10n-brazil/tipi
84732920;De máquinas da subposição 8470.30;13.00;oca-l10n-brazil/tipi
84732990;Outros;15.00;oca-l10n-brazil/tipi
84733011;Com fonte de alimentação, mesmo com módulo display numérico;6.50;oca-l10n-brazil/tipi
84733019;Outros;6.50;oca-l10n-brazil/tipi
84733031;Conjuntos cabeça-disco (HDA - Head Disk Assembly) de unidades de discos rígidos, montados;6.50;oca-l10n-brazil/tipi
84733032;Braços posicionadores de cabeças magnéticas;1.30;oca-l10n-brazil/tipi
84733033;Cabeças magnéticas;1.30;oca-l10n-brazil/tipi
84733034;Mecanismos bobinadores para unidades de fitas magnéticas (magnetic tape transporter);6.50;oca-l10n-brazil/tipi
84733039;Outras;6.50;oca-l10n-brazil/tipi
84733041;Placas-mãe (mother boards);15.00;oca-l10n-brazil/tipi
84733042;Placas (módulos) de memória com uma superfície inferior ou igual a 50 cm2;15.00;oca-l10n-brazil/tipi
84733049;Outros;15.00;oca-l10n-brazil/tipi
84733090;Outros;6.50;oca-l10n-brazil/tipi
84734010;Circuitos impressos com componentes elétricos ou eletrônicos, montados;9.75;oca-l10n-brazil/tipi
84734070;Outras partes e acessórios das máquinas dos itens 8472.90.10 ou 8472.90.20;10.00;oca-l10n-brazil/tipi
84734090;Outros;13.00;oca-l10n-brazil/tipi
84735010;Circuitos impressos com componentes elétricos ou eletrônicos, montados;15.00;oca-l10n-brazil/tipi
84735040;Cabeças magnéticas;3.25;oca-l10n-brazil/tipi
84735050;Placas (módulos) de memória com uma superfície inferior ou igual a 50 cm2;9.75;oca-l10n-brazil/tipi
84735090;Outros;10.00;oca-l10n-brazil/tipi
84741000;Máquinas e aparelhos para selecionar, peneirar, separar ou lavar;0.00;oca-l10n-brazil/tipi
84742010;De bolas;0.00;oca-l10n-brazil/tipi
84742090;Outros;0.00;oca-l10n-brazil/tipi
84743100;Betoneiras e aparelhos para amassar cimento;0.00;oca-l10n-brazil/tipi
84743200;Máquinas para misturar matérias minerais com betume;0.00;oca-l10n-brazil/tipi
84743900;Outros;0.00;oca-l10n-brazil/tipi
84748010;Para fazer moldes de areia para fundição;0.00;oca-l10n-brazil/tipi
84748090;Outras;0.00;oca-l10n-brazil/tipi
84749000;Partes;0.00;oca-l10n-brazil/tipi
84751000;Máquinas para montagem de lâmpadas, tubos ou válvulas, elétricos ou eletrônicos, ou de lâmpadas d...;0.00;oca-l10n-brazil/tipi
84752100;Máquinas para fabricação de fibras ópticas e de seus esboços;0.00;oca-l10n-brazil/tipi
84752910;Para fabricação de recipientes da posição 70.10, exceto ampolas;0.00;oca-l10n-brazil/tipi
84752990;Outras;0.00;oca-l10n-brazil/tipi
84759000;Partes;3.25;oca-l10n-brazil/tipi
84762100;Com dispositivo de aquecimento ou de refrigeração incorporado;11.70;oca-l10n-brazil/tipi
84762900;Outras;11.70;oca-l10n-brazil/tipi
84768100;Com dispositivo de aquecimento ou de refrigeração incorporado;11.70;oca-l10n-brazil/tipi
84768910;Máquinas automáticas de venda de selos postais;11.70;oca-l10n-brazil/tipi
84768990;Outras;11.70;oca-l10n-brazil/tipi
84769000;Partes;11.70;oca-l10n-brazil/tipi
84771011;Monocolor, para materiais termoplásticos, com capacidade de injeção inferior ou igual a 5.000 g e...;0.00;oca-l10n-brazil/tipi
84771019;Outras;0.00;oca-l10n-brazil/tipi
84771021;Monocolor, para materiais termoplásticos, com capacidade de injeção inferior ou igual a 5.000 g e...;0.00;oca-l10n-brazil/tipi
84771029;Outras;0.00;oca-l10n-brazil/tipi
84771091;De comando numérico;0.00;oca-l10n-brazil/tipi
84771099;Outras;0.00;oca-l10n-brazil/tipi
84772010;Para materiais termoplásticos, de diâmetro da rosca inferior ou igual a 300 mm;0.00;oca-l10n-brazil/tipi
84772090;Outras;0.00;oca-l10n-brazil/tipi
84773010;Para fabricação de recipientes termoplásticos de capacidade inferior ou igual a 5 l, com uma prod...;0.00;oca-l10n-brazil/tipi
84773090;Outras;0.00;oca-l10n-brazil/tipi
84774010;De moldar a vácuo poliestireno expandido (EPS) ou polipropileno expandido (EPP);0.00;oca-l10n-brazil/tipi
84774090;Outras;0.00;oca-l10n-brazil/tipi
84775100;Para moldar ou recauchutar pneumáticos ou para moldar ou dar forma a câmaras de ar;0.00;oca-l10n-brazil/tipi
84775911;Com capacidade inferior ou igual a 30.000 kN;0.00;oca-l10n-brazil/tipi
84775919;Outras;0.00;oca-l10n-brazil/tipi
84775990;Outras;0.00;oca-l10n-brazil/tipi
84778010;Máquina de unir lâminas de borracha entre si ou com tecidos com borracha, para fabricação de pneu...;0.00;oca-l10n-brazil/tipi
84778090;Outras;0.00;oca-l10n-brazil/tipi
84779000;Partes;3.25;oca-l10n-brazil/tipi
84781010;Batedoras-separadoras automáticas de talos e folhas;6.50;oca-l10n-brazil/tipi
84781090;Outros;6.50;oca-l10n-brazil/tipi
84789000;Partes;6.50;oca-l10n-brazil/tipi
84791010;Automotrizes para espalhar e calcar pisos (pavimentos) betuminosos;0.00;oca-l10n-brazil/tipi
84791090;Outros;0.00;oca-l10n-brazil/tipi
84792000;Máquinas e aparelhos para extração ou preparação de óleos ou gorduras vegetais ou de origem micro...;0.00;oca-l10n-brazil/tipi
84793000;Prensas para fabricação de painéis de partículas, de fibras de madeira ou de outras matérias lenh...;0.00;oca-l10n-brazil/tipi
84794000;Máquinas para fabricação de cordas ou cabos;0.00;oca-l10n-brazil/tipi
84795000;Robôs industriais, não especificados nem compreendidos noutras posições;0.00;oca-l10n-brazil/tipi
84796000;Aparelhos de evaporação para arrefecimento do ar;0.00;oca-l10n-brazil/tipi
84797100;Do tipo utilizado em aeroportos;0.00;oca-l10n-brazil/tipi
84797900;Outras;0.00;oca-l10n-brazil/tipi
84798110;Diferenciadores das tensões de tração de entrada e saída da chapa, em instalações de galvanoplastia;0.00;oca-l10n-brazil/tipi
84798190;Outros;0.00;oca-l10n-brazil/tipi
84798210;Misturadores;0.00;oca-l10n-brazil/tipi
84798290;Outros;0.00;oca-l10n-brazil/tipi
84798300;Prensas isostáticas a frio;0.00;oca-l10n-brazil/tipi
84798911;Prensas;0.00;oca-l10n-brazil/tipi
84798912;Distribuidores e doseadores de sólidos ou de líquidos;0.00;oca-l10n-brazil/tipi
84798921;Máquinas e aparelhos para cestaria ou espartaria;0.00;oca-l10n-brazil/tipi
84798922;Máquinas e aparelhos para fabricação de pincéis, brochas ou escovas;0.00;oca-l10n-brazil/tipi
84798931;Limpadores de para-brisas;3.25;oca-l10n-brazil/tipi
84798932;Acumuladores;3.25;oca-l10n-brazil/tipi
84798940;Silos metálicos para cereais, fixos (não transportáveis), incluindo as baterias, com mecanismos e...;0.00;oca-l10n-brazil/tipi
84798991;Aparelhos para limpar peças por ultrassom;0.00;oca-l10n-brazil/tipi
84798992;Máquinas de leme para embarcações;3.25;oca-l10n-brazil/tipi
84798999;Outros;0.00;oca-l10n-brazil/tipi
84799010;De limpadores de para-brisas elétricos ou de acumuladores hidráulicos para aeronaves;3.25;oca-l10n-brazil/tipi
84799090;Outras;0.00;oca-l10n-brazil/tipi
84801000;Caixas de fundição;0.00;oca-l10n-brazil/tipi
84802000;Placas de fundo para moldes;0.00;oca-l10n-brazil/tipi
84803000;Modelos para moldes;0.00;oca-l10n-brazil/tipi
84804100;Para moldagem por injeção ou por compressão;0.00;oca-l10n-brazil/tipi
84804910;Coquilhas;0.00;oca-l10n-brazil/tipi
84804990;Outros;0.00;oca-l10n-brazil/tipi
84805000;Moldes para vidro;0.00;oca-l10n-brazil/tipi
84806000;Moldes para matérias minerais;0.00;oca-l10n-brazil/tipi
84807100;Para moldagem por injeção ou por compressão;0.00;oca-l10n-brazil/tipi
84807910;Para vulcanização de pneumáticos;0.00;oca-l10n-brazil/tipi
84807990;Outros;0.00;oca-l10n-brazil/tipi
84811000;Válvulas redutoras de pressão;0.00;oca-l10n-brazil/tipi
84812011;Com pinhão;3.25;oca-l10n-brazil/tipi
84812019;Outras;3.25;oca-l10n-brazil/tipi
84812090;Outras;0.00;oca-l10n-brazil/tipi
84813000;Válvulas de retenção;0.00;oca-l10n-brazil/tipi
84814000;Válvulas de segurança ou de alívio;0.00;oca-l10n-brazil/tipi
84818011;Válvulas para escoamento;0.00;oca-l10n-brazil/tipi
84818019;Outros;0.00;oca-l10n-brazil/tipi
84818021;Válvulas de expansão termostáticas ou pressostáticas;0.00;oca-l10n-brazil/tipi
84818029;Outros;3.25;oca-l10n-brazil/tipi
84818031;Com uma pressão de trabalho inferior ou igual a 50 mbar e dispositivo de segurança termoelétrico...;2.60;oca-l10n-brazil/tipi
84818039;Outros;2.60;oca-l10n-brazil/tipi
84818091;Válvulas tipo aerossol;7.80;oca-l10n-brazil/tipi
84818092;Válvulas solenoides;0.00;oca-l10n-brazil/tipi
84818093;Válvulas tipo gaveta;0.00;oca-l10n-brazil/tipi
84818094;Válvulas tipo globo;0.00;oca-l10n-brazil/tipi
84818095;Válvulas tipo esfera;0.00;oca-l10n-brazil/tipi
84818096;Válvulas tipo macho;0.00;oca-l10n-brazil/tipi
84818097;Válvulas tipo borboleta;0.00;oca-l10n-brazil/tipi
84818099;Outros;3.25;oca-l10n-brazil/tipi
84819010;De válvulas tipo aerossol ou dos dispositivos do item 8481.80.1;0.00;oca-l10n-brazil/tipi
84819090;Outras;0.00;oca-l10n-brazil/tipi
84821010;De carga radial;7.80;oca-l10n-brazil/tipi
84821090;Outros;7.80;oca-l10n-brazil/tipi
84822010;De carga radial;7.80;oca-l10n-brazil/tipi
84822090;Outros;7.80;oca-l10n-brazil/tipi
84823000;Rolamentos de roletes em forma de tonel;7.80;oca-l10n-brazil/tipi
84824000;Rolamentos de agulhas, incluindo as montagens de gaiolas e agulhas;7.80;oca-l10n-brazil/tipi
84825010;De carga radial;7.80;oca-l10n-brazil/tipi
84825090;Outros;7.80;oca-l10n-brazil/tipi
84828000;Outros, incluindo os rolamentos combinados;7.80;oca-l10n-brazil/tipi
84829111;Para carga de canetas esferográficas;7.80;oca-l10n-brazil/tipi
84829119;Outras;7.80;oca-l10n-brazil/tipi
84829120;Roletes cilíndricos;7.80;oca-l10n-brazil/tipi
84829130;Roletes cônicos;7.80;oca-l10n-brazil/tipi
84829190;Outros;7.80;oca-l10n-brazil/tipi
84829910;Selos, capas e porta-esferas de aço;7.80;oca-l10n-brazil/tipi
84829990;Outras;7.80;oca-l10n-brazil/tipi
84831011;Forjados, de peso igual ou superior a 900 kg e comprimento igual ou superior a 2.000 mm;0.00;oca-l10n-brazil/tipi
84831019;Outros;2.60;oca-l10n-brazil/tipi
84831020;Árvores de cames para comando de válvulas;0.00;oca-l10n-brazil/tipi
84831030;Veios flexíveis;0.00;oca-l10n-brazil/tipi
84831040;Manivelas;0.00;oca-l10n-brazil/tipi
84831050;Árvores de transmissão providas de acoplamentos dentados com entalhes de proteção contra sobrecar...;7.80;oca-l10n-brazil/tipi
84831090;Outras;0.00;oca-l10n-brazil/tipi
84832000;Mancais (chumaceiras) com rolamentos incorporados;7.80;oca-l10n-brazil/tipi
84833010;"Montados com ""bronzes"" de metal antifricção";7.80;oca-l10n-brazil/tipi
84833021;De diâmetro interno igual ou superior a 200 mm;7.80;oca-l10n-brazil/tipi
84833029;Outros;7.80;oca-l10n-brazil/tipi
84833090;Outros;7.80;oca-l10n-brazil/tipi
84834010;Redutores, multiplicadores, caixas de transmissão e variadores de velocidade, incluindo os conver...;0.00;oca-l10n-brazil/tipi
84834090;Outros;0.00;oca-l10n-brazil/tipi
84835010;Polias, exceto as de rolamentos reguladoras de tensão;7.80;oca-l10n-brazil/tipi
84835090;Outros;7.80;oca-l10n-brazil/tipi
84836011;De fricção;0.00;oca-l10n-brazil/tipi
84836019;Outras;0.00;oca-l10n-brazil/tipi
84836090;Outros;0.00;oca-l10n-brazil/tipi
84839000;"Rodas dentadas e outros elementos de transmissão apresentados separadamente; partes";0.00;oca-l10n-brazil/tipi
84841000;Juntas metaloplásticas;7.80;oca-l10n-brazil/tipi
84842000;Juntas de vedação mecânicas;6.50;oca-l10n-brazil/tipi
84849000;Outros;7.80;oca-l10n-brazil/tipi
84851000;Por depósito de metal;0.00;oca-l10n-brazil/tipi
84852000;Por depósito de plástico ou de borracha;0.00;oca-l10n-brazil/tipi
84853000;Por depósito de gesso, cimento, cerâmica ou de vidro;0.00;oca-l10n-brazil/tipi
84858000;Outras;0.00;oca-l10n-brazil/tipi
84859000;Partes;0.00;oca-l10n-brazil/tipi
84861000;Máquinas e aparelhos para fabricação de boules ou wafers;0.00;oca-l10n-brazil/tipi
84862000;Máquinas e aparelhos para fabricação de dispositivos semicondutores ou de circuitos integrados el...;0.00;oca-l10n-brazil/tipi
84863000;Máquinas e aparelhos para fabricação de dispositivos de visualização de tela (ecrã*) plana;0.00;oca-l10n-brazil/tipi
84864000;Máquinas e aparelhos especificados na Nota 11 C) do presente Capítulo;0.00;oca-l10n-brazil/tipi
84869000;Partes e acessórios;0.00;oca-l10n-brazil/tipi
84871000;Hélices para embarcações e suas pás;6.50;oca-l10n-brazil/tipi
84879000;Outras;6.50;oca-l10n-brazil/tipi
85011011;De passo não superior a 1,8°;6.50;oca-l10n-brazil/tipi
85011019;Outros;6.50;oca-l10n-brazil/tipi
85011021;Síncronos;6.50;oca-l10n-brazil/tipi
85011029;Outros;10.00;oca-l10n-brazil/tipi
85011030;Universais;6.50;oca-l10n-brazil/tipi
85012000;Motores universais de potência superior a 37,5 W;6.50;oca-l10n-brazil/tipi
85013110;Motores;6.50;oca-l10n-brazil/tipi
85013120;Geradores;0.00;oca-l10n-brazil/tipi
85013210;Motores;0.00;oca-l10n-brazil/tipi
85013220;Geradores;0.00;oca-l10n-brazil/tipi
85013310;Motores;0.00;oca-l10n-brazil/tipi
85013320;Geradores;0.00;oca-l10n-brazil/tipi
85013411;De potência não superior a 3.000 kW;0.00;oca-l10n-brazil/tipi
85013419;Outros;0.00;oca-l10n-brazil/tipi
85013420;Geradores;0.00;oca-l10n-brazil/tipi
85014011;Síncronos;0.00;oca-l10n-brazil/tipi
85014019;Outros;6.50;oca-l10n-brazil/tipi
85014021;Síncronos;0.00;oca-l10n-brazil/tipi
85014029;Outros;6.50;oca-l10n-brazil/tipi
85015110;Trifásicos, com rotor de gaiola;0.00;oca-l10n-brazil/tipi
85015120;Trifásicos, com rotor de anéis;0.00;oca-l10n-brazil/tipi
85015190;Outros;0.00;oca-l10n-brazil/tipi
85015210;Trifásicos, com rotor de gaiola;0.00;oca-l10n-brazil/tipi
85015220;Trifásicos, com rotor de anéis;0.00;oca-l10n-brazil/tipi
85015290;Outros;0.00;oca-l10n-brazil/tipi
85015310;Trifásicos, de potência não superior a 7.500 kW;0.00;oca-l10n-brazil/tipi
85015320;Trifásicos, de potência superior a 7.500 kW, mas não superior a 30.000 kW;0.00;oca-l10n-brazil/tipi
85015330;Trifásicos, de potência superior a 30.000 kW, mas não superior a 50.000 kW;0.00;oca-l10n-brazil/tipi
85015390;Outros;0.00;oca-l10n-brazil/tipi
85016100;De potência não superior a 75 kVA;0.00;oca-l10n-brazil/tipi
85016200;De potência superior a 75 kVA, mas não superior a 375 kVA;0.00;oca-l10n-brazil/tipi
85016300;De potência superior a 375 kVA, mas não superior a 750 kVA;0.00;oca-l10n-brazil/tipi
85016400;De potência superior a 750 kVA;0.00;oca-l10n-brazil/tipi
85017100;De potência não superior a 50 W;0.00;oca-l10n-brazil/tipi
85017210;De potência não superior a 75 kW;0.00;oca-l10n-brazil/tipi
85017290;Outros;0.00;oca-l10n-brazil/tipi
85018000;Geradores fotovoltaicos de corrente alternada;0.00;oca-l10n-brazil/tipi
85021110;De corrente alternada;0.00;oca-l10n-brazil/tipi
85021190;Outros;0.00;oca-l10n-brazil/tipi
85021210;De corrente alternada;0.00;oca-l10n-brazil/tipi
85021290;Outros;0.00;oca-l10n-brazil/tipi
85021311;De potência não superior a 430 kVA;0.00;oca-l10n-brazil/tipi
85021319;Outros;0.00;oca-l10n-brazil/tipi
85021390;Outros;0.00;oca-l10n-brazil/tipi
85022011;De potência não superior a 210 kVA;0.00;oca-l10n-brazil/tipi
85022019;Outros;0.00;oca-l10n-brazil/tipi
85022090;Outros;0.00;oca-l10n-brazil/tipi
85023100;De energia eólica;0.00;oca-l10n-brazil/tipi
85023900;Outros;0.00;oca-l10n-brazil/tipi
85024010;De frequência;0.00;oca-l10n-brazil/tipi
85024090;Outros;0.00;oca-l10n-brazil/tipi
85030010;De motores ou geradores das subposições 8501.10, 8501.20, 8501.31, 8501.32 ou do item 8501.40.1;6.50;oca-l10n-brazil/tipi
85030090;Outras;0.00;oca-l10n-brazil/tipi
85041000;Reatores (Balastros*) para lâmpadas ou tubos de descarga;3.25;oca-l10n-brazil/tipi
85042100;De potência não superior a 650 kVA;0.00;oca-l10n-brazil/tipi
85042200;De potência superior a 650 kVA, mas não superior a 10.000 kVA;0.00;oca-l10n-brazil/tipi
85042300;De potência superior a 10.000 kVA;0.00;oca-l10n-brazil/tipi
85043111;Transformadores de corrente;6.50;oca-l10n-brazil/tipi
85043119;Outros;6.50;oca-l10n-brazil/tipi
85043191;Transformador de saída horizontal (fly back), com tensão de saída superior a 18 kV e frequência d...;3.25;oca-l10n-brazil/tipi
85043192;Transformadores de FI, de detecção, de relação, de linearidade ou de foco;13.00;oca-l10n-brazil/tipi
85043193;Outros, de largura e comprimento não superior a 50 mm e altura não superior a 25 mm, próprios par...;;sem-ipi-na-fonte
85043199;Outros;13.00;oca-l10n-brazil/tipi
85043211;Para frequências inferiores ou iguais a 60 Hz;0.00;oca-l10n-brazil/tipi
85043219;Outros;0.00;oca-l10n-brazil/tipi
85043221;Para frequências inferiores ou iguais a 60 Hz;0.00;oca-l10n-brazil/tipi
85043229;Outros;0.00;oca-l10n-brazil/tipi
85043300;De potência superior a 16 kVA, mas não superior a 500 kVA;0.00;oca-l10n-brazil/tipi
85043400;De potência superior a 500 kVA;0.00;oca-l10n-brazil/tipi
85044010;Carregadores de acumuladores;5.00;oca-l10n-brazil/tipi
85044021;De cristal (semicondutores);3.75;oca-l10n-brazil/tipi
85044022;Eletrolíticos;3.25;oca-l10n-brazil/tipi
85044029;Outros;5.00;oca-l10n-brazil/tipi
85044030;Conversores de corrente contínua;15.00;oca-l10n-brazil/tipi
85044040;Equipamento de alimentação ininterrupta de energia (UPS ou no break);9.75;oca-l10n-brazil/tipi
85044050;Conversores eletrônicos de frequência, para variação de velocidade de motores elétricos;9.75;oca-l10n-brazil/tipi
85044060;Aparelhos eletrônicos de alimentação de energia do tipo utilizado para iluminação de emergência;9.75;oca-l10n-brazil/tipi
85044090;Outros;9.75;oca-l10n-brazil/tipi
85045010;De largura e comprimento não superior a 45 mm e altura não superior a 30 mm, próprias para montag...;;sem-ipi-na-fonte
85045090;Outras;;sem-ipi-na-fonte
85049010;Núcleos de pó ferromagnético;6.50;oca-l10n-brazil/tipi
85049020;De reatores para lâmpadas ou tubos de descarga;6.50;oca-l10n-brazil/tipi
85049030;De transformadores das subposições 8504.21, 8504.22, 8504.23, 8504.33 ou 8504.34;6.50;oca-l10n-brazil/tipi
85049040;De conversores estáticos, exceto de carregadores de acumuladores e de retificadores;6.50;oca-l10n-brazil/tipi
85049090;Outras;6.50;oca-l10n-brazil/tipi
85051100;De metal;9.75;oca-l10n-brazil/tipi
85051910;De ferrita (cerâmicos);9.75;oca-l10n-brazil/tipi
85051990;Outros;9.75;oca-l10n-brazil/tipi
85052010;Freios (travões) que atuam por corrente de Foucault, do tipo utilizado nos veículos das posições...;3.25;oca-l10n-brazil/tipi
85052090;Outros;2.60;oca-l10n-brazil/tipi
85059011;Do tipo utilizado em aparelhos de diagnóstico de imagem por ressonância magnética;;sem-ipi-na-fonte
85059019;Outros;;sem-ipi-na-fonte
85059080;Outros;9.75;oca-l10n-brazil/tipi
85059090;Partes;9.75;oca-l10n-brazil/tipi
85061011;De tensão igual a 1,5 V, cilíndricas, do tipo LR14 (C);9.75;oca-l10n-brazil/tipi
85061012;De tensão igual a 1,5 V, cilíndricas, do tipo LR20 (D);9.75;oca-l10n-brazil/tipi
85061019;Outras;9.75;oca-l10n-brazil/tipi
85061020;Outras pilhas;9.75;oca-l10n-brazil/tipi
85061031;Alcalinas, de tensão igual a 9 V;9.75;oca-l10n-brazil/tipi
85061032;Alcalinas, de tensão igual a 12 V;9.75;oca-l10n-brazil/tipi
85061039;Outras;9.75;oca-l10n-brazil/tipi
85063010;Com volume exterior não superior a 300 cm3;9.75;oca-l10n-brazil/tipi
85063090;Outras;9.75;oca-l10n-brazil/tipi
85064010;Com volume exterior não superior a 300 cm3;9.75;oca-l10n-brazil/tipi
85064090;Outras;9.75;oca-l10n-brazil/tipi
85065010;Com volume exterior não superior a 300 cm3;9.75;oca-l10n-brazil/tipi
85065090;Outras;9.75;oca-l10n-brazil/tipi
85066010;Com volume exterior não superior a 300 cm3;9.75;oca-l10n-brazil/tipi
85066090;Outras;9.75;oca-l10n-brazil/tipi
85068010;Com volume exterior não superior a 300 cm3;9.75;oca-l10n-brazil/tipi
85068090;Outras;9.75;oca-l10n-brazil/tipi
85069000;Partes;9.75;oca-l10n-brazil/tipi
85071010;De capacidade inferior ou igual a 20 Ah e tensão inferior ou igual a 12 V;9.75;oca-l10n-brazil/tipi
85071090;Outros;2.60;oca-l10n-brazil/tipi
85072010;De peso inferior ou igual a 1.000 kg;9.75;oca-l10n-brazil/tipi
85072090;Outros;9.75;oca-l10n-brazil/tipi
85073011;De capacidade inferior ou igual a 15 Ah;9.75;oca-l10n-brazil/tipi
85073019;Outros;9.75;oca-l10n-brazil/tipi
85073090;Outros;9.75;oca-l10n-brazil/tipi
85075010;De tensão igual a 1,2 V, cilíndricos do tipo HR6 (AA);9.75;oca-l10n-brazil/tipi
85075020;De tensão igual a 1,2 V, cilíndricos do tipo HR03 (AAA);9.75;oca-l10n-brazil/tipi
85075090;Outros;9.75;oca-l10n-brazil/tipi
85076000;De íon de lítio;11.25;oca-l10n-brazil/tipi
85078000;Outros acumuladores;9.75;oca-l10n-brazil/tipi
85079010;Separadores;9.75;oca-l10n-brazil/tipi
85079020;Recipientes de plástico, suas tampas e tampões;9.75;oca-l10n-brazil/tipi
85079090;Outras;15.00;oca-l10n-brazil/tipi
85081100;De potência não superior a 1.500 W e cujo volume do reservatório não exceda 20 l;6.50;oca-l10n-brazil/tipi
85081900;Outros;6.50;oca-l10n-brazil/tipi
85086000;Outros aspiradores;6.50;oca-l10n-brazil/tipi
85087000;Partes;6.50;oca-l10n-brazil/tipi
85094010;Liquidificadores;6.50;oca-l10n-brazil/tipi
85094020;Batedeiras;6.50;oca-l10n-brazil/tipi
85094030;Moedores de carne;6.50;oca-l10n-brazil/tipi
85094040;Extratores centrífugos de sucos;6.50;oca-l10n-brazil/tipi
85094050;Aparelhos de funções múltiplas, providos de acessórios intercambiáveis, para processar alimentos;6.50;oca-l10n-brazil/tipi
85094090;Outros;6.50;oca-l10n-brazil/tipi
85098010;Enceradeiras de pisos;6.50;oca-l10n-brazil/tipi
85098090;Outros;6.50;oca-l10n-brazil/tipi
85099000;Partes;10.00;oca-l10n-brazil/tipi
85101000;Aparelhos ou máquinas de barbear;13.00;oca-l10n-brazil/tipi
85102000;Máquinas de cortar o cabelo ou de tosquiar;13.00;oca-l10n-brazil/tipi
85103000;Aparelhos de depilar;6.50;oca-l10n-brazil/tipi
85109011;Lâminas;13.00;oca-l10n-brazil/tipi
85109019;Outras;13.00;oca-l10n-brazil/tipi
85109020;Pentes e contrapentes para máquinas de tosquiar;13.00;oca-l10n-brazil/tipi
85109090;Outras;13.00;oca-l10n-brazil/tipi
85111000;Velas de ignição;9.75;oca-l10n-brazil/tipi
85112010;Magnetos;9.75;oca-l10n-brazil/tipi
85112090;Outros;9.75;oca-l10n-brazil/tipi
85113010;Distribuidores;9.75;oca-l10n-brazil/tipi
85113020;Bobinas de ignição;9.75;oca-l10n-brazil/tipi
85114000;Motores de arranque, mesmo funcionando como geradores;2.60;oca-l10n-brazil/tipi
85115010;Dínamos e alternadores;2.60;oca-l10n-brazil/tipi
85115090;Outros;15.00;oca-l10n-brazil/tipi
85118010;Velas de aquecimento;9.75;oca-l10n-brazil/tipi
85118020;Reguladores de voltagem (conjuntores-disjuntores);9.75;oca-l10n-brazil/tipi
85118030;Ignição eletrônica digital;9.75;oca-l10n-brazil/tipi
85118090;Outros;9.75;oca-l10n-brazil/tipi
85119000;Partes;9.75;oca-l10n-brazil/tipi
85121000;Aparelhos de iluminação ou de sinalização visual do tipo utilizado em bicicletas;9.75;oca-l10n-brazil/tipi
85122011;Faróis;2.60;oca-l10n-brazil/tipi
85122019;Outros;9.75;oca-l10n-brazil/tipi
85122021;Luzes fixas;2.60;oca-l10n-brazil/tipi
85122022;Luzes indicadoras de manobras;9.75;oca-l10n-brazil/tipi
85122023;Caixas de luzes combinadas;9.75;oca-l10n-brazil/tipi
85122029;Outros;9.75;oca-l10n-brazil/tipi
85123000;Aparelhos de sinalização acústica;9.75;oca-l10n-brazil/tipi
85124010;Limpadores de para-brisas;9.75;oca-l10n-brazil/tipi
85124020;Degeladores e desembaçadores;9.75;oca-l10n-brazil/tipi
85129000;Partes;9.75;oca-l10n-brazil/tipi
85131010;Manuais;9.75;oca-l10n-brazil/tipi
85131090;Outras;9.75;oca-l10n-brazil/tipi
85139000;Partes;9.75;oca-l10n-brazil/tipi
85141100;Prensas isostáticas a quente;0.00;oca-l10n-brazil/tipi
85141900;Outros;0.00;oca-l10n-brazil/tipi
85142011;Industriais;0.00;oca-l10n-brazil/tipi
85142019;Outros;3.25;oca-l10n-brazil/tipi
85142020;Por perdas dielétricas;0.00;oca-l10n-brazil/tipi
85143100;Fornos de feixe de elétrons;0.00;oca-l10n-brazil/tipi
85143200;Fornos de plasma e fornos de arco a vácuo;0.00;oca-l10n-brazil/tipi
85143900;Outros;3.25;oca-l10n-brazil/tipi
85144000;Outros aparelhos para tratamento térmico de matérias por indução ou por perdas dielétricas;0.00;oca-l10n-brazil/tipi
85149000;Partes;3.25;oca-l10n-brazil/tipi
85151100;Ferros e pistolas;3.25;oca-l10n-brazil/tipi
85151900;Outros;0.00;oca-l10n-brazil/tipi
85152100;Inteira ou parcialmente automáticos;0.00;oca-l10n-brazil/tipi
85152900;Outros;0.00;oca-l10n-brazil/tipi
85153110;Robôs para soldar, por arco, em atmosfera inerte (MIG - Metal Inert Gas) ou atmosfera ativa (MAG...;0.00;oca-l10n-brazil/tipi
85153190;Outros;0.00;oca-l10n-brazil/tipi
85153900;Outros;0.00;oca-l10n-brazil/tipi
85158010;Para soldar a laser;0.00;oca-l10n-brazil/tipi
85158090;Outros;0.00;oca-l10n-brazil/tipi
85159000;Partes;0.00;oca-l10n-brazil/tipi
85161000;Aquecedores elétricos de água, incluindo os de imersão;0.00;oca-l10n-brazil/tipi
85162100;Radiadores de acumulação;13.00;oca-l10n-brazil/tipi
85162900;Outros;13.00;oca-l10n-brazil/tipi
85163100;Secadores de cabelo;20.00;oca-l10n-brazil/tipi
85163200;Outros aparelhos para arranjos do cabelo;20.00;oca-l10n-brazil/tipi
85163300;Aparelhos para secar as mãos;13.00;oca-l10n-brazil/tipi
85164000;Ferros elétricos de passar;6.50;oca-l10n-brazil/tipi
85165000;Fornos de micro-ondas;35.00;oca-l10n-brazil/tipi
85166000;"Outros fornos; fogões de cozinha, fogareiros (incluindo as chapas de cocção), grelhas e assadeiras";3.25;oca-l10n-brazil/tipi
85167100;Aparelhos para preparação de café ou de chá;7.80;oca-l10n-brazil/tipi
85167200;Torradeiras de pão;7.80;oca-l10n-brazil/tipi
85167910;Panelas;7.80;oca-l10n-brazil/tipi
85167920;Fritadoras;7.80;oca-l10n-brazil/tipi
85167990;Outros;9.75;oca-l10n-brazil/tipi
85168010;Para aparelhos da presente posição;6.50;oca-l10n-brazil/tipi
85168090;Outras;6.50;oca-l10n-brazil/tipi
85169000;Partes;5.00;oca-l10n-brazil/tipi
85171100;Aparelhos telefônicos por fio com unidade auscultador-microfone sem fio;6.50;oca-l10n-brazil/tipi
85171300;Telefones inteligentes (smartphones);15.00;oca-l10n-brazil/tipi
85171410;De radiotelefonia, analógicos;9.75;oca-l10n-brazil/tipi
85171431;Portáteis;11.25;oca-l10n-brazil/tipi
85171432;Fixos, sem fonte própria de energia;9.75;oca-l10n-brazil/tipi
85171439;Outros;9.75;oca-l10n-brazil/tipi
85171441;Digitais, operando em banda C, Ku, L ou S;9.75;oca-l10n-brazil/tipi
85171449;Outros;9.75;oca-l10n-brazil/tipi
85171490;Outros;9.75;oca-l10n-brazil/tipi
85171830;Não combinados com outros aparelhos;6.50;oca-l10n-brazil/tipi
85171890;Outros;9.75;oca-l10n-brazil/tipi
85176130;De telefonia celular;15.00;oca-l10n-brazil/tipi
85176141;Principal terrena fixa, sem conjunto antena-refletor;9.75;oca-l10n-brazil/tipi
85176142;VSAT (Very Small Aperture Terminal), sem conjunto antena-refletor;9.75;oca-l10n-brazil/tipi
85176143;Digitais, operando em banda C, Ku, L ou S;9.75;oca-l10n-brazil/tipi
85176149;Outras;9.75;oca-l10n-brazil/tipi
85176191;Digitais, de frequência igual ou superior a 15 GHz e inferior ou igual a 23 GHz e taxa de transmi...;9.75;oca-l10n-brazil/tipi
85176192;Digitais, de frequência superior a 23 GHz;9.75;oca-l10n-brazil/tipi
85176199;Outras;9.75;oca-l10n-brazil/tipi
85176214;Concentradores de linhas de assinantes (terminais de central ou terminal remoto);9.75;oca-l10n-brazil/tipi
85176215;Multiplexadores;0.00;oca-l10n-brazil/tipi
85176221;Centrais automáticas públicas, incluindo as de trânsito;9.75;oca-l10n-brazil/tipi
85176229;Outros;9.75;oca-l10n-brazil/tipi
85176234;Aparelhos para comutação de pacotes de dados (switches);9.75;oca-l10n-brazil/tipi
85176239;Outros;9.75;oca-l10n-brazil/tipi
85176241;Com capacidade de conexão sem fio;15.00;oca-l10n-brazil/tipi
85176249;Outros;9.75;oca-l10n-brazil/tipi
85176251;Terminais ou repetidores sobre linhas metálicas;9.75;oca-l10n-brazil/tipi
85176252;Terminais ou repetidores sobre linhas de fibras ópticas, com velocidade de transmissão superior a...;9.75;oca-l10n-brazil/tipi
85176253;Terminais de texto que operem com código de transmissão Baudot, providos de teclado alfanumérico...;9.75;oca-l10n-brazil/tipi
85176254;Distribuidores de conexões para redes (hubs);9.75;oca-l10n-brazil/tipi
85176255;Moduladores-demoduladores (modems);15.00;oca-l10n-brazil/tipi
85176256;Interfones;10.00;oca-l10n-brazil/tipi
85176259;Outros;15.00;oca-l10n-brazil/tipi
85176262;De tecnologia celular;15.00;oca-l10n-brazil/tipi
85176264;Por satélite, digitais, operando em banda C, Ku, L ou S;9.75;oca-l10n-brazil/tipi
85176265;Outros, por satélite;9.75;oca-l10n-brazil/tipi
85176272;De frequência inferior a 15 GHz e de taxa de transmissão inferior ou igual a 34 Mbit/s, exceto os...;15.00;oca-l10n-brazil/tipi
85176273;Interfones;10.00;oca-l10n-brazil/tipi
85176277;Outros, de frequência inferior a 15 GHz;15.00;oca-l10n-brazil/tipi
85176278;De frequência igual ou superior a 15 GHz, mas inferior ou igual a 23 GHz e taxa de transmissão in...;9.75;oca-l10n-brazil/tipi
85176279;Outros;15.00;oca-l10n-brazil/tipi
85176291;Aparelhos transmissores (emissores);9.75;oca-l10n-brazil/tipi
85176294;Tradutores (conversores) de protocolos para interconexão de redes (gateways);9.75;oca-l10n-brazil/tipi
85176296;Outros, analógicos;9.75;oca-l10n-brazil/tipi
85176299;Outros;9.75;oca-l10n-brazil/tipi
85176900;Outros;9.75;oca-l10n-brazil/tipi
85177110;Antenas próprias para telefones celulares portáteis;3.25;oca-l10n-brazil/tipi
85177120;Antenas próprias para estações-base de telefonia celular;;sem-ipi-na-fonte
85177190;Outras;6.50;oca-l10n-brazil/tipi
85177900;Outras;15.00;oca-l10n-brazil/tipi
85181010;Piezelétricos próprios para aparelhos telefônicos;3.25;oca-l10n-brazil/tipi
85181090;Outros;9.75;oca-l10n-brazil/tipi
85182100;Alto-falante (altifalante) único montado na sua caixa (coluna);15.00;oca-l10n-brazil/tipi
85182200;Alto-falantes (altifalantes) múltiplos montados na mesma caixa (coluna);15.00;oca-l10n-brazil/tipi
85182910;Piezelétricos próprios para aparelhos telefônicos;3.25;oca-l10n-brazil/tipi
85182990;Outros;9.75;oca-l10n-brazil/tipi
85183000;Fones de ouvido (Auscultadores e auriculares*), mesmo combinados com um microfone, e conjuntos ou...;9.75;oca-l10n-brazil/tipi
85184000;Amplificadores elétricos de audiofrequência;15.00;oca-l10n-brazil/tipi
85185000;Aparelhos elétricos de amplificação de som;9.75;oca-l10n-brazil/tipi
85189010;De alto-falantes (altifalantes);9.75;oca-l10n-brazil/tipi
85189090;Outras;15.00;oca-l10n-brazil/tipi
85192000;Aparelhos que funcionem por introdução de moedas, notas (papéis-moeda), cartões de banco, fichas...;16.25;oca-l10n-brazil/tipi
85193000;Pratos de toca-discos (gira-discos*);19.50;oca-l10n-brazil/tipi
85198110;Com sistema de leitura óptica por laser (leitores de discos compactos);19.50;oca-l10n-brazil/tipi
85198120;Gravadores de som de cabinas de aeronaves;16.25;oca-l10n-brazil/tipi
85198190;Outros;19.50;oca-l10n-brazil/tipi
85198900;Outros;11.70;oca-l10n-brazil/tipi
85211010;Gravador-reprodutor, sem sintonizador;16.25;oca-l10n-brazil/tipi
85211081;Em cassete, de largura de fita igual a 12,65 mm (1/2'');16.25;oca-l10n-brazil/tipi
85211089;Outros;16.25;oca-l10n-brazil/tipi
85211090;Outros, para fitas de largura igual ou superior a 19,05 mm (3/4'');16.25;oca-l10n-brazil/tipi
85219000;Outros;25.00;oca-l10n-brazil/tipi
85221000;Fonocaptores;16.25;oca-l10n-brazil/tipi
85229000;Outros;16.25;oca-l10n-brazil/tipi
85232110;Não gravados;9.75;oca-l10n-brazil/tipi
85232120;Gravados;9.75;oca-l10n-brazil/tipi
85232911;Do tipo utilizado em unidades de discos rígidos;3.25;oca-l10n-brazil/tipi
85232919;Outros;9.75;oca-l10n-brazil/tipi
85232990;Outros;3.25;oca-l10n-brazil/tipi
85234110;Discos para sistema de leitura por raios laser com possibilidade de serem gravados uma única vez;9.75;oca-l10n-brazil/tipi
85234190;Outros;9.75;oca-l10n-brazil/tipi
85234910;Para reprodução apenas do som;15.00;oca-l10n-brazil/tipi
85234920;Para reprodução de fenômenos diferentes do som ou da imagem;9.75;oca-l10n-brazil/tipi
85234990;Outros;15.00;oca-l10n-brazil/tipi
85235110;Cartões de memória (memory cards);1.30;oca-l10n-brazil/tipi
85235190;Outros;15.00;oca-l10n-brazil/tipi
85235210;Cartões e etiquetas de acionamento por aproximação;6.50;oca-l10n-brazil/tipi
85235290;Outros;3.25;oca-l10n-brazil/tipi
85235900;Outros;9.75;oca-l10n-brazil/tipi
85238000;Outros;9.75;oca-l10n-brazil/tipi
85241100;De cristais líquidos;6.50;oca-l10n-brazil/tipi
85241200;De diodos emissores de luz orgânicos (OLED);6.50;oca-l10n-brazil/tipi
85241900;Outros;6.50;oca-l10n-brazil/tipi
85249100;De cristais líquidos;10.00;oca-l10n-brazil/tipi
85249200;De diodos emissores de luz orgânicos (OLED);10.00;oca-l10n-brazil/tipi
85249900;Outros;10.00;oca-l10n-brazil/tipi
85255011;Em AM, com modulação por código ou largura de pulso, totalmente a semicondutor e com potência de...;9.75;oca-l10n-brazil/tipi
85255019;Outros;9.75;oca-l10n-brazil/tipi
85255021;De frequência superior a 7 GHz;9.75;oca-l10n-brazil/tipi
85255022;Em banda UHF, de frequência igual ou superior a 2,0 GHz, mas não superior a 2,7 GHz, com potência...;9.75;oca-l10n-brazil/tipi
85255023;Em banda UHF, com potência de saída superior a 10 kW;9.75;oca-l10n-brazil/tipi
85255024;Em banda VHF, com potência de saída igual ou superior a 20 kW;9.75;oca-l10n-brazil/tipi
85255029;Outros;0.00;oca-l10n-brazil/tipi
85256010;De radiodifusão;0.00;oca-l10n-brazil/tipi
85256020;De televisão, de frequência superior a 7 GHz;0.00;oca-l10n-brazil/tipi
85256090;Outros;0.00;oca-l10n-brazil/tipi
85258100;Ultrarrápidas, mencionadas na Nota de subposições 1 do presente Capítulo;15.00;oca-l10n-brazil/tipi
85258200;Outras, resistentes à radiação, mencionadas na Nota de subposições 2 do presente Capítulo;15.00;oca-l10n-brazil/tipi
85258300;Outras, de visão noturna, mencionadas na Nota de subposições 3 do presente Capítulo;15.00;oca-l10n-brazil/tipi
85258911;Com três ou mais captadores de imagem;13.00;oca-l10n-brazil/tipi
85258912;Com sensor de imagem a semicondutor tipo CCD, de mais de 490 x 580 elementos de imagem (pixels) a...;20.00;oca-l10n-brazil/tipi
85258913;Com sensor de imagem a semicondutor tipo CMOS, de mais de 490 x 580 elementos de imagem (pixels)...;13.00;oca-l10n-brazil/tipi
85258914;Outras, próprias para captar imagens exclusivamente no espectro infravermelho de comprimento de o...;13.00;oca-l10n-brazil/tipi
85258919;Outras;0.00;oca-l10n-brazil/tipi
85258921;Com três ou mais captadores de imagem;13.00;oca-l10n-brazil/tipi
85258922;Outras, próprias para captar imagens exclusivamente no espectro infravermelho de comprimento de o...;13.00;oca-l10n-brazil/tipi
85258929;Outras;20.00;oca-l10n-brazil/tipi
85261000;Aparelhos de radiodetecção e de radiossondagem (radar);13.00;oca-l10n-brazil/tipi
85269100;Aparelhos de radionavegação;13.00;oca-l10n-brazil/tipi
85269200;Aparelhos de radiotelecomando;13.00;oca-l10n-brazil/tipi
85271200;Rádios toca-fitas (Rádios-leitores de cassetes*) de bolso;13.00;oca-l10n-brazil/tipi
85271300;Outros aparelhos combinados com um aparelho de gravação ou de reprodução de som;20.00;oca-l10n-brazil/tipi
85271900;Outros;13.00;oca-l10n-brazil/tipi
85272100;Combinados com um aparelho de gravação ou de reprodução de som;10.00;oca-l10n-brazil/tipi
85272900;Outros;10.00;oca-l10n-brazil/tipi
85279100;Combinados com um aparelho de gravação ou de reprodução de som;20.00;oca-l10n-brazil/tipi
85279200;Não combinados com um aparelho de gravação ou de reprodução de som, mas combinados com um relógio;13.00;oca-l10n-brazil/tipi
85279910;Amplificador com sintonizador (receiver);13.00;oca-l10n-brazil/tipi
85279990;Outros;13.00;oca-l10n-brazil/tipi
85284200;Capazes de serem conectados diretamente a uma máquina automática para processamento de dados da p...;9.75;oca-l10n-brazil/tipi
85284930;Policromáticos, com dispositivos de seleção de varredura (underscanning) e de retardo de sincroni...;13.00;oca-l10n-brazil/tipi
85284990;Outros;13.00;oca-l10n-brazil/tipi
85285200;Capazes de serem conectados diretamente a uma máquina automática para processamento de dados da p...;15.00;oca-l10n-brazil/tipi
85285900;Outros;13.00;oca-l10n-brazil/tipi
85286200;Capazes de serem conectados diretamente a uma máquina automática para processamento de dados da p...;15.00;oca-l10n-brazil/tipi
85286910;Com tecnologia de dispositivo digital de microespelhos (DMD - Digital Micromirror Device);13.00;oca-l10n-brazil/tipi
85286990;Outros;13.00;oca-l10n-brazil/tipi
85287111;Sem saída de radiofrequência (RF) modulada nos canais 3 ou 4, com saídas de áudio balanceadas com...;3.25;oca-l10n-brazil/tipi
85287119;Outros;5.00;oca-l10n-brazil/tipi
85287190;Outros;20.00;oca-l10n-brazil/tipi
85287200;Outros, a cores;20.00;oca-l10n-brazil/tipi
85287300;Outros, a preto e branco ou outros monocromos;13.00;oca-l10n-brazil/tipi
85291020;Antenas com refletor parabólico;6.50;oca-l10n-brazil/tipi
85291090;Outros;6.50;oca-l10n-brazil/tipi
85299011;Gabinetes e bastidores;6.50;oca-l10n-brazil/tipi
85299012;Circuitos impressos com componentes elétricos ou eletrônicos, montados;15.00;oca-l10n-brazil/tipi
85299019;Outras;0.00;oca-l10n-brazil/tipi
85299020;De aparelhos das posições 85.27 ou 85.28;10.00;oca-l10n-brazil/tipi
85299030;De aparelhos da subposição 8526.10;6.50;oca-l10n-brazil/tipi
85299040;De aparelhos da subposição 8526.91;6.50;oca-l10n-brazil/tipi
85299050;De módulos de visualização da posição 85.24;6.50;oca-l10n-brazil/tipi
85299090;Outras;6.50;oca-l10n-brazil/tipi
85301010;Digitais, para controle de tráfego;9.75;oca-l10n-brazil/tipi
85301090;Outros;3.25;oca-l10n-brazil/tipi
85308010;Digitais, para controle de tráfego de automotores;9.75;oca-l10n-brazil/tipi
85308090;Outros;6.50;oca-l10n-brazil/tipi
85309000;Partes;6.50;oca-l10n-brazil/tipi
85311010;Alarmes contra incêndio ou sobreaquecimento;9.75;oca-l10n-brazil/tipi
85311090;Outros;15.00;oca-l10n-brazil/tipi
85312000;Painéis indicadores com dispositivos de cristais líquidos (LCD) ou de diodos emissores de luz (LED);0.00;oca-l10n-brazil/tipi
85318000;Outros aparelhos;9.75;oca-l10n-brazil/tipi
85319000;Partes;9.75;oca-l10n-brazil/tipi
85321000;Condensadores fixos concebidos para linhas elétricas de 50/60 Hz e capazes de absorver uma potênc...;0.00;oca-l10n-brazil/tipi
85322111;Com tensão de isolação inferior ou igual a 125 V;1.30;oca-l10n-brazil/tipi
85322119;Outros;1.30;oca-l10n-brazil/tipi
85322120;Próprios para montagem por inserção (PTH - Pin Through Hole);6.50;oca-l10n-brazil/tipi
85322190;Outros;6.50;oca-l10n-brazil/tipi
85322200;Eletrolíticos de alumínio;6.50;oca-l10n-brazil/tipi
85322310;Próprios para montagem em superfície (SMD - Surface Mounted Device);3.25;oca-l10n-brazil/tipi
85322390;Outros;6.50;oca-l10n-brazil/tipi
85322410;Próprios para montagem em superfície (SMD - Surface Mounted Device);1.30;oca-l10n-brazil/tipi
85322420;Próprios para montagem por inserção (PTH - Pin Through Hole);6.50;oca-l10n-brazil/tipi
85322490;Outros;6.50;oca-l10n-brazil/tipi
85322510;Próprios para montagem em superfície (SMD - Surface Mounted Device);1.30;oca-l10n-brazil/tipi
85322590;Outros;6.50;oca-l10n-brazil/tipi
85322910;Próprios para montagem em superfície (SMD - Surface Mounted Device);1.30;oca-l10n-brazil/tipi
85322990;Outros;6.50;oca-l10n-brazil/tipi
85323010;Próprios para montagem em superfície (SMD - Surface Mounted Device);1.30;oca-l10n-brazil/tipi
85323090;Outros;6.50;oca-l10n-brazil/tipi
85329000;Partes;6.50;oca-l10n-brazil/tipi
85331000;Resistências fixas de carbono, aglomeradas ou de camada;6.50;oca-l10n-brazil/tipi
85332110;De fio;6.50;oca-l10n-brazil/tipi
85332120;Próprias para montagem em superfície (SMD - Surface Mounted Device);1.30;oca-l10n-brazil/tipi
85332190;Outras;6.50;oca-l10n-brazil/tipi
85332900;Outras;6.50;oca-l10n-brazil/tipi
85333110;Potenciômetros;6.50;oca-l10n-brazil/tipi
85333190;Outras;6.50;oca-l10n-brazil/tipi
85333910;Potenciômetros;6.50;oca-l10n-brazil/tipi
85333990;Outras;6.50;oca-l10n-brazil/tipi
85334011;Termistores;6.50;oca-l10n-brazil/tipi
85334012;Varistores para uma tensão inferior ou igual a 1.000 V;6.50;oca-l10n-brazil/tipi
85334013;Outros varistores;6.50;oca-l10n-brazil/tipi
85334019;Outras;6.50;oca-l10n-brazil/tipi
85334091;Potenciômetro de carvão, do tipo utilizado para determinar o ângulo de abertura da borboleta, em...;6.50;oca-l10n-brazil/tipi
85334092;Outros potenciômetros de carvão;6.50;oca-l10n-brazil/tipi
85334099;Outras;6.50;oca-l10n-brazil/tipi
85339000;Partes;6.50;oca-l10n-brazil/tipi
85340011;Com isolante de resina fenólica e papel celulósico;6.50;oca-l10n-brazil/tipi
85340012;Com isolante de resina epóxida e papel celulósico;6.50;oca-l10n-brazil/tipi
85340013;Com isolante de resina epóxida e tecido de fibra de vidro;6.50;oca-l10n-brazil/tipi
85340019;Outros;6.50;oca-l10n-brazil/tipi
85340020;Simples face, flexíveis;6.50;oca-l10n-brazil/tipi
85340031;Com isolante de resina fenólica e papel celulósico;6.50;oca-l10n-brazil/tipi
85340032;Com isolante de resina epóxida e papel celulósico;6.50;oca-l10n-brazil/tipi
85340033;Com isolante de resina epóxida e tecido de fibra de vidro;6.50;oca-l10n-brazil/tipi
85340039;Outros;6.50;oca-l10n-brazil/tipi
85340040;Dupla face, flexíveis;6.50;oca-l10n-brazil/tipi
85340051;Com isolante de resina epóxida e tecido de fibra de vidro;6.50;oca-l10n-brazil/tipi
85340059;Outros;6.50;oca-l10n-brazil/tipi
85351000;Fusíveis e corta-circuitos de fusíveis;0.00;oca-l10n-brazil/tipi
85352100;Para uma tensão inferior a 72,5 kV;3.25;oca-l10n-brazil/tipi
85352900;Outros;0.00;oca-l10n-brazil/tipi
85353013;Interruptores a vácuo, sem dispositivo de acionamento (ampolas a vácuo);3.25;oca-l10n-brazil/tipi
85353017;Outros, com dispositivo de acionamento não automático;3.25;oca-l10n-brazil/tipi
85353018;Outros, com dispositivo de acionamento automático, exceto os de contatos imersos em meio líquido;3.25;oca-l10n-brazil/tipi
85353019;Outros;3.25;oca-l10n-brazil/tipi
85353023;Interruptores a vácuo, sem dispositivo de acionamento (ampolas a vácuo);0.00;oca-l10n-brazil/tipi
85353027;Outros, com dispositivo de acionamento não automático;0.00;oca-l10n-brazil/tipi
85353028;Outros, com dispositivo de acionamento automático, exceto os de contatos imersos em meio líquido;0.00;oca-l10n-brazil/tipi
85353029;Outros;0.00;oca-l10n-brazil/tipi
85354010;Para-raios para proteção de linhas de transmissão de eletricidade;0.00;oca-l10n-brazil/tipi
85354090;Outros;0.00;oca-l10n-brazil/tipi
85359010;Comutadores com ampolas a vácuo, sem interrupção de circulação de corrente durante a comutação, p...;3.25;oca-l10n-brazil/tipi
85359090;Outros;3.25;oca-l10n-brazil/tipi
85361000;Fusíveis e corta-circuitos de fusíveis;9.75;oca-l10n-brazil/tipi
85362000;Disjuntores;6.50;oca-l10n-brazil/tipi
85363010;Centelhador a gás;9.75;oca-l10n-brazil/tipi
85363090;Outros;3.25;oca-l10n-brazil/tipi
85364100;Para uma tensão não superior a 60 V;3.25;oca-l10n-brazil/tipi
85364900;Outros;3.25;oca-l10n-brazil/tipi
85365010;Unidade chaveadora de conversor de subida e descida para sistema de telecomunicações via satélite;6.50;oca-l10n-brazil/tipi
85365020;Unidade chaveadora de amplificador de alta potência (HPA) para sistema de telecomunicações via sa...;6.50;oca-l10n-brazil/tipi
85365030;Comutadores codificadores digitais, próprios para montagem em circuitos impressos;1.30;oca-l10n-brazil/tipi
85365090;Outros;3.25;oca-l10n-brazil/tipi
85366100;Suportes para lâmpadas;9.75;oca-l10n-brazil/tipi
85366910;Tomada polarizada e tomada blindada;9.75;oca-l10n-brazil/tipi
85366990;Outros;9.75;oca-l10n-brazil/tipi
85367000;Conectores para fibras ópticas, feixes ou cabos de fibras ópticas;9.75;oca-l10n-brazil/tipi
85369010;Conectores para cabos planos constituídos por condutores paralelos isolados individualmente;9.75;oca-l10n-brazil/tipi
85369020;Tomadas de contato deslizante em condutores aéreos;9.75;oca-l10n-brazil/tipi
85369030;Soquetes para microestruturas eletrônicas;6.50;oca-l10n-brazil/tipi
85369040;Conectores para circuito impresso;6.50;oca-l10n-brazil/tipi
85369050;Terminais de conexão para condensadores, mesmo montados em suporte isolante;9.75;oca-l10n-brazil/tipi
85369060;Conector de corrente elétrica para acoplamento através da carcaça, do tipo utilizado em motocompr...;9.75;oca-l10n-brazil/tipi
85369090;Outros;9.75;oca-l10n-brazil/tipi
85371011;Com processador e barramento de 32 bits ou superior, incorporando recursos gráficos e execução de...;9.75;oca-l10n-brazil/tipi
85371019;Outros;9.75;oca-l10n-brazil/tipi
85371020;Controladores programáveis;9.75;oca-l10n-brazil/tipi
85371030;Controladores de demanda de energia elétrica;9.75;oca-l10n-brazil/tipi
85371090;Outros;9.75;oca-l10n-brazil/tipi
85372010;Subestações isoladas a gás (GIS - Gas-Insulated Switchgear ou HIS - Highly Integrated Switchgear)...;0.00;oca-l10n-brazil/tipi
85372090;Outros;0.00;oca-l10n-brazil/tipi
85381000;Quadros, painéis, consoles, cabinas, armários e outros suportes, da posição 85.37, desprovidos do...;9.75;oca-l10n-brazil/tipi
85389010;Circuitos impressos com componentes elétricos ou eletrônicos, montados;9.75;oca-l10n-brazil/tipi
85389020;De disjuntores, para uma tensão igual ou superior a 72,5 kV;9.75;oca-l10n-brazil/tipi
85389090;Outras;9.75;oca-l10n-brazil/tipi
85391010;Para uma tensão inferior ou igual a 15 V;9.75;oca-l10n-brazil/tipi
85391090;Outros;9.75;oca-l10n-brazil/tipi
85392110;Para uma tensão inferior ou igual a 15 V;13.00;oca-l10n-brazil/tipi
85392190;Outros;13.00;oca-l10n-brazil/tipi
85392200;Outros, de potência não superior a 200 W e uma tensão superior a 100 V;13.00;oca-l10n-brazil/tipi
85392910;Para uma tensão inferior ou igual a 15 V;0.00;oca-l10n-brazil/tipi
85392990;Outros;13.00;oca-l10n-brazil/tipi
85393111;Que contenham mais de 5 mg de mercúrio por cada invólucro (tubo);0.00;oca-l10n-brazil/tipi
85393119;Outras;0.00;oca-l10n-brazil/tipi
85393120;Outras lâmpadas;0.00;oca-l10n-brazil/tipi
85393131;Com fósforo tribanda e que contenham mais de 5 mg de mercúrio;9.75;oca-l10n-brazil/tipi
85393132;Com fósforo em halofosfato e que contenham mais de 10 mg de mercúrio;9.75;oca-l10n-brazil/tipi
85393139;Outros;9.75;oca-l10n-brazil/tipi
85393210;De vapor de mercúrio;29.25;oca-l10n-brazil/tipi
85393220;De vapor de sódio;0.00;oca-l10n-brazil/tipi
85393230;De halogeneto metálico;9.75;oca-l10n-brazil/tipi
85393911;De comprimento não superior a 500 mm e que contenham mais de 3,5 mg de mercúrio;9.75;oca-l10n-brazil/tipi
85393912;De comprimento superior a 500 mm, mas não superior a 1.500 mm e que contenham mais de 5 mg de mer...;9.75;oca-l10n-brazil/tipi
85393913;De comprimento superior a 1.500 mm e que contenham mais de 13 mg de mercúrio;9.75;oca-l10n-brazil/tipi
85393919;Outros;9.75;oca-l10n-brazil/tipi
85393990;Outros;9.75;oca-l10n-brazil/tipi
85394110;De potência igual ou superior a 1.000 W;9.75;oca-l10n-brazil/tipi
85394190;Outras;9.75;oca-l10n-brazil/tipi
85394900;Outros;9.75;oca-l10n-brazil/tipi
85395100;Módulos de diodos emissores de luz (LED);9.75;oca-l10n-brazil/tipi
85395200;Lâmpadas e tubos de diodos emissores de luz (LED);6.50;oca-l10n-brazil/tipi
85399010;Eletrodos;9.75;oca-l10n-brazil/tipi
85399020;Bases;9.75;oca-l10n-brazil/tipi
85399090;Outras;9.75;oca-l10n-brazil/tipi
85401100;A cores;6.50;oca-l10n-brazil/tipi
85401200;A preto e branco ou outros monocromos;6.50;oca-l10n-brazil/tipi
85402011;A preto e branco ou outros monocromos;6.50;oca-l10n-brazil/tipi
85402019;Outros;6.50;oca-l10n-brazil/tipi
85402020;Tubos conversores ou intensificadores de imagens, de raios X;6.50;oca-l10n-brazil/tipi
85402090;Outros;6.50;oca-l10n-brazil/tipi
85404000;"Tubos de visualização de dados gráficos, em monocromos; tubos de visualização de dados gráficos,...";6.50;oca-l10n-brazil/tipi
85406010;Tubos de visualização de dados gráficos, em cores, com uma tela de espaçamento entre os pontos ig...;6.50;oca-l10n-brazil/tipi
85406090;Outros;6.50;oca-l10n-brazil/tipi
85407100;Magnétrons;6.50;oca-l10n-brazil/tipi
85407900;Outros;6.50;oca-l10n-brazil/tipi
85408100;Tubos de recepção ou de amplificação;6.50;oca-l10n-brazil/tipi
85408910;Válvulas de potência para transmissores;6.50;oca-l10n-brazil/tipi
85408990;Outros;6.50;oca-l10n-brazil/tipi
85409110;Bobinas de deflexão (yokes);6.50;oca-l10n-brazil/tipi
85409120;Núcleos de pó ferromagnético para bobinas de deflexão (yokes);6.50;oca-l10n-brazil/tipi
85409130;Canhões eletrônicos;6.50;oca-l10n-brazil/tipi
85409140;Painel de vidro, máscara de sombra e blindagem interna, reunidos, para tubos tricromáticos;6.50;oca-l10n-brazil/tipi
85409190;Outras;6.50;oca-l10n-brazil/tipi
85409900;Outras;6.50;oca-l10n-brazil/tipi
85411011;Zener;1.30;oca-l10n-brazil/tipi
85411012;Outros, de intensidade de corrente inferior ou igual a 3 A;3.25;oca-l10n-brazil/tipi
85411019;Outros;3.25;oca-l10n-brazil/tipi
85411021;Zener;1.30;oca-l10n-brazil/tipi
85411022;Outros, de intensidade de corrente inferior ou igual a 3 A;1.30;oca-l10n-brazil/tipi
85411029;Outros;1.30;oca-l10n-brazil/tipi
85411031;Zener;1.30;oca-l10n-brazil/tipi
85411032;Outros, de intensidade de corrente inferior ou igual a 3 A;1.30;oca-l10n-brazil/tipi
85411039;Outros;3.25;oca-l10n-brazil/tipi
85411091;Zener;1.30;oca-l10n-brazil/tipi
85411092;Outros, de intensidade de corrente inferior ou igual a 3 A;1.30;oca-l10n-brazil/tipi
85411099;Outros;3.25;oca-l10n-brazil/tipi
85412110;Não montados;1.30;oca-l10n-brazil/tipi
85412120;Montados, próprios para montagem em superfície (SMD - Surface Mounted Device);1.30;oca-l10n-brazil/tipi
85412191;De efeito de campo, com junção heterogênea (HJFET ou HEMT);1.30;oca-l10n-brazil/tipi
85412199;Outros;1.30;oca-l10n-brazil/tipi
85412910;Não montados;1.30;oca-l10n-brazil/tipi
85412920;Montados;1.30;oca-l10n-brazil/tipi
85413011;De intensidade de corrente inferior ou igual a 3 A;1.30;oca-l10n-brazil/tipi
85413019;Outros;3.25;oca-l10n-brazil/tipi
85413021;De intensidade de corrente inferior ou igual a 3 A;3.25;oca-l10n-brazil/tipi
85413029;Outros;3.25;oca-l10n-brazil/tipi
85414111;Diodos emissores de luz (LED), exceto diodos laser;3.25;oca-l10n-brazil/tipi
85414112;Diodos laser;1.30;oca-l10n-brazil/tipi
85414121;Diodos emissores de luz (LED), exceto diodos laser, próprios para montagem em superfície (SMD - S...;1.30;oca-l10n-brazil/tipi
85414122;Outros diodos emissores de luz (LED), exceto diodos laser;1.30;oca-l10n-brazil/tipi
85414123;Diodos laser com comprimento de onda de 1.300 nm ou 1.500 nm;3.25;oca-l10n-brazil/tipi
85414124;Outros diodos laser;1.30;oca-l10n-brazil/tipi
85414210;Células solares orgânicas;0.00;oca-l10n-brazil/tipi
85414220;Outras células solares;0.00;oca-l10n-brazil/tipi
85414290;Outras;1.30;oca-l10n-brazil/tipi
85414300;Células fotovoltaicas montadas em módulos ou em painéis;0.00;oca-l10n-brazil/tipi
85414900;Outros;1.30;oca-l10n-brazil/tipi
85415100;Transdutores à base de semicondutores;3.25;oca-l10n-brazil/tipi
85415900;Outros;3.25;oca-l10n-brazil/tipi
85416010;De quartzo, de frequência igual ou superior a 1 MHz, mas não superior a 100 MHz;3.25;oca-l10n-brazil/tipi
85416090;Outros;3.25;oca-l10n-brazil/tipi
85419010;Suportes-conectores apresentados em tiras (lead frames);1.30;oca-l10n-brazil/tipi
85419020;Coberturas para encapsulamento (cápsulas);1.30;oca-l10n-brazil/tipi
85419090;Outras;1.30;oca-l10n-brazil/tipi
85423110;Não montados;3.25;oca-l10n-brazil/tipi
85423120;Montados, próprios para montagem em superfície (SMD - Surface Mounted Device);2.00;oca-l10n-brazil/tipi
85423190;Outros;2.00;oca-l10n-brazil/tipi
85423210;Não montadas;3.25;oca-l10n-brazil/tipi
85423221;Dos tipos RAM estáticas (SRAM) com tempo de acesso inferior ou igual a 25 ns, EPROM, EEPROM, PROM...;3.25;oca-l10n-brazil/tipi
85423229;Outras;5.00;oca-l10n-brazil/tipi
85423291;Dos tipos RAM estáticas (SRAM) com tempo de acesso inferior ou igual a 25 ns, EPROM, EEPROM, PROM...;3.25;oca-l10n-brazil/tipi
85423299;Outras;1.30;oca-l10n-brazil/tipi
85423311;De espessura de camada inferior ou igual a 1 micrômetro (mícron) com frequência de operação igual...;6.50;oca-l10n-brazil/tipi
85423319;Outros;6.50;oca-l10n-brazil/tipi
85423320;Outros, não montados;1.30;oca-l10n-brazil/tipi
85423390;Outros;3.25;oca-l10n-brazil/tipi
85423911;De espessura de camada inferior ou igual a 1 micrômetro (mícron) com frequência de operação igual...;6.50;oca-l10n-brazil/tipi
85423919;Outros;6.50;oca-l10n-brazil/tipi
85423920;Outros, não montados;3.25;oca-l10n-brazil/tipi
85423931;Circuitos do tipo chipset;1.30;oca-l10n-brazil/tipi
85423939;Outros;3.25;oca-l10n-brazil/tipi
85423991;Circuitos do tipo chipset;1.30;oca-l10n-brazil/tipi
85423999;Outros;3.25;oca-l10n-brazil/tipi
85429000;Partes;1.30;oca-l10n-brazil/tipi
85431000;Aceleradores de partículas;6.50;oca-l10n-brazil/tipi
85432000;Geradores de sinais;0.00;oca-l10n-brazil/tipi
85433010;De eletrólise, com células de membrana;0.00;oca-l10n-brazil/tipi
85433090;Outros;0.00;oca-l10n-brazil/tipi
85434000;Cigarros eletrônicos e dispositivos de vaporização elétricos de uso pessoal semelhantes;6.50;oca-l10n-brazil/tipi
85437011;Para transmissão de sinais de micro-ondas de alta potência (HPA), a válvula TWT do tipo Phase Com...;13.00;oca-l10n-brazil/tipi
85437012;Para recepção de sinais de micro-ondas de baixo ruído (LNA) na banda de 3.600 a 4.200 MHz, com te...;13.00;oca-l10n-brazil/tipi
85437013;Para distribuição de sinais de televisão;13.00;oca-l10n-brazil/tipi
85437014;Outros para recepção de sinais de micro-ondas;13.00;oca-l10n-brazil/tipi
85437015;Outros para transmissão de sinais de micro-ondas;13.00;oca-l10n-brazil/tipi
85437019;Outros;13.00;oca-l10n-brazil/tipi
85437020;Aparelhos para eletrocutar insetos;6.50;oca-l10n-brazil/tipi
85437031;Geradores de efeitos especiais com manipulação em 2 ou 3 dimensões, mesmo combinados com disposit...;6.50;oca-l10n-brazil/tipi
85437032;Geradores de caracteres, digitais;6.50;oca-l10n-brazil/tipi
85437033;Sincronizadores de quadro armazenadores ou corretores de base de tempo;6.50;oca-l10n-brazil/tipi
85437034;Controladores de edição;6.50;oca-l10n-brazil/tipi
85437035;Misturador digital, em tempo real, com oito ou mais entradas;6.50;oca-l10n-brazil/tipi
85437036;Roteador-comutador (routing switcher) de mais de 20 entradas e mais de 16 saídas, de áudio ou de...;0.00;oca-l10n-brazil/tipi
85437039;Outros;0.00;oca-l10n-brazil/tipi
85437040;Transcodificadores ou conversores de padrões de televisão;6.50;oca-l10n-brazil/tipi
85437050;Simulador de antenas para transmissores com potência igual ou superior a 25 kW (carga fantasma);6.50;oca-l10n-brazil/tipi
85437091;Terminais de texto que operem com código de transmissão Baudot, providos de teclado alfanumérico...;6.50;oca-l10n-brazil/tipi
85437092;Eletrificadores de cercas;6.50;oca-l10n-brazil/tipi
85437099;Outros;0.00;oca-l10n-brazil/tipi
85439010;Das máquinas ou aparelhos da subposição 8543.70;6.50;oca-l10n-brazil/tipi
85439090;Outras;6.50;oca-l10n-brazil/tipi
85441100;De cobre;0.00;oca-l10n-brazil/tipi
85441911;Revestido de cobre (CCA - Copper Clad Aluminum);;sem-ipi-na-fonte
85441919;Outros;;sem-ipi-na-fonte
85441990;Outros;3.25;oca-l10n-brazil/tipi
85442000;Cabos coaxiais e outros condutores elétricos coaxiais;3.25;oca-l10n-brazil/tipi
85443000;Jogos de fios para velas de ignição e outros jogos de fios do tipo utilizado em quaisquer veículos;2.60;oca-l10n-brazil/tipi
85444200;Munidos de peças de conexão;5.00;oca-l10n-brazil/tipi
85444900;Outros;3.25;oca-l10n-brazil/tipi
85446000;Outros condutores elétricos, para uma tensão superior a 1.000 V;3.25;oca-l10n-brazil/tipi
85447010;Com revestimento externo de material dielétrico;9.75;oca-l10n-brazil/tipi
85447020;Com revestimento externo de aço, próprios para instalação submarina (cabo submarino);9.75;oca-l10n-brazil/tipi
85447030;Com revestimento externo de alumínio;9.75;oca-l10n-brazil/tipi
85447090;Outros;9.75;oca-l10n-brazil/tipi
85451100;Do tipo utilizado em fornos;6.50;oca-l10n-brazil/tipi
85451910;De grafita, com um teor de carbono igual ou superior a 99,9 %, em peso;6.50;oca-l10n-brazil/tipi
85451920;Blocos de grafite, do tipo utilizado como cátodos em cubas eletrolíticas;6.50;oca-l10n-brazil/tipi
85451990;Outros;6.50;oca-l10n-brazil/tipi
85452000;Escovas;6.50;oca-l10n-brazil/tipi
85459010;Carvões para pilhas elétricas;6.50;oca-l10n-brazil/tipi
85459020;Resistências aquecedoras desprovidas de revestimento e de terminais;6.50;oca-l10n-brazil/tipi
85459030;Suportes de conexão (nipples), para eletrodos;6.50;oca-l10n-brazil/tipi
85459090;Outros;6.50;oca-l10n-brazil/tipi
85461000;De vidro;9.75;oca-l10n-brazil/tipi
85462000;De cerâmica;9.75;oca-l10n-brazil/tipi
85469000;Outros;9.75;oca-l10n-brazil/tipi
85471000;Peças isolantes de cerâmica;9.75;oca-l10n-brazil/tipi
85472010;Tampões vedadores para condensadores, com perfurações para terminais;9.75;oca-l10n-brazil/tipi
85472090;Outras;9.75;oca-l10n-brazil/tipi
85479000;Outros;9.75;oca-l10n-brazil/tipi
85480010;Termopares do tipo utilizado em dispositivos termoelétricos de segurança de aparelhos alimentados...;6.50;oca-l10n-brazil/tipi
85480090;Outras;6.50;oca-l10n-brazil/tipi
85491100;"Desperdícios e resíduos, e sucata, de acumuladores de chumbo-ácido; acumuladores de chumbo-ácido...";9.75;oca-l10n-brazil/tipi
85491200;Outros, que contenham chumbo, cádmio ou mercúrio;9.75;oca-l10n-brazil/tipi
85491300;Selecionados por tipo de componente químico e que não contenham chumbo, cádmio ou mercúrio;9.75;oca-l10n-brazil/tipi
85491400;Não selecionados e que não contenham chumbo, cádmio ou mercúrio;9.75;oca-l10n-brazil/tipi
85491900;Outros;9.75;oca-l10n-brazil/tipi
85492100;Que contenham pilhas, baterias de pilhas ou acumuladores, elétricos, interruptores de mercúrio, v...;0.00;oca-l10n-brazil/tipi
85492900;Outros;0.00;oca-l10n-brazil/tipi
85493100;Que contenham pilhas, baterias de pilhas ou acumuladores, elétricos, interruptores de mercúrio, v...;0.00;oca-l10n-brazil/tipi
85493900;Outras;0.00;oca-l10n-brazil/tipi
85499100;Que contenham pilhas, baterias de pilhas ou acumuladores, elétricos, interruptores de mercúrio, v...;0.00;oca-l10n-brazil/tipi
85499900;Outros;0.00;oca-l10n-brazil/tipi
86011000;De fonte externa de eletricidade;0.00;oca-l10n-brazil/tipi
86012000;De acumuladores elétricos;0.00;oca-l10n-brazil/tipi
86021000;Locomotivas diesel-elétricas;0.00;oca-l10n-brazil/tipi
86029000;Outros;0.00;oca-l10n-brazil/tipi
86031000;De fonte externa de eletricidade;0.00;oca-l10n-brazil/tipi
86039000;Outras;0.00;oca-l10n-brazil/tipi
86040010;Autopropulsados, equipados com batedores de balastro e alinhadores de vias férreas;0.00;oca-l10n-brazil/tipi
86040090;Outros;0.00;oca-l10n-brazil/tipi
86050010;Vagões de passageiros;0.00;oca-l10n-brazil/tipi
86050090;Outros;0.00;oca-l10n-brazil/tipi
86061000;Vagões-tanque (vagões-cisterna) e semelhantes;0.00;oca-l10n-brazil/tipi
86063000;Vagões de descarga automática, exceto os da subposição 8606.10;0.00;oca-l10n-brazil/tipi
86069100;Cobertos e fechados;0.00;oca-l10n-brazil/tipi
86069200;Abertos, com paredes fixas de altura superior a 60 cm;0.00;oca-l10n-brazil/tipi
86069900;Outros;0.00;oca-l10n-brazil/tipi
86071110;Bogies;0.00;oca-l10n-brazil/tipi
86071120;Bissels;0.00;oca-l10n-brazil/tipi
86071200;Outros bogies e bissels;0.00;oca-l10n-brazil/tipi
86071911;Com rolamentos incorporados, de diâmetro exterior superior a 190 mm, do tipo utilizado em eixos d...;0.00;oca-l10n-brazil/tipi
86071919;Outros;0.00;oca-l10n-brazil/tipi
86071990;Outros;0.00;oca-l10n-brazil/tipi
86072100;Freios (travões) a ar comprimido e suas partes;0.00;oca-l10n-brazil/tipi
86072900;Outros;0.00;oca-l10n-brazil/tipi
86073000;Ganchos e outros sistemas de engate, para-choques, e suas partes;0.00;oca-l10n-brazil/tipi
86079100;De locomotivas ou de locotratores;0.00;oca-l10n-brazil/tipi
86079900;Outras;0.00;oca-l10n-brazil/tipi
86080011;Mecânicos;0.00;oca-l10n-brazil/tipi
86080012;Eletromecânicos;0.00;oca-l10n-brazil/tipi
86080090;Outros;0.00;oca-l10n-brazil/tipi
86090000;Contêineres (Contentores*), incluindo os de transporte de fluidos, especialmente concebidos e equ...;0.00;oca-l10n-brazil/tipi
87011000;Tratores de eixo único;0.00;oca-l10n-brazil/tipi
87012100;Unicamente com motor de pistão de ignição por compressão (diesel ou semidiesel);0.00;oca-l10n-brazil/tipi
87012200;Equipados para propulsão, simultaneamente, com motor de pistão de ignição por compressão (diesel...;0.00;oca-l10n-brazil/tipi
87012300;Equipados para propulsão, simultaneamente, com motor de pistão de ignição por centelha (faísca) e...;0.00;oca-l10n-brazil/tipi
87012400;Unicamente com motor elétrico para propulsão;0.00;oca-l10n-brazil/tipi
87012900;Outros;0.00;oca-l10n-brazil/tipi
87013000;Tratores de lagartas (esteiras);0.00;oca-l10n-brazil/tipi
87019100;Não superior a 18 kW;0.00;oca-l10n-brazil/tipi
87019200;Superior a 18 kW, mas não superior a 37 kW;0.00;oca-l10n-brazil/tipi
87019300;Superior a 37 kW, mas não superior a 75 kW;0.00;oca-l10n-brazil/tipi
87019410;Tratores especialmente concebidos para arrastar troncos (log skidders);0.00;oca-l10n-brazil/tipi
87019490;Outros;0.00;oca-l10n-brazil/tipi
87019510;Tratores especialmente concebidos para arrastar troncos (log skidders);0.00;oca-l10n-brazil/tipi
87019590;Outros;0.00;oca-l10n-brazil/tipi
87021000;Unicamente com motor de pistão de ignição por compressão (diesel ou semidiesel);0.00;oca-l10n-brazil/tipi
87022000;Equipados para propulsão, simultaneamente, com motor de pistão de ignição por compressão (diesel...;0.00;oca-l10n-brazil/tipi
87023000;Equipados para propulsão, simultaneamente, com motor de pistão de ignição por centelha (faísca) e...;0.00;oca-l10n-brazil/tipi
87024010;Trólebus;0.00;oca-l10n-brazil/tipi
87024090;Outros;0.00;oca-l10n-brazil/tipi
87029000;Outros;0.00;oca-l10n-brazil/tipi
87031000;"Veículos especialmente concebidos para se deslocar sobre a neve; veículos especiais para transpor...";33.86;oca-l10n-brazil/tipi
87032100;De cilindrada não superior a 1.000 cm3;5.27;oca-l10n-brazil/tipi
87032210;Com capacidade de transporte de pessoas sentadas inferior ou igual a seis, incluindo o motorista;9.78;oca-l10n-brazil/tipi
87032290;Outros;9.78;oca-l10n-brazil/tipi
87032310;Com capacidade de transporte de pessoas sentadas inferior ou igual a seis, incluindo o motorista;9.78;oca-l10n-brazil/tipi
87032390;Outros;9.78;oca-l10n-brazil/tipi
87032410;Com capacidade de transporte de pessoas sentadas inferior ou igual a seis, incluindo o motorista;18.81;oca-l10n-brazil/tipi
87032490;Outros;18.81;oca-l10n-brazil/tipi
87033110;Com capacidade de transporte de pessoas sentadas inferior ou igual a seis, incluindo o motorista;18.81;oca-l10n-brazil/tipi
87033190;Outros;18.81;oca-l10n-brazil/tipi
87033210;Com capacidade de transporte de pessoas sentadas inferior ou igual a seis, incluindo o motorista;18.81;oca-l10n-brazil/tipi
87033290;Outros;18.81;oca-l10n-brazil/tipi
87033310;Com capacidade de transporte de pessoas sentadas inferior ou igual a seis, incluindo o motorista;18.81;oca-l10n-brazil/tipi
87033390;Outros;18.81;oca-l10n-brazil/tipi
87034000;Outros veículos, equipados para propulsão, simultaneamente, com motor de pistão de ignição por ce...;18.81;oca-l10n-brazil/tipi
87035000;Outros veículos, equipados para propulsão, simultaneamente, com motor de pistão de ignição por co...;18.81;oca-l10n-brazil/tipi
87036000;Outros veículos, equipados para propulsão, simultaneamente, com motor de pistão de ignição por ce...;18.81;oca-l10n-brazil/tipi
87037000;Outros veículos, equipados para propulsão, simultaneamente, com motor de pistão de ignição por co...;18.81;oca-l10n-brazil/tipi
87038000;Outros veículos, equipados unicamente com motor elétrico para propulsão;18.81;oca-l10n-brazil/tipi
87039000;Outros;18.81;oca-l10n-brazil/tipi
87041010;Com capacidade de carga igual ou superior a 85 toneladas;0.00;oca-l10n-brazil/tipi
87041090;Outros;0.00;oca-l10n-brazil/tipi
87042110;Chassis com motor e cabina;5.20;oca-l10n-brazil/tipi
87042120;Com caixa basculante;2.60;oca-l10n-brazil/tipi
87042130;Frigoríficos ou isotérmicos;2.60;oca-l10n-brazil/tipi
87042190;Outros;6.50;oca-l10n-brazil/tipi
87042210;Chassis com motor e cabina;0.00;oca-l10n-brazil/tipi
87042220;Com caixa basculante;0.00;oca-l10n-brazil/tipi
87042230;Frigoríficos ou isotérmicos;0.00;oca-l10n-brazil/tipi
87042290;Outros;0.00;oca-l10n-brazil/tipi
87042310;Chassis com motor e cabina;0.00;oca-l10n-brazil/tipi
87042320;Com caixa basculante;0.00;oca-l10n-brazil/tipi
87042330;Frigoríficos ou isotérmicos;0.00;oca-l10n-brazil/tipi
87042340;De chassis articulado, para o transporte de troncos (forwarder), com grua incorporada, de potênci...;3.25;oca-l10n-brazil/tipi
87042390;Outros;3.25;oca-l10n-brazil/tipi
87043110;Chassis com motor e cabina;0.00;oca-l10n-brazil/tipi
87043120;Com caixa basculante;0.00;oca-l10n-brazil/tipi
87043130;Frigoríficos ou isotérmicos;0.00;oca-l10n-brazil/tipi
87043190;Outros;0.00;oca-l10n-brazil/tipi
87043210;Chassis com motor e cabina;0.00;oca-l10n-brazil/tipi
87043220;Com caixa basculante;0.00;oca-l10n-brazil/tipi
87043230;Frigoríficos ou isotérmicos;0.00;oca-l10n-brazil/tipi
87043290;Outros;0.00;oca-l10n-brazil/tipi
87044100;De peso em carga máxima (bruto) não superior a 5 toneladas;6.50;oca-l10n-brazil/tipi
87044200;De peso em carga máxima (bruto) superior a 5 toneladas, mas não superior a 20 toneladas;0.00;oca-l10n-brazil/tipi
87044300;De peso em carga máxima (bruto) superior a 20 toneladas;3.25;oca-l10n-brazil/tipi
87045100;De peso em carga máxima (bruto) não superior a 5 toneladas;0.00;oca-l10n-brazil/tipi
87045200;De peso em carga máxima (bruto) superior a 5 toneladas;0.00;oca-l10n-brazil/tipi
87046000;Outros, unicamente com motor elétrico para propulsão;0.00;oca-l10n-brazil/tipi
87049000;Outros;0.00;oca-l10n-brazil/tipi
87051020;Com todos os eixos de rodas direcionáveis e capacidade máxima de elevação inferior a 100 t;0.00;oca-l10n-brazil/tipi
87051030;Com capacidade máxima de elevação igual ou superior a 100 t;0.00;oca-l10n-brazil/tipi
87051090;Outros;0.00;oca-l10n-brazil/tipi
87052000;Torres (derricks) automóveis, para sondagem ou perfuração;0.00;oca-l10n-brazil/tipi
87053000;Veículos de combate a incêndio;0.00;oca-l10n-brazil/tipi
87054000;Caminhões-betoneiras;0.00;oca-l10n-brazil/tipi
87059010;Caminhões para a determinação de parâmetros físicos característicos (perfilagem) de poços petrolí...;3.25;oca-l10n-brazil/tipi
87059090;Outros;3.25;oca-l10n-brazil/tipi
87060010;Dos veículos da posição 87.02;0.00;oca-l10n-brazil/tipi
87060020;Dos veículos das subposições 8701.10, 8701.30, 8701.91 a 8701.95 ou 8704.10;3.25;oca-l10n-brazil/tipi
87060090;Outros;0.00;oca-l10n-brazil/tipi
87071000;Para os veículos da posição 87.03;6.50;oca-l10n-brazil/tipi
87079010;Dos veículos das subposições 8701.10, 8701.30, 8701.91 a 8701.95 ou 8704.10;3.25;oca-l10n-brazil/tipi
87079090;Outras;0.00;oca-l10n-brazil/tipi
87081000;Para-choques e suas partes;3.25;oca-l10n-brazil/tipi
87082100;Cintos de segurança;3.25;oca-l10n-brazil/tipi
87082200;Para-brisas, vidros traseiros e outros vidros especificados na Nota de subposição 1 do presente C...;3.25;oca-l10n-brazil/tipi
87082911;Para-lamas;3.25;oca-l10n-brazil/tipi
87082912;Grades de radiadores;3.25;oca-l10n-brazil/tipi
87082913;Portas;3.25;oca-l10n-brazil/tipi
87082914;Painéis de instrumentos;3.25;oca-l10n-brazil/tipi
87082919;Outros;3.25;oca-l10n-brazil/tipi
87082991;Para-lamas;3.25;oca-l10n-brazil/tipi
87082992;Grades de radiadores;3.25;oca-l10n-brazil/tipi
87082993;Portas;3.25;oca-l10n-brazil/tipi
87082994;Painéis de instrumentos;3.25;oca-l10n-brazil/tipi
87082995;Geradores de gás para acionar retratores de cintos de segurança;3.25;oca-l10n-brazil/tipi
87082999;Outros;3.25;oca-l10n-brazil/tipi
87083011;Dos veículos das subposições 8701.10, 8701.30, 8701.91 a 8701.95 ou 8704.10;3.25;oca-l10n-brazil/tipi
87083019;Outras;3.25;oca-l10n-brazil/tipi
87083090;Outros;3.25;oca-l10n-brazil/tipi
87084011;Servo-assistidas, próprias para torques de entrada superiores ou iguais a 750 Nm;3.25;oca-l10n-brazil/tipi
87084019;Outras;3.25;oca-l10n-brazil/tipi
87084080;Outras caixas de marchas;3.25;oca-l10n-brazil/tipi
87084090;Partes;3.25;oca-l10n-brazil/tipi
87085011;Eixos com diferencial com capacidade de suportar cargas superiores ou iguais a 14.000 kg, redutor...;3.25;oca-l10n-brazil/tipi
87085012;Eixos não motores;3.25;oca-l10n-brazil/tipi
87085019;Outros;3.25;oca-l10n-brazil/tipi
87085080;Outros;3.25;oca-l10n-brazil/tipi
87085091;De eixos não motores, dos veículos das subposições 8701.10, 8701.30, 8701.91 a 8701.95 ou 8704.10;3.25;oca-l10n-brazil/tipi
87085099;Outras;3.25;oca-l10n-brazil/tipi
87087010;De eixos propulsores dos veículos das subposições 8701.10, 8701.30, 8701.91 a 8701.95 ou 8704.10;3.25;oca-l10n-brazil/tipi
87087090;Outros;3.25;oca-l10n-brazil/tipi
87088000;Sistemas de suspensão e suas partes (incluindo os amortecedores de suspensão);10.40;oca-l10n-brazil/tipi
87089100;Radiadores e suas partes;3.25;oca-l10n-brazil/tipi
87089200;"Silenciosos e tubos de escape; suas partes";3.25;oca-l10n-brazil/tipi
87089300;Embreagens e suas partes;2.60;oca-l10n-brazil/tipi
87089411;Volantes;2.60;oca-l10n-brazil/tipi
87089412;Colunas;2.60;oca-l10n-brazil/tipi
87089413;Caixas;2.60;oca-l10n-brazil/tipi
87089481;Volantes;3.25;oca-l10n-brazil/tipi
87089482;Colunas;3.25;oca-l10n-brazil/tipi
87089483;Caixas;3.25;oca-l10n-brazil/tipi
87089490;Partes;3.25;oca-l10n-brazil/tipi
87089510;Bolsas infláveis de segurança com sistema de insuflação (airbags);3.25;oca-l10n-brazil/tipi
87089521;Bolsas infláveis para airbags;3.25;oca-l10n-brazil/tipi
87089522;Sistema de insuflação;3.25;oca-l10n-brazil/tipi
87089529;Outras;3.25;oca-l10n-brazil/tipi
87089910;Dispositivos para comando de acelerador, freio (travão), embreagem, direção ou caixa de marchas m...;0.00;oca-l10n-brazil/tipi
87089990;Outros;3.25;oca-l10n-brazil/tipi
87091100;Elétricos;0.00;oca-l10n-brazil/tipi
87091900;Outros;0.00;oca-l10n-brazil/tipi
87099000;Partes;3.25;oca-l10n-brazil/tipi
87100000;Tanques e outros veículos blindados de combate, armados ou não, e suas partes.;0.00;oca-l10n-brazil/tipi
87111000;Com motor de pistão de cilindrada não superior a 50 cm3;35.00;oca-l10n-brazil/tipi
87112010;Motocicletas de cilindrada inferior ou igual a 125 cm3;35.00;oca-l10n-brazil/tipi
87112020;Motocicletas de cilindrada superior a 125 cm3;35.00;oca-l10n-brazil/tipi
87112090;Outros;35.00;oca-l10n-brazil/tipi
87113000;Com motor de pistão de cilindrada superior a 250 cm3, mas não superior a 500 cm3;35.00;oca-l10n-brazil/tipi
87114000;Com motor de pistão de cilindrada superior a 500 cm3, mas não superior a 800 cm3;35.00;oca-l10n-brazil/tipi
87115000;Com motor de pistão de cilindrada superior a 800 cm3;35.00;oca-l10n-brazil/tipi
87116000;Com motor elétrico para propulsão;35.00;oca-l10n-brazil/tipi
87119000;Outros;35.00;oca-l10n-brazil/tipi
87120010;Bicicletas;10.00;oca-l10n-brazil/tipi
87120090;Outros;6.50;oca-l10n-brazil/tipi
87131000;Sem mecanismo de propulsão;0.00;oca-l10n-brazil/tipi
87139000;Outros;0.00;oca-l10n-brazil/tipi
87141000;De motocicletas (incluindo os ciclomotores);12.00;oca-l10n-brazil/tipi
87142000;De cadeiras de rodas ou de outros veículos para pessoas com incapacidade;0.00;oca-l10n-brazil/tipi
87149100;Quadros e garfos, e suas partes;6.50;oca-l10n-brazil/tipi
87149200;Aros e raios;6.50;oca-l10n-brazil/tipi
87149311;Sem rosca, para pinhões do tipo cassete;6.50;oca-l10n-brazil/tipi
87149319;Outros;6.50;oca-l10n-brazil/tipi
87149320;Pinhões de rodas livres;6.50;oca-l10n-brazil/tipi
87149410;Cubos de freios (travões);6.50;oca-l10n-brazil/tipi
87149490;Outros;6.50;oca-l10n-brazil/tipi
87149500;Selins;6.50;oca-l10n-brazil/tipi
87149611;Pedaleiros com pedivelas de peça única (monobloco);6.50;oca-l10n-brazil/tipi
87149612;Pedivelas de peça única (monobloco);6.50;oca-l10n-brazil/tipi
87149619;Outros;6.50;oca-l10n-brazil/tipi
87149690;Outros;6.50;oca-l10n-brazil/tipi
87149910;Câmbio de velocidades;6.50;oca-l10n-brazil/tipi
87149920;Caixas de direção sem rosca;6.50;oca-l10n-brazil/tipi
87149990;Outros;6.50;oca-l10n-brazil/tipi
87150000;Carrinhos e veículos semelhantes para transporte de crianças, e suas partes.;6.50;oca-l10n-brazil/tipi
87161000;Reboques e semirreboques, para habitação ou para acampar, do tipo trailer (caravana*);6.50;oca-l10n-brazil/tipi
87162000;Reboques e semirreboques, autocarregáveis ou autodescarregáveis, para usos agrícolas;0.00;oca-l10n-brazil/tipi
87163100;Tanques (cisternas);0.00;oca-l10n-brazil/tipi
87163900;Outros;0.00;oca-l10n-brazil/tipi
87164000;Outros reboques e semirreboques;3.25;oca-l10n-brazil/tipi
87168000;Outros veículos;0.00;oca-l10n-brazil/tipi
87169010;Chassis de reboques e semirreboques;3.25;oca-l10n-brazil/tipi
87169090;Outras;3.25;oca-l10n-brazil/tipi
88010000;"Balões e dirigíveis; planadores, asas voadoras e outros veículos aéreos, não concebidos para prop...";6.50;oca-l10n-brazil/tipi
88021100;De peso não superior a 2.000 kg, vazios (sem carga);6.50;oca-l10n-brazil/tipi
88021210;De peso não superior a 3.500 kg;6.50;oca-l10n-brazil/tipi
88021290;Outros;6.50;oca-l10n-brazil/tipi
88022010;A hélice;6.50;oca-l10n-brazil/tipi
88022021;Monomotores;6.50;oca-l10n-brazil/tipi
88022022;Multimotores;6.50;oca-l10n-brazil/tipi
88022090;Outros;6.50;oca-l10n-brazil/tipi
88023010;A hélice;6.50;oca-l10n-brazil/tipi
88023021;Multimotores, de peso não superior a 7.000 kg, vazios (sem carga);6.50;oca-l10n-brazil/tipi
88023029;Outros;6.50;oca-l10n-brazil/tipi
88023031;De peso não superior a 7.000 kg, vazios (sem carga);6.50;oca-l10n-brazil/tipi
88023039;Outros;6.50;oca-l10n-brazil/tipi
88023090;Outros;6.50;oca-l10n-brazil/tipi
88024010;A turboélice;6.50;oca-l10n-brazil/tipi
88024090;Outros;6.50;oca-l10n-brazil/tipi
88026000;Veículos espaciais (incluindo os satélites) e seus veículos de lançamento, e veículos suborbitais;0.00;oca-l10n-brazil/tipi
88040000;"Paraquedas (incluindo os paraquedas dirigíveis e os parapentes) e os paraquedas giratórios; suas...";6.50;oca-l10n-brazil/tipi
88051000;"Aparelhos e dispositivos para lançamento de veículos aéreos, e suas partes; aparelhos e dispositi...";0.00;oca-l10n-brazil/tipi
88052100;Simuladores de combate aéreo e suas partes;0.00;oca-l10n-brazil/tipi
88052900;Outros;0.00;oca-l10n-brazil/tipi
88061000;Concebidos para o transporte de passageiros;6.50;oca-l10n-brazil/tipi
88062100;De peso máximo de decolagem não superior a 250 g;13.00;oca-l10n-brazil/tipi
88062200;De peso máximo de decolagem superior a 250 g, mas não superior a 7 kg;13.00;oca-l10n-brazil/tipi
88062300;De peso máximo de decolagem superior a 7 kg, mas não superior a 25 kg;13.00;oca-l10n-brazil/tipi
88062400;De peso máximo de decolagem superior a 25 kg, mas não superior a 150 kg;13.00;oca-l10n-brazil/tipi
88062900;Outros;13.00;oca-l10n-brazil/tipi
88069100;De peso máximo de decolagem não superior a 250 g;13.00;oca-l10n-brazil/tipi
88069200;De peso máximo de decolagem superior a 250 g, mas não superior a 7 kg;13.00;oca-l10n-brazil/tipi
88069300;De peso máximo de decolagem superior a 7 kg, mas não superior a 25 kg;13.00;oca-l10n-brazil/tipi
88069400;De peso máximo de decolagem superior a 25 kg, mas não superior a 150 kg;13.00;oca-l10n-brazil/tipi
88069900;Outros;13.00;oca-l10n-brazil/tipi
88071000;Hélices e rotores, e suas partes;0.00;oca-l10n-brazil/tipi
88072000;Trens de aterrissagem (aterragem) e suas partes;0.00;oca-l10n-brazil/tipi
88073000;Outras partes de aviões, de helicópteros ou de veículos aéreos (aeronaves) não tripulados;0.00;oca-l10n-brazil/tipi
88079000;Outras;0.00;oca-l10n-brazil/tipi
89011000;Transatlânticos, barcos de excursão e embarcações semelhantes principalmente concebidas para o tr...;0.00;oca-l10n-brazil/tipi
89012000;Navios-tanque;0.00;oca-l10n-brazil/tipi
89013000;Barcos frigoríficos, exceto os da subposição 8901.20;0.00;oca-l10n-brazil/tipi
89019000;Outras embarcações para o transporte de mercadorias ou para o transporte de pessoas e de mercadorias;0.00;oca-l10n-brazil/tipi
89020010;De comprimento, de proa a popa, igual ou superior a 35 m;0.00;oca-l10n-brazil/tipi
89020090;Outros;0.00;oca-l10n-brazil/tipi
89031100;Equipados com um motor ou concebidos para comportá-lo, de peso vazio (sem carga) sem motor não su...;6.50;oca-l10n-brazil/tipi
89031200;Não concebidos para serem utilizados com um motor e de peso vazio (sem carga) não superior a 100 kg;6.50;oca-l10n-brazil/tipi
89031900;Outros;6.50;oca-l10n-brazil/tipi
89032100;De comprimento não superior a 7,5 m;6.50;oca-l10n-brazil/tipi
89032200;De comprimento superior a 7,5 m, mas não superior a 24 m;6.50;oca-l10n-brazil/tipi
89032300;De comprimento superior a 24 m;6.50;oca-l10n-brazil/tipi
89033100;De comprimento não superior a 7,5 m;10.00;oca-l10n-brazil/tipi
89033200;De comprimento superior a 7,5 m, mas não superior a 24 m;10.00;oca-l10n-brazil/tipi
89033300;De comprimento superior a 24 m;10.00;oca-l10n-brazil/tipi
89039300;De comprimento não superior a 7,5 m;6.50;oca-l10n-brazil/tipi
89039900;Outros;6.50;oca-l10n-brazil/tipi
89040000;Rebocadores e barcos concebidos para empurrar outras embarcações.;0.00;oca-l10n-brazil/tipi
89051000;Dragas;0.00;oca-l10n-brazil/tipi
89052000;Plataformas de perfuração ou de exploração, flutuantes ou submersíveis;0.00;oca-l10n-brazil/tipi
89059000;Outros;3.25;oca-l10n-brazil/tipi
89061000;Navios de guerra;0.00;oca-l10n-brazil/tipi
89069000;Outras;0.00;oca-l10n-brazil/tipi
89071000;Balsas infláveis;3.25;oca-l10n-brazil/tipi
89079000;Outras;5.00;oca-l10n-brazil/tipi
89080000;Embarcações e outras estruturas flutuantes, para desmantelar.;0.00;oca-l10n-brazil/tipi
90011011;De diâmetro de núcleo inferior a 11 micrômetros (mícrons);6.50;oca-l10n-brazil/tipi
90011019;Outras;6.50;oca-l10n-brazil/tipi
90011020;Feixes e cabos de fibras ópticas;9.75;oca-l10n-brazil/tipi
90012000;Matérias polarizantes em folhas ou em placas;9.75;oca-l10n-brazil/tipi
90013000;Lentes de contato;0.00;oca-l10n-brazil/tipi
90014000;Lentes de vidro, para óculos;0.00;oca-l10n-brazil/tipi
90015000;Lentes de outras matérias, para óculos;0.00;oca-l10n-brazil/tipi
90019010;Lentes;0.00;oca-l10n-brazil/tipi
90019090;Outros;9.75;oca-l10n-brazil/tipi
90021111;Para câmeras fotográficas;9.75;oca-l10n-brazil/tipi
90021119;Outras;0.00;oca-l10n-brazil/tipi
90021120;De aproximação (zoom) para câmeras de televisão, de 20 ou mais aumentos;9.75;oca-l10n-brazil/tipi
90021190;Outras;9.75;oca-l10n-brazil/tipi
90021900;Outras;9.75;oca-l10n-brazil/tipi
90022010;Polarizantes;9.75;oca-l10n-brazil/tipi
90022090;Outros;9.75;oca-l10n-brazil/tipi
90029010;Comutadores (switches) optomecânicos, do tipo utilizado em redes ópticas de transmissão de dados,...;;sem-ipi-na-fonte
90029090;Outros;;sem-ipi-na-fonte
90031100;De plástico;3.25;oca-l10n-brazil/tipi
90031910;De metais comuns, mesmo folheados ou chapeados de metais preciosos (plaquê);3.25;oca-l10n-brazil/tipi
90031990;Outras;3.25;oca-l10n-brazil/tipi
90039010;Charneiras;3.25;oca-l10n-brazil/tipi
90039090;Outras;3.25;oca-l10n-brazil/tipi
90041000;Óculos de sol;9.75;oca-l10n-brazil/tipi
90049010;Óculos para correção;3.25;oca-l10n-brazil/tipi
90049020;Óculos de segurança;3.25;oca-l10n-brazil/tipi
90049090;Outros;3.25;oca-l10n-brazil/tipi
90051000;Binóculos;9.75;oca-l10n-brazil/tipi
90058000;Outros instrumentos;9.75;oca-l10n-brazil/tipi
90059010;De binóculos;9.75;oca-l10n-brazil/tipi
90059090;Outros;9.75;oca-l10n-brazil/tipi
90063000;Câmeras fotográficas especialmente concebidas para fotografia submarina ou aérea, para exame médi...;9.75;oca-l10n-brazil/tipi
90064000;Câmeras fotográficas para filmes de revelação e cópia instantâneas;9.75;oca-l10n-brazil/tipi
90065310;De foco fixo;9.75;oca-l10n-brazil/tipi
90065320;De foco ajustável;9.75;oca-l10n-brazil/tipi
90065930;Fotocompositoras a laser para preparação de clichês;0.00;oca-l10n-brazil/tipi
90065940;Outras, de foco fixo;9.75;oca-l10n-brazil/tipi
90065951;Para obtenção de negativos de 45 mm x 60 mm ou de dimensões superiores;9.75;oca-l10n-brazil/tipi
90065959;Outras;0.00;oca-l10n-brazil/tipi
90066100;"Aparelhos de tubo de descarga para produção de luz relâmpago (flash) (denominados ""flashes eletrô...";9.75;oca-l10n-brazil/tipi
90066900;Outros;6.50;oca-l10n-brazil/tipi
90069110;Corpos;9.75;oca-l10n-brazil/tipi
90069190;Outros;9.75;oca-l10n-brazil/tipi
90069900;Outros;9.75;oca-l10n-brazil/tipi
90071000;Câmeras;0.00;oca-l10n-brazil/tipi
90072020;Para filmes de largura igual ou superior a 35 mm, mas não superior a 70 mm;13.00;oca-l10n-brazil/tipi
90072090;Outros;13.00;oca-l10n-brazil/tipi
90079100;De câmeras;13.00;oca-l10n-brazil/tipi
90079200;De projetores;13.00;oca-l10n-brazil/tipi
90085000;Projetores e aparelhos de ampliação ou de redução;13.00;oca-l10n-brazil/tipi
90089000;Partes e acessórios;13.00;oca-l10n-brazil/tipi
90101010;Cubas e cubetas, de operação automática e programáveis;13.00;oca-l10n-brazil/tipi
90101020;Ampliadoras-copiadoras automáticas para papel fotográfico, com capacidade superior a 1.000 cópias...;13.00;oca-l10n-brazil/tipi
90101090;Outros;13.00;oca-l10n-brazil/tipi
90105010;Processadores fotográficos para o tratamento eletrônico de imagens, mesmo com saída digital;13.00;oca-l10n-brazil/tipi
90105020;Aparelhos para revelação automática de chapas de fotopolímeros com suporte metálico;13.00;oca-l10n-brazil/tipi
90105090;Outros;0.00;oca-l10n-brazil/tipi
90106000;Telas para projeção;13.00;oca-l10n-brazil/tipi
90109010;De aparelhos ou material da subposição 9010.10 ou do item 9010.50.10;13.00;oca-l10n-brazil/tipi
90109090;Outros;13.00;oca-l10n-brazil/tipi
90111000;Microscópios estereoscópicos;3.25;oca-l10n-brazil/tipi
90112010;Para fotomicrografia;3.25;oca-l10n-brazil/tipi
90112020;Para cinefotomicrografia;3.25;oca-l10n-brazil/tipi
90112030;Para microprojeção;3.25;oca-l10n-brazil/tipi
90118010;Binoculares de platina móvel;3.25;oca-l10n-brazil/tipi
90118090;Outros;3.25;oca-l10n-brazil/tipi
90119010;Dos artigos da subposição 9011.20;3.25;oca-l10n-brazil/tipi
90119090;Outros;3.25;oca-l10n-brazil/tipi
90121010;Microscópios eletrônicos;0.00;oca-l10n-brazil/tipi
90121090;Outros;0.00;oca-l10n-brazil/tipi
90129010;De microscópios eletrônicos;3.25;oca-l10n-brazil/tipi
90129090;Outros;3.25;oca-l10n-brazil/tipi
90131010;Miras telescópicas para armas;9.75;oca-l10n-brazil/tipi
90131090;Outros;9.75;oca-l10n-brazil/tipi
90132000;Lasers, exceto diodos laser;9.75;oca-l10n-brazil/tipi
90138000;Outros dispositivos, aparelhos e instrumentos;3.25;oca-l10n-brazil/tipi
90139000;Partes e acessórios;9.75;oca-l10n-brazil/tipi
90141000;Bússolas, incluindo as agulhas de marear;3.25;oca-l10n-brazil/tipi
90142010;Altímetros;3.25;oca-l10n-brazil/tipi
90142020;Pilotos automáticos;3.25;oca-l10n-brazil/tipi
90142030;Inclinômetros;3.25;oca-l10n-brazil/tipi
90142090;Outros;3.25;oca-l10n-brazil/tipi
90148010;Sondas acústicas (ecobatímetros) ou de ultrassom (sonar e semelhantes);3.25;oca-l10n-brazil/tipi
90148090;Outros;3.25;oca-l10n-brazil/tipi
90149000;Partes e acessórios;3.25;oca-l10n-brazil/tipi
90151000;Telêmetros;3.25;oca-l10n-brazil/tipi
90152010;Com sistema de leitura por meio de prisma ou micrômetro óptico e precisão de leitura de 1 segundo;3.25;oca-l10n-brazil/tipi
90152090;Outros;3.25;oca-l10n-brazil/tipi
90153000;Níveis;3.25;oca-l10n-brazil/tipi
90154000;Instrumentos e aparelhos de fotogrametria;3.25;oca-l10n-brazil/tipi
90158010;Molinetes hidrométricos;3.25;oca-l10n-brazil/tipi
90158090;Outros;3.25;oca-l10n-brazil/tipi
90159010;De instrumentos ou aparelhos da subposição 9015.40;3.25;oca-l10n-brazil/tipi
90159090;Outros;3.25;oca-l10n-brazil/tipi
90160010;Sensíveis a pesos não superiores a 0,2 mg;0.00;oca-l10n-brazil/tipi
90160090;Outras;0.00;oca-l10n-brazil/tipi
90171010;Automáticas;9.75;oca-l10n-brazil/tipi
90171090;Outras;9.75;oca-l10n-brazil/tipi
90172000;Outros instrumentos de desenho, de traçado ou de cálculo;9.75;oca-l10n-brazil/tipi
90173010;Micrômetros;0.00;oca-l10n-brazil/tipi
90173020;Paquímetros;0.00;oca-l10n-brazil/tipi
90173090;Outros;0.00;oca-l10n-brazil/tipi
90178010;Metros;9.75;oca-l10n-brazil/tipi
90178090;Outros;9.75;oca-l10n-brazil/tipi
90179010;De mesas ou máquinas de desenhar, automáticas;9.75;oca-l10n-brazil/tipi
90179090;Outros;9.75;oca-l10n-brazil/tipi
90181100;Eletrocardiógrafos;1.30;oca-l10n-brazil/tipi
90181210;Ecógrafos com análise espectral Doppler;1.30;oca-l10n-brazil/tipi
90181290;Outros;1.30;oca-l10n-brazil/tipi
90181300;Aparelhos de diagnóstico de imagem por ressonância magnética;1.30;oca-l10n-brazil/tipi
90181410;Scanner de tomografia por emissão de posítrons (PET - Positron Emission Tomography);1.30;oca-l10n-brazil/tipi
90181420;Câmaras gama;1.30;oca-l10n-brazil/tipi
90181490;Outros;1.30;oca-l10n-brazil/tipi
90181910;Endoscópios;1.30;oca-l10n-brazil/tipi
90181920;Audiômetros;1.30;oca-l10n-brazil/tipi
90181980;Outros;1.30;oca-l10n-brazil/tipi
90181990;Partes;1.30;oca-l10n-brazil/tipi
90182010;Para cirurgia, que operem por laser;5.20;oca-l10n-brazil/tipi
90182020;Outros, para tratamento bucal, que operem por laser;5.20;oca-l10n-brazil/tipi
90182090;Outros;5.20;oca-l10n-brazil/tipi
90183111;De capacidade inferior ou igual a 2 cm3;0.00;oca-l10n-brazil/tipi
90183119;Outras;0.00;oca-l10n-brazil/tipi
90183190;Outras;0.00;oca-l10n-brazil/tipi
90183211;Gengivais;5.20;oca-l10n-brazil/tipi
90183212;De aço cromo-níquel, bisel trifacetado e diâmetro exterior igual ou superior a 1,6 mm, do tipo ut...;5.20;oca-l10n-brazil/tipi
90183213;Agulhas ponta de lápis, do tipo utilizado em anestesia epidural ou raquidiana;5.20;oca-l10n-brazil/tipi
90183219;Outras;8.00;oca-l10n-brazil/tipi
90183220;Para suturas;5.20;oca-l10n-brazil/tipi
90183910;Agulhas;5.20;oca-l10n-brazil/tipi
90183921;De borracha;0.00;oca-l10n-brazil/tipi
90183922;Cateteres de poli(cloreto de vinila), para embolectomia arterial;0.00;oca-l10n-brazil/tipi
90183923;Cateteres de poli(cloreto de vinila), para termodiluição;5.20;oca-l10n-brazil/tipi
90183925;Sondas vesicais estéreis de poliuretano, com revestimento hidrofílico, de uso intermitente, apres...;0.00;oca-l10n-brazil/tipi
90183926;Cateteres intravenosos periféricos, de plástico;0.00;oca-l10n-brazil/tipi
90183929;Outros;0.00;oca-l10n-brazil/tipi
90183930;Lancetas para vacinação e cautérios;5.20;oca-l10n-brazil/tipi
90183991;Artigo para fístula arteriovenosa, composto de agulha, base de fixação tipo borboleta, tubo plást...;0.00;oca-l10n-brazil/tipi
90183999;Outros;0.00;oca-l10n-brazil/tipi
90184100;Aparelhos dentários de brocar, mesmo combinados numa base comum com outros equipamentos dentários;5.20;oca-l10n-brazil/tipi
90184911;De carboneto de tungstênio (volfrâmio);5.20;oca-l10n-brazil/tipi
90184912;De aço-vanádio;5.20;oca-l10n-brazil/tipi
90184919;Outras;5.20;oca-l10n-brazil/tipi
90184920;Limas;5.20;oca-l10n-brazil/tipi
90184940;Para tratamento bucal, que operem por projeção cinética de partículas;5.20;oca-l10n-brazil/tipi
90184991;Para desenho e construção de peças cerâmicas para restaurações dentárias, computadorizados;5.20;oca-l10n-brazil/tipi
90184999;Outros;2.60;oca-l10n-brazil/tipi
90185010;Microscópios binoculares, do tipo utilizado em cirurgia oftalmológica;5.20;oca-l10n-brazil/tipi
90185090;Outros;5.20;oca-l10n-brazil/tipi
90189010;Para transfusão de sangue ou infusão intravenosa;0.00;oca-l10n-brazil/tipi
90189021;Elétricos;5.20;oca-l10n-brazil/tipi
90189029;Outros;5.20;oca-l10n-brazil/tipi
90189031;Litotritores por onda de choque;5.20;oca-l10n-brazil/tipi
90189039;Outros;5.20;oca-l10n-brazil/tipi
90189040;Rins artificiais;0.00;oca-l10n-brazil/tipi
90189050;Aparelhos de diatermia;5.20;oca-l10n-brazil/tipi
90189061;Que contenham mercúrio;5.20;oca-l10n-brazil/tipi
90189069;Outros;5.20;oca-l10n-brazil/tipi
90189091;Incubadoras para bebês;5.20;oca-l10n-brazil/tipi
90189093;Aparelhos para terapia intra-uretral por micro-ondas (TUMT), próprios para o tratamento de afecçõ...;5.20;oca-l10n-brazil/tipi
90189094;Endoscópios;5.20;oca-l10n-brazil/tipi
90189095;Grampos e clipes, seus aplicadores e extratores;0.00;oca-l10n-brazil/tipi
90189096;Desfibriladores externos que operem unicamente em modo automático (AED - Automatic External Defib...;5.20;oca-l10n-brazil/tipi
90189097;Aparelhos destinados a procedimentos cirúrgicos assistidos por robótica;;sem-ipi-na-fonte
90189099;Outros;0.00;oca-l10n-brazil/tipi
90191000;"Aparelhos de mecanoterapia; aparelhos de massagem; aparelhos de psicotécnica";5.20;oca-l10n-brazil/tipi
90192010;De oxigenoterapia;1.30;oca-l10n-brazil/tipi
90192020;De aerossolterapia;1.30;oca-l10n-brazil/tipi
90192030;Respiratórios de reanimação;5.20;oca-l10n-brazil/tipi
90192040;Respiradores automáticos (pulmões de aço);5.20;oca-l10n-brazil/tipi
90192090;Outros;5.20;oca-l10n-brazil/tipi
90200010;Máscaras contra gases;0.00;oca-l10n-brazil/tipi
90200090;Outros;5.20;oca-l10n-brazil/tipi
90211010;Artigos e aparelhos ortopédicos;0.00;oca-l10n-brazil/tipi
90211020;Artigos e aparelhos para fraturas;0.00;oca-l10n-brazil/tipi
90211091;De artigos e aparelhos de ortopedia, articulados;0.00;oca-l10n-brazil/tipi
90211099;Outros;0.00;oca-l10n-brazil/tipi
90212110;De acrílico;0.00;oca-l10n-brazil/tipi
90212190;Outros;0.00;oca-l10n-brazil/tipi
90212900;Outros;0.00;oca-l10n-brazil/tipi
90213110;Femurais;0.00;oca-l10n-brazil/tipi
90213120;Mioelétricas;0.00;oca-l10n-brazil/tipi
90213190;Outras;0.00;oca-l10n-brazil/tipi
90213911;Mecânicas;0.00;oca-l10n-brazil/tipi
90213919;Outras;0.00;oca-l10n-brazil/tipi
90213920;Lentes intraoculares;0.00;oca-l10n-brazil/tipi
90213930;Próteses de artérias vasculares revestidas;0.00;oca-l10n-brazil/tipi
90213940;Próteses mamárias não implantáveis;0.00;oca-l10n-brazil/tipi
90213980;Outros;0.00;oca-l10n-brazil/tipi
90213991;Partes de próteses modulares que substituem membros superiores ou inferiores;0.00;oca-l10n-brazil/tipi
90213999;Outros;0.00;oca-l10n-brazil/tipi
90214000;Aparelhos para facilitar a audição dos surdos, exceto as partes e acessórios;0.00;oca-l10n-brazil/tipi
90215000;Marca-passos cardíacos (Estimuladores cardíacos*), exceto as partes e acessórios;0.00;oca-l10n-brazil/tipi
90219011;Cardiodesfibriladores automáticos;0.00;oca-l10n-brazil/tipi
90219012;Implantes expansíveis (stents), mesmo montados sobre cateter do tipo balão;0.00;oca-l10n-brazil/tipi
90219013;Oclusores interauriculares constituídos por uma malha de fios de níquel e titânio preenchida com...;0.00;oca-l10n-brazil/tipi
90219019;Outros;0.00;oca-l10n-brazil/tipi
90219080;Outros;0.00;oca-l10n-brazil/tipi
90219091;De marca-passos cardíacos;0.00;oca-l10n-brazil/tipi
90219092;De aparelhos para facilitar a audição dos surdos;0.00;oca-l10n-brazil/tipi
90219099;Outros;0.00;oca-l10n-brazil/tipi
90221200;Aparelhos de tomografia computadorizada;3.25;oca-l10n-brazil/tipi
90221311;De tomadas maxilares panorâmicas;3.25;oca-l10n-brazil/tipi
90221319;Outros;3.25;oca-l10n-brazil/tipi
90221390;Outros;3.25;oca-l10n-brazil/tipi
90221411;Para mamografia;3.25;oca-l10n-brazil/tipi
90221412;Para angiografia;3.25;oca-l10n-brazil/tipi
90221413;Para densitometria óssea, computadorizados;3.25;oca-l10n-brazil/tipi
90221419;Outros;3.25;oca-l10n-brazil/tipi
90221490;Outros;3.25;oca-l10n-brazil/tipi
90221910;Espectrômetros ou espectrógrafos de raios X;3.25;oca-l10n-brazil/tipi
90221991;Do tipo utilizado para inspeção de bagagens, com túnel de altura inferior ou igual a 0,4 m, largu...;3.25;oca-l10n-brazil/tipi
90221999;Outros;3.25;oca-l10n-brazil/tipi
90222110;Aparelhos de radiocobalto (bombas de cobalto);0.00;oca-l10n-brazil/tipi
90222120;Outros, para gamaterapia;0.00;oca-l10n-brazil/tipi
90222190;Outros;5.20;oca-l10n-brazil/tipi
90222910;Para detecção do nível de enchimento ou tampas faltantes, em latas de bebidas, por meio de raios...;0.00;oca-l10n-brazil/tipi
90222990;Outros;0.00;oca-l10n-brazil/tipi
90223000;Tubos de raios X;0.00;oca-l10n-brazil/tipi
90229010;Geradores de tensão;3.25;oca-l10n-brazil/tipi
90229020;Telas radiológicas;3.25;oca-l10n-brazil/tipi
90229080;Outros, excluindo as partes e acessórios;3.25;oca-l10n-brazil/tipi
90229091;De aparelhos de raios X;3.25;oca-l10n-brazil/tipi
90229099;Outros;5.20;oca-l10n-brazil/tipi
90230000;Instrumentos, aparelhos e modelos, concebidos para demonstração (por exemplo, no ensino e nas exp...;0.00;oca-l10n-brazil/tipi
90241010;Para ensaios de tração ou compressão;0.00;oca-l10n-brazil/tipi
90241020;Para ensaios de dureza;0.00;oca-l10n-brazil/tipi
90241090;Outros;0.00;oca-l10n-brazil/tipi
90248011;Automáticos, para fios;0.00;oca-l10n-brazil/tipi
90248019;Outros;0.00;oca-l10n-brazil/tipi
90248021;Máquinas para ensaios de pneumáticos;0.00;oca-l10n-brazil/tipi
90248029;Outros;0.00;oca-l10n-brazil/tipi
90248090;Outros;0.00;oca-l10n-brazil/tipi
90249000;Partes e acessórios;3.25;oca-l10n-brazil/tipi
90251111;Que contenham mercúrio;9.75;oca-l10n-brazil/tipi
90251119;Outros;9.75;oca-l10n-brazil/tipi
90251191;Que contenham mercúrio;9.75;oca-l10n-brazil/tipi
90251199;Outros;9.75;oca-l10n-brazil/tipi
90251910;Pirômetros ópticos;9.75;oca-l10n-brazil/tipi
90251990;Outros;9.75;oca-l10n-brazil/tipi
90258000;Outros instrumentos;9.75;oca-l10n-brazil/tipi
90259010;De termômetros;9.75;oca-l10n-brazil/tipi
90259090;Outros;9.75;oca-l10n-brazil/tipi
90261011;Medidores-transmissores eletrônicos, que funcionem pelo princípio de indução eletromagnética;9.75;oca-l10n-brazil/tipi
90261019;Outros;9.75;oca-l10n-brazil/tipi
90261021;De metais, mediante correntes parasitas;0.00;oca-l10n-brazil/tipi
90261029;Outros;0.00;oca-l10n-brazil/tipi
90262010;Manômetros;0.00;oca-l10n-brazil/tipi
90262090;Outros;0.00;oca-l10n-brazil/tipi
90268000;Outros instrumentos e aparelhos;9.75;oca-l10n-brazil/tipi
90269010;De instrumentos e aparelhos para medida ou controle do nível;15.00;oca-l10n-brazil/tipi
90269020;De manômetros;9.75;oca-l10n-brazil/tipi
90269090;Outros;9.75;oca-l10n-brazil/tipi
90271000;Analisadores de gás ou de fumaça (fumos);0.00;oca-l10n-brazil/tipi
90272011;De fase gasosa;0.00;oca-l10n-brazil/tipi
90272012;De fase líquida;0.00;oca-l10n-brazil/tipi
90272019;Outros;0.00;oca-l10n-brazil/tipi
90272021;Sequenciadores automáticos de ADN mediante eletroforese capilar;0.00;oca-l10n-brazil/tipi
90272029;Outros;0.00;oca-l10n-brazil/tipi
90273011;De emissão atômica;0.00;oca-l10n-brazil/tipi
90273019;Outros;0.00;oca-l10n-brazil/tipi
90273020;Espectrofotômetros;0.00;oca-l10n-brazil/tipi
90275010;Colorímetros;0.00;oca-l10n-brazil/tipi
90275020;Fotômetros;0.00;oca-l10n-brazil/tipi
90275030;Refratômetros;0.00;oca-l10n-brazil/tipi
90275040;Sacarímetros;0.00;oca-l10n-brazil/tipi
90275050;Citômetro de fluxo;0.00;oca-l10n-brazil/tipi
90275090;Outros;0.00;oca-l10n-brazil/tipi
90278100;Espectrômetros de massa;0.00;oca-l10n-brazil/tipi
90278911;Calorímetros;0.00;oca-l10n-brazil/tipi
90278912;Viscosímetros;0.00;oca-l10n-brazil/tipi
90278913;Densitômetros;0.00;oca-l10n-brazil/tipi
90278914;Aparelhos medidores de pH;0.00;oca-l10n-brazil/tipi
90278920;Polarógrafos;0.00;oca-l10n-brazil/tipi
90278991;Exposímetros;0.00;oca-l10n-brazil/tipi
90278999;Outros;0.00;oca-l10n-brazil/tipi
90279010;Micrótomos;3.25;oca-l10n-brazil/tipi
90279091;De espectrômetros e espectrógrafos, de emissão atômica;3.25;oca-l10n-brazil/tipi
90279093;De polarógrafos;3.25;oca-l10n-brazil/tipi
90279099;Outros;3.25;oca-l10n-brazil/tipi
90281011;Do tipo utilizado em postos (estações) de serviço ou garagens;3.25;oca-l10n-brazil/tipi
90281019;Outros;3.25;oca-l10n-brazil/tipi
90281090;Outros;3.25;oca-l10n-brazil/tipi
90282010;De peso inferior ou igual a 50 kg;3.25;oca-l10n-brazil/tipi
90282020;De peso superior a 50 kg;3.25;oca-l10n-brazil/tipi
90283011;Digitais;15.00;oca-l10n-brazil/tipi
90283019;Outros;3.25;oca-l10n-brazil/tipi
90283021;Digitais;9.75;oca-l10n-brazil/tipi
90283029;Outros;3.25;oca-l10n-brazil/tipi
90283031;Digitais;9.75;oca-l10n-brazil/tipi
90283039;Outros;3.25;oca-l10n-brazil/tipi
90283090;Outros;3.25;oca-l10n-brazil/tipi
90289010;De contadores de eletricidade;9.75;oca-l10n-brazil/tipi
90289090;Outros;9.75;oca-l10n-brazil/tipi
90291010;Contadores de voltas, contadores de produção ou de horas de trabalho;9.75;oca-l10n-brazil/tipi
90291090;Outros;9.75;oca-l10n-brazil/tipi
90292010;Indicadores de velocidade e tacômetros;2.60;oca-l10n-brazil/tipi
90292020;Estroboscópios;9.75;oca-l10n-brazil/tipi
90299010;De indicadores de velocidade e tacômetros;9.75;oca-l10n-brazil/tipi
90299090;Outros;9.75;oca-l10n-brazil/tipi
90301010;Medidores de radioatividade;3.25;oca-l10n-brazil/tipi
90301090;Outros;3.25;oca-l10n-brazil/tipi
90302010;Osciloscópios digitais;3.25;oca-l10n-brazil/tipi
90302021;De frequência igual ou superior a 60 MHz;3.25;oca-l10n-brazil/tipi
90302022;Vetorscópios;3.25;oca-l10n-brazil/tipi
90302029;Outros;3.25;oca-l10n-brazil/tipi
90302030;Oscilógrafos;3.25;oca-l10n-brazil/tipi
90303100;Multímetros, sem dispositivo registrador;3.25;oca-l10n-brazil/tipi
90303200;Multímetros, com dispositivo registrador;3.25;oca-l10n-brazil/tipi
90303311;Digitais;3.25;oca-l10n-brazil/tipi
90303319;Outros;3.25;oca-l10n-brazil/tipi
90303321;Do tipo utilizado em veículos automóveis;3.25;oca-l10n-brazil/tipi
90303329;Outros;3.25;oca-l10n-brazil/tipi
90303390;Outros;3.25;oca-l10n-brazil/tipi
90303910;De teste de continuidade em circuitos impressos;3.25;oca-l10n-brazil/tipi
90303990;Outros;3.25;oca-l10n-brazil/tipi
90304010;Analisadores de protocolo;3.25;oca-l10n-brazil/tipi
90304020;Analisadores de nível seletivo;3.25;oca-l10n-brazil/tipi
90304030;Analisadores digitais de transmissão;3.25;oca-l10n-brazil/tipi
90304090;Outros;3.25;oca-l10n-brazil/tipi
90308210;De testes de circuitos integrados;3.25;oca-l10n-brazil/tipi
90308290;Outros;3.25;oca-l10n-brazil/tipi
90308410;De teste automático de circuito impresso montado (ATE);3.25;oca-l10n-brazil/tipi
90308420;De medidas de parâmetros característicos de sinais de televisão ou de vídeo;3.25;oca-l10n-brazil/tipi
90308490;Outros;3.25;oca-l10n-brazil/tipi
90308910;Analisadores lógicos de circuitos digitais;3.25;oca-l10n-brazil/tipi
90308920;Analisadores de espectro de frequência;3.25;oca-l10n-brazil/tipi
90308930;Frequencímetros;3.25;oca-l10n-brazil/tipi
90308940;Fasímetros;3.25;oca-l10n-brazil/tipi
90308990;Outros;3.25;oca-l10n-brazil/tipi
90309010;De instrumentos e aparelhos da subposição 9030.10;3.25;oca-l10n-brazil/tipi
90309090;Outros;3.25;oca-l10n-brazil/tipi
90311000;Máquinas de balancear (equilibrar) peças mecânicas;0.00;oca-l10n-brazil/tipi
90312010;Para motores;0.00;oca-l10n-brazil/tipi
90312090;Outros;0.00;oca-l10n-brazil/tipi
90314100;Para controle de wafers ou de dispositivos, semicondutores (incluindo os circuitos integrados), o...;0.00;oca-l10n-brazil/tipi
90314910;Para medida de parâmetros dimensionais de fibras de celulose, por meio de raios laser;3.25;oca-l10n-brazil/tipi
90314920;Para medida da espessura de pneumáticos de veículos automóveis, por meio de raios laser;3.25;oca-l10n-brazil/tipi
90314990;Outros;0.00;oca-l10n-brazil/tipi
90318011;Dinamômetros;0.00;oca-l10n-brazil/tipi
90318012;Rugosímetros;0.00;oca-l10n-brazil/tipi
90318020;Máquinas para medição tridimensional;0.00;oca-l10n-brazil/tipi
90318030;Metros padrões;3.25;oca-l10n-brazil/tipi
90318040;Aparelhos digitais, de uso em veículos automóveis, para medida e indicação de múltiplas grandezas...;9.75;oca-l10n-brazil/tipi
90318050;Aparelhos para análise de têxteis, computadorizados;0.00;oca-l10n-brazil/tipi
90318060;Células de carga;3.25;oca-l10n-brazil/tipi
90318091;Para controle dimensional de pneumáticos, em condições de carga;3.25;oca-l10n-brazil/tipi
90318099;Outros;3.25;oca-l10n-brazil/tipi
90319010;De bancos de ensaio;9.75;oca-l10n-brazil/tipi
90319090;Outros;9.75;oca-l10n-brazil/tipi
90321010;De expansão de fluidos;9.75;oca-l10n-brazil/tipi
90321090;Outros;9.75;oca-l10n-brazil/tipi
90322000;Manostatos (pressostatos);9.75;oca-l10n-brazil/tipi
90328100;Hidráulicos ou pneumáticos;0.00;oca-l10n-brazil/tipi
90328911;Eletrônicos;9.75;oca-l10n-brazil/tipi
90328919;Outros;9.75;oca-l10n-brazil/tipi
90328921;De sistemas antibloqueantes de freio (travão) (ABS);9.75;oca-l10n-brazil/tipi
90328922;De sistemas de suspensão;9.75;oca-l10n-brazil/tipi
90328923;De sistemas de transmissão;9.75;oca-l10n-brazil/tipi
90328924;De sistemas de ignição;9.75;oca-l10n-brazil/tipi
90328925;De sistemas de injeção;9.75;oca-l10n-brazil/tipi
90328929;Outros;9.75;oca-l10n-brazil/tipi
90328930;Equipamentos digitais para controle de veículos ferroviários;9.75;oca-l10n-brazil/tipi
90328981;De pressão;9.75;oca-l10n-brazil/tipi
90328982;De temperatura;9.75;oca-l10n-brazil/tipi
90328983;De umidade;9.75;oca-l10n-brazil/tipi
90328984;De velocidade de motores elétricos por variação de frequência;9.75;oca-l10n-brazil/tipi
90328989;Outros;9.75;oca-l10n-brazil/tipi
90328990;Outros;9.75;oca-l10n-brazil/tipi
90329010;Circuitos impressos com componentes elétricos ou eletrônicos, montados;9.75;oca-l10n-brazil/tipi
90329091;De termostatos;9.75;oca-l10n-brazil/tipi
90329099;Outros;9.75;oca-l10n-brazil/tipi
90330000;Partes e acessórios não especificados nem compreendidos noutras posições do presente Capítulo, pa...;9.75;oca-l10n-brazil/tipi
91011100;De mostrador exclusivamente mecânico;16.25;oca-l10n-brazil/tipi
91011900;Outros;16.25;oca-l10n-brazil/tipi
91012100;De corda automática;16.25;oca-l10n-brazil/tipi
91012900;Outros;16.25;oca-l10n-brazil/tipi
91019100;Funcionando eletricamente;16.25;oca-l10n-brazil/tipi
91019900;Outros;16.25;oca-l10n-brazil/tipi
91021110;Com caixa de metal comum;20.00;oca-l10n-brazil/tipi
91021190;Outros;20.00;oca-l10n-brazil/tipi
91021210;Com caixa de metal comum;20.00;oca-l10n-brazil/tipi
91021220;Com caixa de plástico, exceto as reforçadas com fibra de vidro;20.00;oca-l10n-brazil/tipi
91021290;Outros;13.00;oca-l10n-brazil/tipi
91021900;Outros;20.00;oca-l10n-brazil/tipi
91022100;De corda automática;20.00;oca-l10n-brazil/tipi
91022900;Outros;13.00;oca-l10n-brazil/tipi
91029100;Funcionando eletricamente;9.75;oca-l10n-brazil/tipi
91029900;Outros;13.00;oca-l10n-brazil/tipi
91031000;Funcionando eletricamente;13.00;oca-l10n-brazil/tipi
91039000;Outros;13.00;oca-l10n-brazil/tipi
91040000;Relógios para painéis de instrumentos e relógios semelhantes, para automóveis, veículos aéreos, e...;11.70;oca-l10n-brazil/tipi
91051100;Funcionando eletricamente;13.00;oca-l10n-brazil/tipi
91051900;Outros;13.00;oca-l10n-brazil/tipi
91052100;Funcionando eletricamente;13.00;oca-l10n-brazil/tipi
91052900;Outros;13.00;oca-l10n-brazil/tipi
91059100;Funcionando eletricamente;13.00;oca-l10n-brazil/tipi
91059900;Outros;13.00;oca-l10n-brazil/tipi
91061000;"Relógios de ponto; relógios datadores e contadores de horas";9.75;oca-l10n-brazil/tipi
91069000;Outros;9.75;oca-l10n-brazil/tipi
91070010;Interruptores horários;9.75;oca-l10n-brazil/tipi
91070090;Outros;9.75;oca-l10n-brazil/tipi
91081110;Para relógios das posições 91.01 ou 91.02;13.00;oca-l10n-brazil/tipi
91081190;Outros;13.00;oca-l10n-brazil/tipi
91081200;De mostrador exclusivamente optoeletrônico;13.00;oca-l10n-brazil/tipi
91081900;Outros;13.00;oca-l10n-brazil/tipi
91082000;De corda automática;13.00;oca-l10n-brazil/tipi
91089000;Outros;13.00;oca-l10n-brazil/tipi
91091000;Funcionando eletricamente;13.00;oca-l10n-brazil/tipi
91099000;Outros;13.00;oca-l10n-brazil/tipi
91101110;Para relógios das posições 91.01 ou 91.02;13.00;oca-l10n-brazil/tipi
91101190;Outros;13.00;oca-l10n-brazil/tipi
91101200;Mecanismos incompletos, montados;13.00;oca-l10n-brazil/tipi
91101900;Esboços;13.00;oca-l10n-brazil/tipi
91109000;Outros;13.00;oca-l10n-brazil/tipi
91111000;Caixas de metais preciosos ou de metais folheados ou chapeados de metais preciosos (plaquê);13.00;oca-l10n-brazil/tipi
91112010;De latão, em esboço;13.00;oca-l10n-brazil/tipi
91112090;Outras;13.00;oca-l10n-brazil/tipi
91118000;Outras caixas;13.00;oca-l10n-brazil/tipi
91119010;Fundos de metais comuns;13.00;oca-l10n-brazil/tipi
91119090;Outras;13.00;oca-l10n-brazil/tipi
91122000;Caixas e semelhantes;13.00;oca-l10n-brazil/tipi
91129000;Partes;13.00;oca-l10n-brazil/tipi
91131000;De metais preciosos ou de metais folheados ou chapeados de metais preciosos (plaquê);6.50;oca-l10n-brazil/tipi
91132000;De metais comuns, mesmo dourados ou prateados;6.50;oca-l10n-brazil/tipi
91139000;Outras;6.50;oca-l10n-brazil/tipi
91143000;Quadrantes;13.00;oca-l10n-brazil/tipi
91144000;Platinas e pontes;13.00;oca-l10n-brazil/tipi
91149000;Outras;13.00;oca-l10n-brazil/tipi
92011000;Pianos verticais;0.00;oca-l10n-brazil/tipi
92012000;Pianos de cauda;0.00;oca-l10n-brazil/tipi
92019000;Outros;0.00;oca-l10n-brazil/tipi
92021000;De cordas, tocados com o auxílio de um arco;0.00;oca-l10n-brazil/tipi
92029000;Outros;0.00;oca-l10n-brazil/tipi
92051000;"Instrumentos denominados ""metais""";0.00;oca-l10n-brazil/tipi
92059000;Outros;0.00;oca-l10n-brazil/tipi
92060000;Instrumentos musicais de percussão (por exemplo, tambores, caixas, xilofones, pratos, castanholas...;0.00;oca-l10n-brazil/tipi
92071010;Sintetizadores;0.00;oca-l10n-brazil/tipi
92071090;Outros;0.00;oca-l10n-brazil/tipi
92079010;Guitarras e contrabaixos;0.00;oca-l10n-brazil/tipi
92079090;Outros;0.00;oca-l10n-brazil/tipi
92081000;Caixas de música;0.00;oca-l10n-brazil/tipi
92089000;Outros;0.00;oca-l10n-brazil/tipi
92093000;Cordas para instrumentos musicais;0.00;oca-l10n-brazil/tipi
92099100;Partes e acessórios de pianos;0.00;oca-l10n-brazil/tipi
92099200;Partes e acessórios de instrumentos musicais da posição 92.02;0.00;oca-l10n-brazil/tipi
92099400;Partes e acessórios de instrumentos musicais da posição 92.07;0.00;oca-l10n-brazil/tipi
92099900;Outros;0.00;oca-l10n-brazil/tipi
93011000;Peças de artilharia (por exemplo, canhões, obuses e morteiros);0.00;oca-l10n-brazil/tipi
93012000;"Lança-mísseis; lança-chamas; lança-granadas; lança-torpedos e lançadores semelhantes";0.00;oca-l10n-brazil/tipi
93019000;Outras;0.00;oca-l10n-brazil/tipi
93020000;Revólveres e pistolas, exceto os das posições 93.03 ou 93.04.;29.25;oca-l10n-brazil/tipi
93031000;Armas de fogo carregáveis exclusivamente pela boca;29.25;oca-l10n-brazil/tipi
93032000;Outras espingardas e carabinas de caça ou de tiro ao alvo, com pelo menos um cano liso;29.25;oca-l10n-brazil/tipi
93033000;Outras espingardas e carabinas de caça ou de tiro ao alvo;29.25;oca-l10n-brazil/tipi
93039010;Lançadores do tipo utilizado com cartuchos dos itens 9306.21.10, 9306.21.20 ou 9306.21.30;29.25;oca-l10n-brazil/tipi
93039090;Outros;19.50;oca-l10n-brazil/tipi
93040010;Recipientes do tipo aerossol que contenham produtos químicos ou oleorresina de Capsicum, com fins...;29.25;oca-l10n-brazil/tipi
93040090;Outras;29.25;oca-l10n-brazil/tipi
93051000;De revólveres ou pistolas;29.25;oca-l10n-brazil/tipi
93052000;De espingardas ou carabinas da posição 93.03;29.25;oca-l10n-brazil/tipi
93059100;De armas de guerra da posição 93.01;0.00;oca-l10n-brazil/tipi
93059900;Outros;29.25;oca-l10n-brazil/tipi
93062110;Que contenham produtos químicos ou oleorresina de Capsicum, com fins irritantes;13.00;oca-l10n-brazil/tipi
93062120;Outros, que produzem efeitos fumígenos, de iluminação, de som ou de identificação mediante tintas...;13.00;oca-l10n-brazil/tipi
93062130;Outros, com um ou mais projéteis de elastômeros;13.00;oca-l10n-brazil/tipi
93062190;Outros;13.00;oca-l10n-brazil/tipi
93062900;Outros;13.00;oca-l10n-brazil/tipi
93063000;Outros cartuchos e suas partes;10.00;oca-l10n-brazil/tipi
93069010;Granadas que contenham produtos químicos ou oleorresina de Capsicum, com fins irritantes;29.25;oca-l10n-brazil/tipi
93069020;Outras granadas, que produzem efeitos fumígenos, de iluminação, de som ou de identificação median...;29.25;oca-l10n-brazil/tipi
93069090;Outros;29.25;oca-l10n-brazil/tipi
93070000;Sabres, espadas, baionetas, lanças e outras armas brancas, suas partes e bainhas.;29.25;oca-l10n-brazil/tipi
94011010;Ejetáveis;6.50;oca-l10n-brazil/tipi
94011090;Outros;6.50;oca-l10n-brazil/tipi
94012000;Assentos do tipo utilizado em veículos automóveis;2.60;oca-l10n-brazil/tipi
94013100;De madeira;3.25;oca-l10n-brazil/tipi
94013900;Outros;3.25;oca-l10n-brazil/tipi
94014100;De madeira;3.25;oca-l10n-brazil/tipi
94014900;Outros;3.25;oca-l10n-brazil/tipi
94015200;De bambu;3.25;oca-l10n-brazil/tipi
94015300;De rotim;3.25;oca-l10n-brazil/tipi
94015900;Outros;3.25;oca-l10n-brazil/tipi
94016100;Estofados;3.25;oca-l10n-brazil/tipi
94016900;Outros;3.25;oca-l10n-brazil/tipi
94017100;Estofados;3.25;oca-l10n-brazil/tipi
94017900;Outros;3.25;oca-l10n-brazil/tipi
94018000;Outros assentos;3.25;oca-l10n-brazil/tipi
94019100;De madeira;3.25;oca-l10n-brazil/tipi
94019900;Outras;3.25;oca-l10n-brazil/tipi
94021000;Cadeiras odontológicas, cadeiras para salões de cabeleireiro e cadeiras semelhantes, e suas partes;3.25;oca-l10n-brazil/tipi
94029010;Mesas de operação;3.25;oca-l10n-brazil/tipi
94029020;Camas dotadas de mecanismos para usos clínicos;3.25;oca-l10n-brazil/tipi
94029090;Outros;3.25;oca-l10n-brazil/tipi
94031000;Móveis de metal, do tipo utilizado em escritórios;3.25;oca-l10n-brazil/tipi
94032010;Do tipo utilizado em cozinhas;3.25;oca-l10n-brazil/tipi
94032090;Outros;3.25;oca-l10n-brazil/tipi
94033000;Móveis de madeira, do tipo utilizado em escritórios;3.25;oca-l10n-brazil/tipi
94034000;Móveis de madeira, do tipo utilizado em cozinhas;3.25;oca-l10n-brazil/tipi
94035000;Móveis de madeira, do tipo utilizado em quartos de dormir;3.25;oca-l10n-brazil/tipi
94036000;Outros móveis de madeira;3.25;oca-l10n-brazil/tipi
94037000;Móveis de plástico;3.25;oca-l10n-brazil/tipi
94038200;De bambu;3.25;oca-l10n-brazil/tipi
94038300;De rotim;3.25;oca-l10n-brazil/tipi
94038900;Outros;3.25;oca-l10n-brazil/tipi
94039100;De madeira;3.25;oca-l10n-brazil/tipi
94039900;Outras;3.25;oca-l10n-brazil/tipi
94041000;Suportes para camas (somiês);0.00;oca-l10n-brazil/tipi
94042100;De borracha alveolar ou de plástico alveolar, mesmo recobertos;0.00;oca-l10n-brazil/tipi
94042900;De outras matérias;0.00;oca-l10n-brazil/tipi
94043000;Sacos de dormir;0.00;oca-l10n-brazil/tipi
94044000;Colchas, edredões e artigos semelhantes;0.00;oca-l10n-brazil/tipi
94049000;Outros;0.00;oca-l10n-brazil/tipi
94051110;Focos cirúrgicos (luzes sem sombra, do tipo utilizado em medicina, cirurgia ou odontologia);9.75;oca-l10n-brazil/tipi
94051190;Outros;9.75;oca-l10n-brazil/tipi
94051910;Focos cirúrgicos (luzes sem sombra, do tipo utilizado em medicina, cirurgia ou odontologia);9.75;oca-l10n-brazil/tipi
94051990;Outros;15.00;oca-l10n-brazil/tipi
94052100;Concebidos para serem utilizados unicamente com fontes de luz de diodos emissores de luz (LED);9.75;oca-l10n-brazil/tipi
94052900;Outros;9.75;oca-l10n-brazil/tipi
94053100;Concebidas para serem utilizadas unicamente com fontes de luz de diodos emissores de luz (LED);9.75;oca-l10n-brazil/tipi
94053900;Outras;9.75;oca-l10n-brazil/tipi
94054100;Fotovoltaicos, concebidos para serem utilizados unicamente com fontes de luz de diodos emissores...;9.75;oca-l10n-brazil/tipi
94054200;Outros, concebidos para serem utilizados unicamente com fontes de luz de diodos emissores de luz...;9.75;oca-l10n-brazil/tipi
94054900;Outros;0.00;oca-l10n-brazil/tipi
94055000;Luminárias e aparelhos de iluminação, não elétricos;3.25;oca-l10n-brazil/tipi
94056100;Concebidos para serem utilizados unicamente com fontes de luz de diodos emissores de luz (LED);9.75;oca-l10n-brazil/tipi
94056900;Outros;9.75;oca-l10n-brazil/tipi
94059100;De vidro;9.75;oca-l10n-brazil/tipi
94059200;De plástico;9.75;oca-l10n-brazil/tipi
94059900;Outras;9.75;oca-l10n-brazil/tipi
94061010;Estufas;0.00;oca-l10n-brazil/tipi
94061090;Outras;0.00;oca-l10n-brazil/tipi
94062000;Unidades de construção modulares, de aço;0.00;oca-l10n-brazil/tipi
94069010;Estufas;0.00;oca-l10n-brazil/tipi
94069020;Com estrutura de ferro ou aço e paredes exteriores constituídas principalmente dessas matérias;0.00;oca-l10n-brazil/tipi
94069090;Outras;0.00;oca-l10n-brazil/tipi
95030010;"Triciclos, patinetes, carros de pedais e outros brinquedos semelhantes com rodas; carrinhos para...";6.50;oca-l10n-brazil/tipi
95030021;Bonecos, mesmo vestidos, com mecanismo a corda ou elétrico;6.50;oca-l10n-brazil/tipi
95030022;Outros bonecos, mesmo vestidos;6.50;oca-l10n-brazil/tipi
95030029;Partes e acessórios;6.50;oca-l10n-brazil/tipi
95030031;Com enchimento;6.50;oca-l10n-brazil/tipi
95030039;Outros;6.50;oca-l10n-brazil/tipi
95030040;Trens elétricos, incluindo os trilhos, sinais e outros acessórios;6.50;oca-l10n-brazil/tipi
95030050;Modelos reduzidos, mesmo animados, em conjuntos para montagem, exceto os do item 9503.00.40;6.50;oca-l10n-brazil/tipi
95030060;Outros conjuntos e brinquedos, para construção;6.50;oca-l10n-brazil/tipi
95030070;Quebra-cabeças (puzzles);6.50;oca-l10n-brazil/tipi
95030080;Outros brinquedos, apresentados em sortidos ou em panóplias;6.50;oca-l10n-brazil/tipi
95030091;Instrumentos e aparelhos musicais, de brinquedo;6.50;oca-l10n-brazil/tipi
95030097;Outros brinquedos, com motor elétrico;6.50;oca-l10n-brazil/tipi
95030098;Outros brinquedos, com motor não elétrico;6.50;oca-l10n-brazil/tipi
95030099;Outros;6.50;oca-l10n-brazil/tipi
95042000;Bilhares de qualquer espécie e seus acessórios;13.00;oca-l10n-brazil/tipi
95043000;Outros jogos que funcionem por introdução de moedas, notas (papéis-moeda), cartões de banco, fich...;13.00;oca-l10n-brazil/tipi
95044000;Cartas de jogar;10.00;oca-l10n-brazil/tipi
95045000;Consoles e máquinas de jogos de vídeo, exceto os classificados na subposição 9504.30;0.00;oca-l10n-brazil/tipi
95049010;Jogos de balizas (pinos) automáticos (boliche);13.00;oca-l10n-brazil/tipi
95049090;Outros;26.00;oca-l10n-brazil/tipi
95051000;Artigos para festas de Natal;13.00;oca-l10n-brazil/tipi
95059000;Outros;13.00;oca-l10n-brazil/tipi
95061100;Esquis;13.00;oca-l10n-brazil/tipi
95061200;Fixadores para esquis;13.00;oca-l10n-brazil/tipi
95061900;Outros;13.00;oca-l10n-brazil/tipi
95062100;Pranchas à vela;13.00;oca-l10n-brazil/tipi
95062900;Outros;13.00;oca-l10n-brazil/tipi
95063100;Tacos completos;13.00;oca-l10n-brazil/tipi
95063200;Bolas;13.00;oca-l10n-brazil/tipi
95063900;Outros;13.00;oca-l10n-brazil/tipi
95064000;Artigos e equipamentos para tênis de mesa;13.00;oca-l10n-brazil/tipi
95065100;Raquetes de tênis, mesmo não encordoadas;13.00;oca-l10n-brazil/tipi
95065900;Outras;13.00;oca-l10n-brazil/tipi
95066100;Bolas de tênis;13.00;oca-l10n-brazil/tipi
95066200;Infláveis;0.00;oca-l10n-brazil/tipi
95066900;Outras;13.00;oca-l10n-brazil/tipi
95067000;Patins para gelo e patins de rodas, incluindo os fixados em calçado;13.00;oca-l10n-brazil/tipi
95069100;Artigos e equipamentos para cultura física, ginástica ou atletismo;20.00;oca-l10n-brazil/tipi
95069900;Outros;13.00;oca-l10n-brazil/tipi
95071000;Varas (Canas*) de pesca;13.00;oca-l10n-brazil/tipi
95072000;Anzóis, mesmo montados em sedelas;13.00;oca-l10n-brazil/tipi
95073000;Carretilhas e molinetes (Carretes*), de pesca;13.00;oca-l10n-brazil/tipi
95079000;Outros;13.00;oca-l10n-brazil/tipi
95081000;Circos ambulantes e coleções de animais ambulantes;0.00;oca-l10n-brazil/tipi
95082110;Com percurso igual ou superior a 300 m;6.50;oca-l10n-brazil/tipi
95082120;Vagonetes com capacidade igual ou superior a 6 pessoas;6.50;oca-l10n-brazil/tipi
95082190;Outras;6.50;oca-l10n-brazil/tipi
95082210;Carrosséis, mesmo dotados de dispositivo de elevação, de diâmetro inferior a 16 m;6.50;oca-l10n-brazil/tipi
95082290;Outros;6.50;oca-l10n-brazil/tipi
95082300;Carrinhos de choque;6.50;oca-l10n-brazil/tipi
95082400;Simuladores de movimentos e cinemas dinâmicos;6.50;oca-l10n-brazil/tipi
95082500;Percursos aquáticos;6.50;oca-l10n-brazil/tipi
95082600;Equipamentos para parques aquáticos;6.50;oca-l10n-brazil/tipi
95082900;Outros;6.50;oca-l10n-brazil/tipi
95083000;Atrações de parques e feiras;6.50;oca-l10n-brazil/tipi
95084000;Teatros ambulantes;6.50;oca-l10n-brazil/tipi
96011000;Marfim trabalhado e obras de marfim;0.00;oca-l10n-brazil/tipi
96019000;Outros;0.00;oca-l10n-brazil/tipi
96020010;Cápsulas de gelatinas digeríveis;0.00;oca-l10n-brazil/tipi
96020020;Colmeias artificiais;0.00;oca-l10n-brazil/tipi
96020090;Outras;0.00;oca-l10n-brazil/tipi
96031000;Vassouras e escovas constituídas por pequenos ramos ou outras matérias vegetais reunidas em feixe...;0.00;oca-l10n-brazil/tipi
96032100;Escovas de dentes, incluindo as escovas para dentaduras;0.00;oca-l10n-brazil/tipi
96032900;Outros;0.00;oca-l10n-brazil/tipi
96033000;Pincéis e escovas, para artistas, pincéis de escrever e pincéis semelhantes para aplicação de pro...;0.00;oca-l10n-brazil/tipi
96034010;Rolos;0.00;oca-l10n-brazil/tipi
96034090;Outros;0.00;oca-l10n-brazil/tipi
96035000;Outras escovas que constituam partes de máquinas, de aparelhos ou de veículos;0.00;oca-l10n-brazil/tipi
96039000;Outros;0.00;oca-l10n-brazil/tipi
96040000;Peneiras e crivos, manuais.;0.00;oca-l10n-brazil/tipi
96050000;Conjuntos de viagem para toucador de pessoas, para costura ou para limpeza de calçado ou de roupa.;6.50;oca-l10n-brazil/tipi
96061000;Botões de pressão e suas partes;0.00;oca-l10n-brazil/tipi
96062100;De plástico, não recobertos de matérias têxteis;0.00;oca-l10n-brazil/tipi
96062200;De metais comuns, não recobertos de matérias têxteis;0.00;oca-l10n-brazil/tipi
96062900;Outros;0.00;oca-l10n-brazil/tipi
96063000;"Formas e outras partes, de botões; esboços de botões";0.00;oca-l10n-brazil/tipi
96071100;Com grampos de metal comum;0.00;oca-l10n-brazil/tipi
96071900;Outros;0.00;oca-l10n-brazil/tipi
96072000;Partes;0.00;oca-l10n-brazil/tipi
96081000;Canetas esferográficas;20.00;oca-l10n-brazil/tipi
96082000;Canetas e marcadores, com ponta de feltro ou com outras pontas porosas;13.00;oca-l10n-brazil/tipi
96083000;Canetas-tinteiro (Canetas de tinta permanente*) e outras canetas;13.00;oca-l10n-brazil/tipi
96084000;Lapiseiras;13.00;oca-l10n-brazil/tipi
96085000;Sortidos de artigos de, pelo menos, duas das subposições precedentes;13.00;oca-l10n-brazil/tipi
96086000;Cargas com ponta, para canetas esferográficas;13.00;oca-l10n-brazil/tipi
96089100;Penas (aparos) e suas pontas;13.00;oca-l10n-brazil/tipi
96089981;Pontas porosas para os artigos da subposição 9608.20;13.00;oca-l10n-brazil/tipi
96089989;Outras;13.00;oca-l10n-brazil/tipi
96089990;Outros;13.00;oca-l10n-brazil/tipi
96091000;Lápis;0.00;oca-l10n-brazil/tipi
96092000;Minas para lápis ou para lapiseiras;0.00;oca-l10n-brazil/tipi
96099000;Outros;0.00;oca-l10n-brazil/tipi
96100000;Lousas e quadros para escrever ou desenhar, mesmo emoldurados.;0.00;oca-l10n-brazil/tipi
96110000;Carimbos, incluindo os datadores e numeradores, sinetes e artigos semelhantes (incluindo os apare...;0.00;oca-l10n-brazil/tipi
96121000;Fitas impressoras;20.00;oca-l10n-brazil/tipi
96122000;Almofadas de carimbo;13.00;oca-l10n-brazil/tipi
96131000;Isqueiros de bolso, a gás, não recarregáveis;40.00;oca-l10n-brazil/tipi
96132000;Isqueiros de bolso, a gás, recarregáveis;26.00;oca-l10n-brazil/tipi
96138000;Outros isqueiros e acendedores;26.00;oca-l10n-brazil/tipi
96139000;Partes;26.00;oca-l10n-brazil/tipi
96140000;Cachimbos (incluindo os seus fornilhos), piteiras (boquilhas) para charutos ou cigarros, e suas p...;19.50;oca-l10n-brazil/tipi
96151100;De borracha endurecida ou de plástico;9.75;oca-l10n-brazil/tipi
96151900;Outros;9.75;oca-l10n-brazil/tipi
96159000;Outros;9.75;oca-l10n-brazil/tipi
96161000;Vaporizadores de toucador, suas armações e cabeças de armações;13.00;oca-l10n-brazil/tipi
96162000;Borlas ou esponjas para pós ou para aplicação de outros cosméticos ou de produtos de toucador;0.00;oca-l10n-brazil/tipi
96170010;Garrafas térmicas e outros recipientes isotérmicos;9.75;oca-l10n-brazil/tipi
96170020;Partes;15.00;oca-l10n-brazil/tipi
96180000;"Manequins e artigos semelhantes; autômatos e cenas animadas, para vitrines e mostruários.";11.70;oca-l10n-brazil/tipi
96190000;Absorventes (Pensos*) e tampões higiênicos, cueiros, fraldas e artigos higiênicos semelhantes, de...;9.75;oca-l10n-brazil/tipi
96200000;Monopés, bipés, tripés e artigos semelhantes.;9.75;oca-l10n-brazil/tipi
97012100;Quadros, pinturas e desenhos;0.00;oca-l10n-brazil/tipi
97012200;Mosaicos;0.00;oca-l10n-brazil/tipi
97012900;Outros;0.00;oca-l10n-brazil/tipi
97019100;Quadros, pinturas e desenhos;0.00;oca-l10n-brazil/tipi
97019200;Mosaicos;0.00;oca-l10n-brazil/tipi
97019900;Outros;0.00;oca-l10n-brazil/tipi
97021000;Com mais de 100 anos;0.00;oca-l10n-brazil/tipi
97029000;Outras;0.00;oca-l10n-brazil/tipi
97031000;Com mais de 100 anos;0.00;oca-l10n-brazil/tipi
97039000;Outras;0.00;oca-l10n-brazil/tipi
97040000;Selos postais, selos fiscais, marcas postais, envelopes de primeiro dia (first-day covers), intei...;0.00;oca-l10n-brazil/tipi
97051000;Coleções e peças de coleção que apresentem um interesse arqueológico, etnográfico ou histórico;0.00;oca-l10n-brazil/tipi
97052100;Espécimes humanos e suas partes;0.00;oca-l10n-brazil/tipi
97052200;Espécies extintas ou ameaçadas de extinção, e suas partes;0.00;oca-l10n-brazil/tipi
97052900;Outras;0.00;oca-l10n-brazil/tipi
97053100;Com mais de 100 anos;0.00;oca-l10n-brazil/tipi
97053900;Outras;0.00;oca-l10n-brazil/tipi
97061000;Com mais de 250 anos;0.00;oca-l10n-brazil/tipi
97069000;Outras;0.00;oca-l10n-brazil/tipi
